timestamp,query_id,query
2026-01-01T00:00:00.042000Z,q042,black steel saucepan
2026-01-01T00:00:00.125000Z,q002,black cotton shirt
2026-01-01T00:00:00.208000Z,q008,Cirrus wireless headphones
2026-01-01T00:00:00.292000Z,q006,wireless headphones
2026-01-01T00:00:00.375000Z,q005,linen dress
2026-01-01T00:00:00.458000Z,q008,Cirrus wireless headphones
2026-01-01T00:00:00.542000Z,q001,cotton shirt
2026-01-01T00:00:00.625000Z,q009,recycled wireless headphones
2026-01-01T00:00:00.708000Z,q050,travel guide
2026-01-01T00:00:00.792000Z,q001,cotton shirt
2026-01-01T00:00:00.875000Z,q020,shampoo
2026-01-01T00:00:00.958000Z,q002,black cotton shirt
2026-01-01T00:00:01.042000Z,q010,bluetooth speaker
2026-01-01T00:00:01.125000Z,q018,Bloomwell face moisturiser
2026-01-01T00:00:01.208000Z,q001,cotton shirt
2026-01-01T00:00:01.292000Z,q013,Harbour desk lamp
2026-01-01T00:00:01.375000Z,q007,black wireless headphones
2026-01-01T00:00:01.458000Z,q005,linen dress
2026-01-01T00:00:01.542000Z,q001,cotton shirt
2026-01-01T00:00:01.625000Z,q008,Cirrus wireless headphones
2026-01-01T00:00:01.708000Z,q003,Alder cotton shirt
2026-01-01T00:00:01.792000Z,q004,recycled cotton shirt
2026-01-01T00:00:01.875000Z,q003,Alder cotton shirt
2026-01-01T00:00:01.958000Z,q002,black cotton shirt
2026-01-01T00:00:02.042000Z,q008,Cirrus wireless headphones
2026-01-01T00:00:02.125000Z,q001,cotton shirt
2026-01-01T00:00:02.208000Z,q002,black cotton shirt
2026-01-01T00:00:02.292000Z,q008,Cirrus wireless headphones
2026-01-01T00:00:02.375000Z,q002,black cotton shirt
2026-01-01T00:00:02.458000Z,q004,recycled cotton shirt
2026-01-01T00:00:02.542000Z,q041,steel saucepan
2026-01-01T00:00:02.625000Z,q005,linen dress
2026-01-01T00:00:02.708000Z,q024,recycled running shoes
2026-01-01T00:00:02.792000Z,q033,Briar garden gloves
2026-01-01T00:00:02.875000Z,q003,Alder cotton shirt
2026-01-01T00:00:02.958000Z,q018,Bloomwell face moisturiser
2026-01-01T00:00:03.042000Z,q007,black wireless headphones
2026-01-01T00:00:03.125000Z,q010,bluetooth speaker
2026-01-01T00:00:03.208000Z,q008,Cirrus wireless headphones
2026-01-01T00:00:03.292000Z,q011,desk lamp
2026-01-01T00:00:03.375000Z,q038,Acorn wooden puzzle
2026-01-01T00:00:03.458000Z,q042,black steel saucepan
2026-01-01T00:00:03.542000Z,q007,black wireless headphones
2026-01-01T00:00:03.625000Z,q009,recycled wireless headphones
2026-01-01T00:00:03.708000Z,q048,Beacon cookbook
2026-01-01T00:00:03.792000Z,q037,black wooden puzzle
2026-01-01T00:00:03.875000Z,q002,black cotton shirt
2026-01-01T00:00:03.958000Z,q006,wireless headphones
2026-01-01T00:00:04.042000Z,q002,black cotton shirt
2026-01-01T00:00:04.125000Z,q010,bluetooth speaker
2026-01-01T00:00:04.208000Z,q013,Harbour desk lamp
2026-01-01T00:00:04.292000Z,q001,cotton shirt
2026-01-01T00:00:04.375000Z,q009,recycled wireless headphones
2026-01-01T00:00:04.458000Z,q007,black wireless headphones
2026-01-01T00:00:04.542000Z,q008,Cirrus wireless headphones
2026-01-01T00:00:04.625000Z,q045,ceramic mug
2026-01-01T00:00:04.708000Z,q029,recycled yoga mat
2026-01-01T00:00:04.792000Z,q004,recycled cotton shirt
2026-01-01T00:00:04.875000Z,q008,Cirrus wireless headphones
2026-01-01T00:00:04.958000Z,q005,linen dress
2026-01-01T00:00:05.042000Z,q005,linen dress
2026-01-01T00:00:05.125000Z,q008,Cirrus wireless headphones
2026-01-01T00:00:05.208000Z,q010,bluetooth speaker
2026-01-01T00:00:05.292000Z,q026,yoga mat
2026-01-01T00:00:05.375000Z,q003,Alder cotton shirt
2026-01-01T00:00:05.458000Z,q007,black wireless headphones
2026-01-01T00:00:05.542000Z,q009,recycled wireless headphones
2026-01-01T00:00:05.625000Z,q009,recycled wireless headphones
2026-01-01T00:00:05.708000Z,q006,wireless headphones
2026-01-01T00:00:05.792000Z,q004,recycled cotton shirt
2026-01-01T00:00:05.875000Z,q019,recycled face moisturiser
2026-01-01T00:00:05.958000Z,q013,Harbour desk lamp
2026-01-01T00:00:06.042000Z,q003,Alder cotton shirt
2026-01-01T00:00:06.125000Z,q006,wireless headphones
2026-01-01T00:00:06.208000Z,q008,Cirrus wireless headphones
2026-01-01T00:00:06.292000Z,q002,black cotton shirt
2026-01-01T00:00:06.375000Z,q010,bluetooth speaker
2026-01-01T00:00:06.458000Z,q009,recycled wireless headphones
2026-01-01T00:00:06.542000Z,q010,bluetooth speaker
2026-01-01T00:00:06.625000Z,q007,black wireless headphones
2026-01-01T00:00:06.708000Z,q002,black cotton shirt
2026-01-01T00:00:06.792000Z,q010,bluetooth speaker
2026-01-01T00:00:06.875000Z,q004,recycled cotton shirt
2026-01-01T00:00:06.958000Z,q007,black wireless headphones
2026-01-01T00:00:07.042000Z,q007,black wireless headphones
2026-01-01T00:00:07.125000Z,q009,recycled wireless headphones
2026-01-01T00:00:07.208000Z,q002,black cotton shirt
2026-01-01T00:00:07.292000Z,q001,cotton shirt
2026-01-01T00:00:07.375000Z,q001,cotton shirt
2026-01-01T00:00:07.458000Z,q003,Alder cotton shirt
2026-01-01T00:00:07.542000Z,q002,black cotton shirt
2026-01-01T00:00:07.625000Z,q003,Alder cotton shirt
2026-01-01T00:00:07.708000Z,q047,black cookbook
2026-01-01T00:00:07.792000Z,q039,recycled wooden puzzle
2026-01-01T00:00:07.875000Z,q010,bluetooth speaker
2026-01-01T00:00:07.958000Z,q003,Alder cotton shirt
2026-01-01T00:00:08.038000Z,q034,recycled garden gloves
2026-01-01T00:00:08.115000Z,q049,recycled cookbook
2026-01-01T00:00:08.192000Z,q010,bluetooth speaker
2026-01-01T00:00:08.269000Z,q017,black face moisturiser
2026-01-01T00:00:08.346000Z,q008,Cirrus wireless headphones
2026-01-01T00:00:08.423000Z,q007,black wireless headphones
2026-01-01T00:00:08.500000Z,q031,garden gloves
2026-01-01T00:00:08.577000Z,q004,recycled cotton shirt
2026-01-01T00:00:08.654000Z,q009,recycled wireless headphones
2026-01-01T00:00:08.731000Z,q005,linen dress
2026-01-01T00:00:08.808000Z,q001,cotton shirt
2026-01-01T00:00:08.885000Z,q004,recycled cotton shirt
2026-01-01T00:00:08.962000Z,q003,Alder cotton shirt
2026-01-01T00:00:09.038000Z,q008,Cirrus wireless headphones
2026-01-01T00:00:09.115000Z,q002,black cotton shirt
2026-01-01T00:00:09.192000Z,q005,linen dress
2026-01-01T00:00:09.269000Z,q001,cotton shirt
2026-01-01T00:00:09.346000Z,q005,linen dress
2026-01-01T00:00:09.423000Z,q029,recycled yoga mat
2026-01-01T00:00:09.500000Z,q007,black wireless headphones
2026-01-01T00:00:09.577000Z,q001,cotton shirt
2026-01-01T00:00:09.654000Z,q003,Alder cotton shirt
2026-01-01T00:00:09.731000Z,q004,recycled cotton shirt
2026-01-01T00:00:09.808000Z,q009,recycled wireless headphones
2026-01-01T00:00:09.885000Z,q020,shampoo
2026-01-01T00:00:09.962000Z,q010,bluetooth speaker
2026-01-01T00:00:10.062000Z,q004,recycled cotton shirt
2026-01-01T00:00:10.188000Z,q044,recycled steel saucepan
2026-01-01T00:00:10.312000Z,q003,Alder cotton shirt
2026-01-01T00:00:10.438000Z,q015,cotton bedding
2026-01-01T00:00:10.562000Z,q007,black wireless headphones
2026-01-01T00:00:10.688000Z,q006,wireless headphones
2026-01-01T00:00:10.812000Z,q005,linen dress
2026-01-01T00:00:10.938000Z,q010,bluetooth speaker
2026-01-01T00:00:11.062000Z,q006,wireless headphones
2026-01-01T00:00:11.188000Z,q008,Cirrus wireless headphones
2026-01-01T00:00:11.312000Z,q005,linen dress
2026-01-01T00:00:11.438000Z,q006,wireless headphones
2026-01-01T00:00:11.562000Z,q023,Stridely running shoes
2026-01-01T00:00:11.688000Z,q007,black wireless headphones
2026-01-01T00:00:11.812000Z,q004,recycled cotton shirt
2026-01-01T00:00:11.938000Z,q003,Alder cotton shirt
2026-01-01T00:00:12.062000Z,q002,black cotton shirt
2026-01-01T00:00:12.188000Z,q001,cotton shirt
2026-01-01T00:00:12.312000Z,q009,recycled wireless headphones
2026-01-01T00:00:12.438000Z,q028,Altis yoga mat
2026-01-01T00:00:12.562000Z,q004,recycled cotton shirt
2026-01-01T00:00:12.688000Z,q009,recycled wireless headphones
2026-01-01T00:00:12.812000Z,q001,cotton shirt
2026-01-01T00:00:12.938000Z,q035,watering can
2026-01-01T00:00:13.062000Z,q003,Alder cotton shirt
2026-01-01T00:00:13.188000Z,q003,Alder cotton shirt
2026-01-01T00:00:13.312000Z,q005,linen dress
2026-01-01T00:00:13.438000Z,q003,Alder cotton shirt
2026-01-01T00:00:13.562000Z,q009,recycled wireless headphones
2026-01-01T00:00:13.688000Z,q002,black cotton shirt
2026-01-01T00:00:13.812000Z,q039,recycled wooden puzzle
2026-01-01T00:00:13.938000Z,q026,yoga mat
2026-01-01T00:00:14.062000Z,q037,black wooden puzzle
2026-01-01T00:00:14.188000Z,q001,cotton shirt
2026-01-01T00:00:14.312000Z,q003,Alder cotton shirt
2026-01-01T00:00:14.438000Z,q005,linen dress
2026-01-01T00:00:14.562000Z,q010,bluetooth speaker
2026-01-01T00:00:14.688000Z,q008,Cirrus wireless headphones
2026-01-01T00:00:14.812000Z,q002,black cotton shirt
2026-01-01T00:00:14.938000Z,q008,Cirrus wireless headphones
2026-01-01T00:00:15.062000Z,q001,cotton shirt
2026-01-01T00:00:15.188000Z,q007,black wireless headphones
2026-01-01T00:00:15.312000Z,q007,black wireless headphones
2026-01-01T00:00:15.438000Z,q008,Cirrus wireless headphones
2026-01-01T00:00:15.562000Z,q032,black garden gloves
2026-01-01T00:00:15.688000Z,q005,linen dress
2026-01-01T00:00:15.812000Z,q041,steel saucepan
2026-01-01T00:00:15.938000Z,q005,linen dress
2026-01-01T00:00:16.062000Z,q028,Altis yoga mat
2026-01-01T00:00:16.188000Z,q002,black cotton shirt
2026-01-01T00:00:16.312000Z,q006,wireless headphones
2026-01-01T00:00:16.438000Z,q017,black face moisturiser
2026-01-01T00:00:16.562000Z,q035,watering can
2026-01-01T00:00:16.688000Z,q003,Alder cotton shirt
2026-01-01T00:00:16.812000Z,q008,Cirrus wireless headphones
2026-01-01T00:00:16.938000Z,q009,recycled wireless headphones
2026-01-01T00:00:17.062000Z,q002,black cotton shirt
2026-01-01T00:00:17.188000Z,q006,wireless headphones
2026-01-01T00:00:17.312000Z,q030,football
2026-01-01T00:00:17.438000Z,q001,cotton shirt
2026-01-01T00:00:17.562000Z,q013,Harbour desk lamp
2026-01-01T00:00:17.688000Z,q023,Stridely running shoes
2026-01-01T00:00:17.812000Z,q008,Cirrus wireless headphones
2026-01-01T00:00:17.938000Z,q004,recycled cotton shirt
2026-01-01T00:00:18.062000Z,q001,cotton shirt
2026-01-01T00:00:18.188000Z,q008,Cirrus wireless headphones
2026-01-01T00:00:18.312000Z,q009,recycled wireless headphones
2026-01-01T00:00:18.438000Z,q005,linen dress
2026-01-01T00:00:18.562000Z,q026,yoga mat
2026-01-01T00:00:18.688000Z,q007,black wireless headphones
2026-01-01T00:00:18.812000Z,q001,cotton shirt
2026-01-01T00:00:18.938000Z,q004,recycled cotton shirt
2026-01-01T00:00:19.062000Z,q003,Alder cotton shirt
2026-01-01T00:00:19.188000Z,q006,wireless headphones
2026-01-01T00:00:19.312000Z,q004,recycled cotton shirt
2026-01-01T00:00:19.438000Z,q030,football
2026-01-01T00:00:19.562000Z,q001,cotton shirt
2026-01-01T00:00:19.688000Z,q004,recycled cotton shirt
2026-01-01T00:00:19.812000Z,q039,recycled wooden puzzle
2026-01-01T00:00:19.938000Z,q027,black yoga mat
2026-01-01T00:00:20.062000Z,q005,linen dress
2026-01-01T00:00:20.188000Z,q025,walking boots
2026-01-01T00:00:20.312000Z,q004,recycled cotton shirt
2026-01-01T00:00:20.438000Z,q010,bluetooth speaker
2026-01-01T00:00:20.562000Z,q007,black wireless headphones
2026-01-01T00:00:20.688000Z,q010,bluetooth speaker
2026-01-01T00:00:20.812000Z,q007,black wireless headphones
2026-01-01T00:00:20.938000Z,q008,Cirrus wireless headphones
2026-01-01T00:00:21.062000Z,q002,black cotton shirt
2026-01-01T00:00:21.188000Z,q002,black cotton shirt
2026-01-01T00:00:21.312000Z,q040,building blocks
2026-01-01T00:00:21.438000Z,q042,black steel saucepan
2026-01-01T00:00:21.562000Z,q039,recycled wooden puzzle
2026-01-01T00:00:21.688000Z,q038,Acorn wooden puzzle
2026-01-01T00:00:21.812000Z,q002,black cotton shirt
2026-01-01T00:00:21.938000Z,q010,bluetooth speaker
2026-01-01T00:00:22.062000Z,q006,wireless headphones
2026-01-01T00:00:22.188000Z,q005,linen dress
2026-01-01T00:00:22.312000Z,q033,Briar garden gloves
2026-01-01T00:00:22.438000Z,q008,Cirrus wireless headphones
2026-01-01T00:00:22.562000Z,q007,black wireless headphones
2026-01-01T00:00:22.688000Z,q005,linen dress
2026-01-01T00:00:22.812000Z,q028,Altis yoga mat
2026-01-01T00:00:22.938000Z,q049,recycled cookbook
2026-01-01T00:00:23.062000Z,q003,Alder cotton shirt
2026-01-01T00:00:23.188000Z,q009,recycled wireless headphones
2026-01-01T00:00:23.312000Z,q007,black wireless headphones
2026-01-01T00:00:23.438000Z,q007,black wireless headphones
2026-01-01T00:00:23.562000Z,q005,linen dress
2026-01-01T00:00:23.688000Z,q008,Cirrus wireless headphones
2026-01-01T00:00:23.812000Z,q002,black cotton shirt
2026-01-01T00:00:23.938000Z,q006,wireless headphones
2026-01-01T00:00:24.062000Z,q009,recycled wireless headphones
2026-01-01T00:00:24.188000Z,q046,cookbook
2026-01-01T00:00:24.312000Z,q034,recycled garden gloves
2026-01-01T00:00:24.438000Z,q040,building blocks
2026-01-01T00:00:24.562000Z,q008,Cirrus wireless headphones
2026-01-01T00:00:24.688000Z,q001,cotton shirt
2026-01-01T00:00:24.812000Z,q004,recycled cotton shirt
2026-01-01T00:00:24.938000Z,q028,Altis yoga mat
2026-01-01T00:00:25.062000Z,q009,recycled wireless headphones
2026-01-01T00:00:25.188000Z,q008,Cirrus wireless headphones
2026-01-01T00:00:25.312000Z,q007,black wireless headphones
2026-01-01T00:00:25.438000Z,q032,black garden gloves
2026-01-01T00:00:25.562000Z,q003,Alder cotton shirt
2026-01-01T00:00:25.688000Z,q008,Cirrus wireless headphones
2026-01-01T00:00:25.812000Z,q007,black wireless headphones
2026-01-01T00:00:25.938000Z,q009,recycled wireless headphones
2026-01-01T00:00:26.056000Z,q028,Altis yoga mat
2026-01-01T00:00:26.167000Z,q022,black running shoes
2026-01-01T00:00:26.278000Z,q007,black wireless headphones
2026-01-01T00:00:26.389000Z,q004,recycled cotton shirt
2026-01-01T00:00:26.500000Z,q002,black cotton shirt
2026-01-01T00:00:26.611000Z,q028,Altis yoga mat
2026-01-01T00:00:26.722000Z,q002,black cotton shirt
2026-01-01T00:00:26.833000Z,q005,linen dress
2026-01-01T00:00:26.944000Z,q002,black cotton shirt
2026-01-01T00:00:27.056000Z,q034,recycled garden gloves
2026-01-01T00:00:27.167000Z,q038,Acorn wooden puzzle
2026-01-01T00:00:27.278000Z,q006,wireless headphones
2026-01-01T00:00:27.389000Z,q008,Cirrus wireless headphones
2026-01-01T00:00:27.500000Z,q002,black cotton shirt
2026-01-01T00:00:27.611000Z,q049,recycled cookbook
2026-01-01T00:00:27.722000Z,q002,black cotton shirt
2026-01-01T00:00:27.833000Z,q033,Briar garden gloves
2026-01-01T00:00:27.944000Z,q001,cotton shirt
2026-01-01T00:00:28.056000Z,q001,cotton shirt
2026-01-01T00:00:28.167000Z,q010,bluetooth speaker
2026-01-01T00:00:28.278000Z,q009,recycled wireless headphones
2026-01-01T00:00:28.389000Z,q005,linen dress
2026-01-01T00:00:28.500000Z,q015,cotton bedding
2026-01-01T00:00:28.611000Z,q004,recycled cotton shirt
2026-01-01T00:00:28.722000Z,q044,recycled steel saucepan
2026-01-01T00:00:28.833000Z,q005,linen dress
2026-01-01T00:00:28.944000Z,q006,wireless headphones
2026-01-01T00:00:29.056000Z,q001,cotton shirt
2026-01-01T00:00:29.167000Z,q046,cookbook
2026-01-01T00:00:29.278000Z,q004,recycled cotton shirt
2026-01-01T00:00:29.389000Z,q039,recycled wooden puzzle
2026-01-01T00:00:29.500000Z,q040,building blocks
2026-01-01T00:00:29.611000Z,q009,recycled wireless headphones
2026-01-01T00:00:29.722000Z,q006,wireless headphones
2026-01-01T00:00:29.833000Z,q007,black wireless headphones
2026-01-01T00:00:29.944000Z,q010,bluetooth speaker
2026-01-01T00:00:30.056000Z,q006,wireless headphones
2026-01-01T00:00:30.167000Z,q043,Bramble steel saucepan
2026-01-01T00:00:30.278000Z,q002,black cotton shirt
2026-01-01T00:00:30.389000Z,q038,Acorn wooden puzzle
2026-01-01T00:00:30.500000Z,q004,recycled cotton shirt
2026-01-01T00:00:30.611000Z,q003,Alder cotton shirt
2026-01-01T00:00:30.722000Z,q008,Cirrus wireless headphones
2026-01-01T00:00:30.833000Z,q002,black cotton shirt
2026-01-01T00:00:30.944000Z,q032,black garden gloves
2026-01-01T00:00:31.056000Z,q010,bluetooth speaker
2026-01-01T00:00:31.167000Z,q028,Altis yoga mat
2026-01-01T00:00:31.278000Z,q004,recycled cotton shirt
2026-01-01T00:00:31.389000Z,q010,bluetooth speaker
2026-01-01T00:00:31.500000Z,q017,black face moisturiser
2026-01-01T00:00:31.611000Z,q030,football
2026-01-01T00:00:31.722000Z,q006,wireless headphones
2026-01-01T00:00:31.833000Z,q005,linen dress
2026-01-01T00:00:31.944000Z,q033,Briar garden gloves
2026-01-01T00:00:32.056000Z,q009,recycled wireless headphones
2026-01-01T00:00:32.167000Z,q003,Alder cotton shirt
2026-01-01T00:00:32.278000Z,q030,football
2026-01-01T00:00:32.389000Z,q040,building blocks
2026-01-01T00:00:32.500000Z,q003,Alder cotton shirt
2026-01-01T00:00:32.611000Z,q002,black cotton shirt
2026-01-01T00:00:32.722000Z,q026,yoga mat
2026-01-01T00:00:32.833000Z,q008,Cirrus wireless headphones
2026-01-01T00:00:32.944000Z,q010,bluetooth speaker
2026-01-01T00:00:33.056000Z,q005,linen dress
2026-01-01T00:00:33.167000Z,q006,wireless headphones
2026-01-01T00:00:33.278000Z,q004,recycled cotton shirt
2026-01-01T00:00:33.389000Z,q022,black running shoes
2026-01-01T00:00:33.500000Z,q004,recycled cotton shirt
2026-01-01T00:00:33.611000Z,q004,recycled cotton shirt
2026-01-01T00:00:33.722000Z,q016,face moisturiser
2026-01-01T00:00:33.833000Z,q004,recycled cotton shirt
2026-01-01T00:00:33.944000Z,q001,cotton shirt
2026-01-01T00:00:34.056000Z,q003,Alder cotton shirt
2026-01-01T00:00:34.167000Z,q005,linen dress
2026-01-01T00:00:34.278000Z,q008,Cirrus wireless headphones
2026-01-01T00:00:34.389000Z,q005,linen dress
2026-01-01T00:00:34.500000Z,q003,Alder cotton shirt
2026-01-01T00:00:34.611000Z,q001,cotton shirt
2026-01-01T00:00:34.722000Z,q005,linen dress
2026-01-01T00:00:34.833000Z,q007,black wireless headphones
2026-01-01T00:00:34.944000Z,q028,Altis yoga mat
2026-01-01T00:00:35.056000Z,q002,black cotton shirt
2026-01-01T00:00:35.167000Z,q008,Cirrus wireless headphones
2026-01-01T00:00:35.278000Z,q008,Cirrus wireless headphones
2026-01-01T00:00:35.389000Z,q005,linen dress
2026-01-01T00:00:35.500000Z,q004,recycled cotton shirt
2026-01-01T00:00:35.611000Z,q048,Beacon cookbook
2026-01-01T00:00:35.722000Z,q029,recycled yoga mat
2026-01-01T00:00:35.833000Z,q012,black desk lamp
2026-01-01T00:00:35.944000Z,q015,cotton bedding
2026-01-01T00:00:36.056000Z,q004,recycled cotton shirt
2026-01-01T00:00:36.167000Z,q004,recycled cotton shirt
2026-01-01T00:00:36.278000Z,q001,cotton shirt
2026-01-01T00:00:36.389000Z,q031,garden gloves
2026-01-01T00:00:36.500000Z,q009,recycled wireless headphones
2026-01-01T00:00:36.611000Z,q033,Briar garden gloves
2026-01-01T00:00:36.722000Z,q001,cotton shirt
2026-01-01T00:00:36.833000Z,q009,recycled wireless headphones
2026-01-01T00:00:36.944000Z,q010,bluetooth speaker
2026-01-01T00:00:37.056000Z,q002,black cotton shirt
2026-01-01T00:00:37.167000Z,q001,cotton shirt
2026-01-01T00:00:37.278000Z,q010,bluetooth speaker
2026-01-01T00:00:37.389000Z,q004,recycled cotton shirt
2026-01-01T00:00:37.500000Z,q001,cotton shirt
2026-01-01T00:00:37.611000Z,q007,black wireless headphones
2026-01-01T00:00:37.722000Z,q002,black cotton shirt
2026-01-01T00:00:37.833000Z,q010,bluetooth speaker
2026-01-01T00:00:37.944000Z,q002,black cotton shirt
2026-01-01T00:00:38.056000Z,q009,recycled wireless headphones
2026-01-01T00:00:38.167000Z,q002,black cotton shirt
2026-01-01T00:00:38.278000Z,q005,linen dress
2026-01-01T00:00:38.389000Z,q003,Alder cotton shirt
2026-01-01T00:00:38.500000Z,q047,black cookbook
2026-01-01T00:00:38.611000Z,q001,cotton shirt
2026-01-01T00:00:38.722000Z,q005,linen dress
2026-01-01T00:00:38.833000Z,q042,black steel saucepan
2026-01-01T00:00:38.944000Z,q039,recycled wooden puzzle
2026-01-01T00:00:39.056000Z,q009,recycled wireless headphones
2026-01-01T00:00:39.167000Z,q006,wireless headphones
2026-01-01T00:00:39.278000Z,q014,recycled desk lamp
2026-01-01T00:00:39.389000Z,q008,Cirrus wireless headphones
2026-01-01T00:00:39.500000Z,q006,wireless headphones
2026-01-01T00:00:39.611000Z,q004,recycled cotton shirt
2026-01-01T00:00:39.722000Z,q008,Cirrus wireless headphones
2026-01-01T00:00:39.833000Z,q003,Alder cotton shirt
2026-01-01T00:00:39.944000Z,q010,bluetooth speaker
2026-01-01T00:00:40.056000Z,q008,Cirrus wireless headphones
2026-01-01T00:00:40.167000Z,q002,black cotton shirt
2026-01-01T00:00:40.278000Z,q014,recycled desk lamp
2026-01-01T00:00:40.389000Z,q007,black wireless headphones
2026-01-01T00:00:40.500000Z,q050,travel guide
2026-01-01T00:00:40.611000Z,q025,walking boots
2026-01-01T00:00:40.722000Z,q008,Cirrus wireless headphones
2026-01-01T00:00:40.833000Z,q008,Cirrus wireless headphones
2026-01-01T00:00:40.944000Z,q015,cotton bedding
2026-01-01T00:00:41.056000Z,q002,black cotton shirt
2026-01-01T00:00:41.167000Z,q011,desk lamp
2026-01-01T00:00:41.278000Z,q025,walking boots
2026-01-01T00:00:41.389000Z,q034,recycled garden gloves
2026-01-01T00:00:41.500000Z,q002,black cotton shirt
2026-01-01T00:00:41.611000Z,q005,linen dress
2026-01-01T00:00:41.722000Z,q002,black cotton shirt
2026-01-01T00:00:41.833000Z,q006,wireless headphones
2026-01-01T00:00:41.944000Z,q001,cotton shirt
2026-01-01T00:00:42.056000Z,q002,black cotton shirt
2026-01-01T00:00:42.167000Z,q026,yoga mat
2026-01-01T00:00:42.278000Z,q008,Cirrus wireless headphones
2026-01-01T00:00:42.389000Z,q001,cotton shirt
2026-01-01T00:00:42.500000Z,q007,black wireless headphones
2026-01-01T00:00:42.611000Z,q005,linen dress
2026-01-01T00:00:42.722000Z,q010,bluetooth speaker
2026-01-01T00:00:42.833000Z,q008,Cirrus wireless headphones
2026-01-01T00:00:42.944000Z,q010,bluetooth speaker
2026-01-01T00:00:43.056000Z,q007,black wireless headphones
2026-01-01T00:00:43.167000Z,q005,linen dress
2026-01-01T00:00:43.278000Z,q001,cotton shirt
2026-01-01T00:00:43.389000Z,q037,black wooden puzzle
2026-01-01T00:00:43.500000Z,q009,recycled wireless headphones
2026-01-01T00:00:43.611000Z,q045,ceramic mug
2026-01-01T00:00:43.722000Z,q009,recycled wireless headphones
2026-01-01T00:00:43.833000Z,q002,black cotton shirt
2026-01-01T00:00:43.944000Z,q005,linen dress
2026-01-01T00:00:44.056000Z,q045,ceramic mug
2026-01-01T00:00:44.167000Z,q005,linen dress
2026-01-01T00:00:44.278000Z,q008,Cirrus wireless headphones
2026-01-01T00:00:44.389000Z,q005,linen dress
2026-01-01T00:00:44.500000Z,q049,recycled cookbook
2026-01-01T00:00:44.611000Z,q022,black running shoes
2026-01-01T00:00:44.722000Z,q005,linen dress
2026-01-01T00:00:44.833000Z,q005,linen dress
2026-01-01T00:00:44.944000Z,q003,Alder cotton shirt
2026-01-01T00:00:45.056000Z,q040,building blocks
2026-01-01T00:00:45.167000Z,q003,Alder cotton shirt
2026-01-01T00:00:45.278000Z,q007,black wireless headphones
2026-01-01T00:00:45.389000Z,q007,black wireless headphones
2026-01-01T00:00:45.500000Z,q015,cotton bedding
2026-01-01T00:00:45.611000Z,q010,bluetooth speaker
2026-01-01T00:00:45.722000Z,q002,black cotton shirt
2026-01-01T00:00:45.833000Z,q024,recycled running shoes
2026-01-01T00:00:45.944000Z,q002,black cotton shirt
2026-01-01T00:00:46.056000Z,q005,linen dress
2026-01-01T00:00:46.167000Z,q007,black wireless headphones
2026-01-01T00:00:46.278000Z,q002,black cotton shirt
2026-01-01T00:00:46.389000Z,q037,black wooden puzzle
2026-01-01T00:00:46.500000Z,q010,bluetooth speaker
2026-01-01T00:00:46.611000Z,q005,linen dress
2026-01-01T00:00:46.722000Z,q003,Alder cotton shirt
2026-01-01T00:00:46.833000Z,q006,wireless headphones
2026-01-01T00:00:46.944000Z,q006,wireless headphones
2026-01-01T00:00:47.056000Z,q006,wireless headphones
2026-01-01T00:00:47.167000Z,q009,recycled wireless headphones
2026-01-01T00:00:47.278000Z,q010,bluetooth speaker
2026-01-01T00:00:47.389000Z,q001,cotton shirt
2026-01-01T00:00:47.500000Z,q008,Cirrus wireless headphones
2026-01-01T00:00:47.611000Z,q002,black cotton shirt
2026-01-01T00:00:47.722000Z,q007,black wireless headphones
2026-01-01T00:00:47.833000Z,q002,black cotton shirt
2026-01-01T00:00:47.944000Z,q010,bluetooth speaker
2026-01-01T00:00:48.050000Z,q009,recycled wireless headphones
2026-01-01T00:00:48.150000Z,q001,cotton shirt
2026-01-01T00:00:48.250000Z,q010,bluetooth speaker
2026-01-01T00:00:48.350000Z,q003,Alder cotton shirt
2026-01-01T00:00:48.450000Z,q044,recycled steel saucepan
2026-01-01T00:00:48.550000Z,q009,recycled wireless headphones
2026-01-01T00:00:48.650000Z,q002,black cotton shirt
2026-01-01T00:00:48.750000Z,q011,desk lamp
2026-01-01T00:00:48.850000Z,q039,recycled wooden puzzle
2026-01-01T00:00:48.950000Z,q046,cookbook
2026-01-01T00:00:49.050000Z,q005,linen dress
2026-01-01T00:00:49.150000Z,q008,Cirrus wireless headphones
2026-01-01T00:00:49.250000Z,q034,recycled garden gloves
2026-01-01T00:00:49.350000Z,q004,recycled cotton shirt
2026-01-01T00:00:49.450000Z,q009,recycled wireless headphones
2026-01-01T00:00:49.550000Z,q006,wireless headphones
2026-01-01T00:00:49.650000Z,q035,watering can
2026-01-01T00:00:49.750000Z,q009,recycled wireless headphones
2026-01-01T00:00:49.850000Z,q031,garden gloves
2026-01-01T00:00:49.950000Z,q037,black wooden puzzle
2026-01-01T00:00:50.050000Z,q006,wireless headphones
2026-01-01T00:00:50.150000Z,q004,recycled cotton shirt
2026-01-01T00:00:50.250000Z,q008,Cirrus wireless headphones
2026-01-01T00:00:50.350000Z,q006,wireless headphones
2026-01-01T00:00:50.450000Z,q024,recycled running shoes
2026-01-01T00:00:50.550000Z,q008,Cirrus wireless headphones
2026-01-01T00:00:50.650000Z,q001,cotton shirt
2026-01-01T00:00:50.750000Z,q009,recycled wireless headphones
2026-01-01T00:00:50.850000Z,q001,cotton shirt
2026-01-01T00:00:50.950000Z,q005,linen dress
2026-01-01T00:00:51.050000Z,q009,recycled wireless headphones
2026-01-01T00:00:51.150000Z,q027,black yoga mat
2026-01-01T00:00:51.250000Z,q020,shampoo
2026-01-01T00:00:51.350000Z,q003,Alder cotton shirt
2026-01-01T00:00:51.450000Z,q003,Alder cotton shirt
2026-01-01T00:00:51.550000Z,q007,black wireless headphones
2026-01-01T00:00:51.650000Z,q021,running shoes
2026-01-01T00:00:51.750000Z,q010,bluetooth speaker
2026-01-01T00:00:51.850000Z,q009,recycled wireless headphones
2026-01-01T00:00:51.950000Z,q020,shampoo
2026-01-01T00:00:52.050000Z,q034,recycled garden gloves
2026-01-01T00:00:52.150000Z,q004,recycled cotton shirt
2026-01-01T00:00:52.250000Z,q004,recycled cotton shirt
2026-01-01T00:00:52.350000Z,q003,Alder cotton shirt
2026-01-01T00:00:52.450000Z,q003,Alder cotton shirt
2026-01-01T00:00:52.550000Z,q005,linen dress
2026-01-01T00:00:52.650000Z,q004,recycled cotton shirt
2026-01-01T00:00:52.750000Z,q001,cotton shirt
2026-01-01T00:00:52.850000Z,q048,Beacon cookbook
2026-01-01T00:00:52.950000Z,q037,black wooden puzzle
2026-01-01T00:00:53.050000Z,q010,bluetooth speaker
2026-01-01T00:00:53.150000Z,q039,recycled wooden puzzle
2026-01-01T00:00:53.250000Z,q007,black wireless headphones
2026-01-01T00:00:53.350000Z,q017,black face moisturiser
2026-01-01T00:00:53.450000Z,q006,wireless headphones
2026-01-01T00:00:53.550000Z,q002,black cotton shirt
2026-01-01T00:00:53.650000Z,q002,black cotton shirt
2026-01-01T00:00:53.750000Z,q001,cotton shirt
2026-01-01T00:00:53.850000Z,q044,recycled steel saucepan
2026-01-01T00:00:53.950000Z,q002,black cotton shirt
2026-01-01T00:00:54.050000Z,q001,cotton shirt
2026-01-01T00:00:54.150000Z,q009,recycled wireless headphones
2026-01-01T00:00:54.250000Z,q008,Cirrus wireless headphones
2026-01-01T00:00:54.350000Z,q001,cotton shirt
2026-01-01T00:00:54.450000Z,q022,black running shoes
2026-01-01T00:00:54.550000Z,q002,black cotton shirt
2026-01-01T00:00:54.650000Z,q005,linen dress
2026-01-01T00:00:54.750000Z,q010,bluetooth speaker
2026-01-01T00:00:54.850000Z,q002,black cotton shirt
2026-01-01T00:00:54.950000Z,q010,bluetooth speaker
2026-01-01T00:00:55.050000Z,q007,black wireless headphones
2026-01-01T00:00:55.150000Z,q011,desk lamp
2026-01-01T00:00:55.250000Z,q006,wireless headphones
2026-01-01T00:00:55.350000Z,q003,Alder cotton shirt
2026-01-01T00:00:55.450000Z,q010,bluetooth speaker
2026-01-01T00:00:55.550000Z,q002,black cotton shirt
2026-01-01T00:00:55.650000Z,q027,black yoga mat
2026-01-01T00:00:55.750000Z,q002,black cotton shirt
2026-01-01T00:00:55.850000Z,q004,recycled cotton shirt
2026-01-01T00:00:55.950000Z,q009,recycled wireless headphones
2026-01-01T00:00:56.050000Z,q005,linen dress
2026-01-01T00:00:56.150000Z,q005,linen dress
2026-01-01T00:00:56.250000Z,q007,black wireless headphones
2026-01-01T00:00:56.350000Z,q034,recycled garden gloves
2026-01-01T00:00:56.450000Z,q003,Alder cotton shirt
2026-01-01T00:00:56.550000Z,q003,Alder cotton shirt
2026-01-01T00:00:56.650000Z,q010,bluetooth speaker
2026-01-01T00:00:56.750000Z,q026,yoga mat
2026-01-01T00:00:56.850000Z,q023,Stridely running shoes
2026-01-01T00:00:56.950000Z,q047,black cookbook
2026-01-01T00:00:57.050000Z,q007,black wireless headphones
2026-01-01T00:00:57.150000Z,q045,ceramic mug
2026-01-01T00:00:57.250000Z,q033,Briar garden gloves
2026-01-01T00:00:57.350000Z,q015,cotton bedding
2026-01-01T00:00:57.450000Z,q002,black cotton shirt
2026-01-01T00:00:57.550000Z,q008,Cirrus wireless headphones
2026-01-01T00:00:57.650000Z,q003,Alder cotton shirt
2026-01-01T00:00:57.750000Z,q005,linen dress
2026-01-01T00:00:57.850000Z,q002,black cotton shirt
2026-01-01T00:00:57.950000Z,q040,building blocks
2026-01-01T00:00:58.050000Z,q002,black cotton shirt
2026-01-01T00:00:58.150000Z,q006,wireless headphones
2026-01-01T00:00:58.250000Z,q009,recycled wireless headphones
2026-01-01T00:00:58.350000Z,q008,Cirrus wireless headphones
2026-01-01T00:00:58.450000Z,q003,Alder cotton shirt
2026-01-01T00:00:58.550000Z,q036,wooden puzzle
2026-01-01T00:00:58.650000Z,q020,shampoo
2026-01-01T00:00:58.750000Z,q006,wireless headphones
2026-01-01T00:00:58.850000Z,q006,wireless headphones
2026-01-01T00:00:58.950000Z,q006,wireless headphones
2026-01-01T00:00:59.050000Z,q026,yoga mat
2026-01-01T00:00:59.150000Z,q002,black cotton shirt
2026-01-01T00:00:59.250000Z,q008,Cirrus wireless headphones
2026-01-01T00:00:59.350000Z,q004,recycled cotton shirt
2026-01-01T00:00:59.450000Z,q047,black cookbook
2026-01-01T00:00:59.550000Z,q001,cotton shirt
2026-01-01T00:00:59.650000Z,q001,cotton shirt
2026-01-01T00:00:59.750000Z,q005,linen dress
2026-01-01T00:00:59.850000Z,q014,recycled desk lamp
2026-01-01T00:00:59.950000Z,q007,black wireless headphones
2026-01-01T00:01:00.050000Z,q029,recycled yoga mat
2026-01-01T00:01:00.150000Z,q002,black cotton shirt
2026-01-01T00:01:00.250000Z,q001,cotton shirt
2026-01-01T00:01:00.350000Z,q020,shampoo
2026-01-01T00:01:00.450000Z,q005,linen dress
2026-01-01T00:01:00.550000Z,q013,Harbour desk lamp
2026-01-01T00:01:00.650000Z,q007,black wireless headphones
2026-01-01T00:01:00.750000Z,q007,black wireless headphones
2026-01-01T00:01:00.850000Z,q022,black running shoes
2026-01-01T00:01:00.950000Z,q050,travel guide
2026-01-01T00:01:01.050000Z,q010,bluetooth speaker
2026-01-01T00:01:01.150000Z,q027,black yoga mat
2026-01-01T00:01:01.250000Z,q008,Cirrus wireless headphones
2026-01-01T00:01:01.350000Z,q005,linen dress
2026-01-01T00:01:01.450000Z,q001,cotton shirt
2026-01-01T00:01:01.550000Z,q028,Altis yoga mat
2026-01-01T00:01:01.650000Z,q003,Alder cotton shirt
2026-01-01T00:01:01.750000Z,q006,wireless headphones
2026-01-01T00:01:01.850000Z,q007,black wireless headphones
2026-01-01T00:01:01.950000Z,q006,wireless headphones
2026-01-01T00:01:02.050000Z,q008,Cirrus wireless headphones
2026-01-01T00:01:02.150000Z,q034,recycled garden gloves
2026-01-01T00:01:02.250000Z,q001,cotton shirt
2026-01-01T00:01:02.350000Z,q006,wireless headphones
2026-01-01T00:01:02.450000Z,q008,Cirrus wireless headphones
2026-01-01T00:01:02.550000Z,q007,black wireless headphones
2026-01-01T00:01:02.650000Z,q006,wireless headphones
2026-01-01T00:01:02.750000Z,q010,bluetooth speaker
2026-01-01T00:01:02.850000Z,q010,bluetooth speaker
2026-01-01T00:01:02.950000Z,q002,black cotton shirt
2026-01-01T00:01:03.050000Z,q010,bluetooth speaker
2026-01-01T00:01:03.150000Z,q007,black wireless headphones
2026-01-01T00:01:03.250000Z,q001,cotton shirt
2026-01-01T00:01:03.350000Z,q005,linen dress
2026-01-01T00:01:03.450000Z,q011,desk lamp
2026-01-01T00:01:03.550000Z,q003,Alder cotton shirt
2026-01-01T00:01:03.650000Z,q007,black wireless headphones
2026-01-01T00:01:03.750000Z,q001,cotton shirt
2026-01-01T00:01:03.850000Z,q002,black cotton shirt
2026-01-01T00:01:03.950000Z,q010,bluetooth speaker
2026-01-01T00:01:04.050000Z,q050,travel guide
2026-01-01T00:01:04.150000Z,q008,Cirrus wireless headphones
2026-01-01T00:01:04.250000Z,q004,recycled cotton shirt
2026-01-01T00:01:04.350000Z,q049,recycled cookbook
2026-01-01T00:01:04.450000Z,q007,black wireless headphones
2026-01-01T00:01:04.550000Z,q036,wooden puzzle
2026-01-01T00:01:04.650000Z,q017,black face moisturiser
2026-01-01T00:01:04.750000Z,q002,black cotton shirt
2026-01-01T00:01:04.850000Z,q021,running shoes
2026-01-01T00:01:04.950000Z,q050,travel guide
2026-01-01T00:01:05.050000Z,q005,linen dress
2026-01-01T00:01:05.150000Z,q010,bluetooth speaker
2026-01-01T00:01:05.250000Z,q007,black wireless headphones
2026-01-01T00:01:05.350000Z,q004,recycled cotton shirt
2026-01-01T00:01:05.450000Z,q001,cotton shirt
2026-01-01T00:01:05.550000Z,q023,Stridely running shoes
2026-01-01T00:01:05.650000Z,q043,Bramble steel saucepan
2026-01-01T00:01:05.750000Z,q047,black cookbook
2026-01-01T00:01:05.850000Z,q009,recycled wireless headphones
2026-01-01T00:01:05.950000Z,q037,black wooden puzzle
2026-01-01T00:01:06.050000Z,q008,Cirrus wireless headphones
2026-01-01T00:01:06.150000Z,q038,Acorn wooden puzzle
2026-01-01T00:01:06.250000Z,q007,black wireless headphones
2026-01-01T00:01:06.350000Z,q009,recycled wireless headphones
2026-01-01T00:01:06.450000Z,q037,black wooden puzzle
2026-01-01T00:01:06.550000Z,q028,Altis yoga mat
2026-01-01T00:01:06.650000Z,q003,Alder cotton shirt
2026-01-01T00:01:06.750000Z,q007,black wireless headphones
2026-01-01T00:01:06.850000Z,q010,bluetooth speaker
2026-01-01T00:01:06.950000Z,q001,cotton shirt
2026-01-01T00:01:07.050000Z,q044,recycled steel saucepan
2026-01-01T00:01:07.150000Z,q004,recycled cotton shirt
2026-01-01T00:01:07.250000Z,q009,recycled wireless headphones
2026-01-01T00:01:07.350000Z,q001,cotton shirt
2026-01-01T00:01:07.450000Z,q034,recycled garden gloves
2026-01-01T00:01:07.550000Z,q008,Cirrus wireless headphones
2026-01-01T00:01:07.650000Z,q024,recycled running shoes
2026-01-01T00:01:07.750000Z,q029,recycled yoga mat
2026-01-01T00:01:07.850000Z,q010,bluetooth speaker
2026-01-01T00:01:07.950000Z,q001,cotton shirt
2026-01-01T00:01:08.050000Z,q009,recycled wireless headphones
2026-01-01T00:01:08.150000Z,q004,recycled cotton shirt
2026-01-01T00:01:08.250000Z,q037,black wooden puzzle
2026-01-01T00:01:08.350000Z,q005,linen dress
2026-01-01T00:01:08.450000Z,q010,bluetooth speaker
2026-01-01T00:01:08.550000Z,q010,bluetooth speaker
2026-01-01T00:01:08.650000Z,q005,linen dress
2026-01-01T00:01:08.750000Z,q032,black garden gloves
2026-01-01T00:01:08.850000Z,q045,ceramic mug
2026-01-01T00:01:08.950000Z,q003,Alder cotton shirt
2026-01-01T00:01:09.050000Z,q004,recycled cotton shirt
2026-01-01T00:01:09.150000Z,q009,recycled wireless headphones
2026-01-01T00:01:09.250000Z,q022,black running shoes
2026-01-01T00:01:09.350000Z,q006,wireless headphones
2026-01-01T00:01:09.450000Z,q005,linen dress
2026-01-01T00:01:09.550000Z,q006,wireless headphones
2026-01-01T00:01:09.650000Z,q004,recycled cotton shirt
2026-01-01T00:01:09.750000Z,q008,Cirrus wireless headphones
2026-01-01T00:01:09.850000Z,q028,Altis yoga mat
2026-01-01T00:01:09.950000Z,q042,black steel saucepan
2026-01-01T00:01:10.050000Z,q009,recycled wireless headphones
2026-01-01T00:01:10.150000Z,q008,Cirrus wireless headphones
2026-01-01T00:01:10.250000Z,q050,travel guide
2026-01-01T00:01:10.350000Z,q001,cotton shirt
2026-01-01T00:01:10.450000Z,q001,cotton shirt
2026-01-01T00:01:10.550000Z,q003,Alder cotton shirt
2026-01-01T00:01:10.650000Z,q038,Acorn wooden puzzle
2026-01-01T00:01:10.750000Z,q004,recycled cotton shirt
2026-01-01T00:01:10.850000Z,q001,cotton shirt
2026-01-01T00:01:10.950000Z,q043,Bramble steel saucepan
2026-01-01T00:01:11.050000Z,q005,linen dress
2026-01-01T00:01:11.150000Z,q040,building blocks
2026-01-01T00:01:11.250000Z,q035,watering can
2026-01-01T00:01:11.350000Z,q039,recycled wooden puzzle
2026-01-01T00:01:11.450000Z,q003,Alder cotton shirt
2026-01-01T00:01:11.550000Z,q001,cotton shirt
2026-01-01T00:01:11.650000Z,q038,Acorn wooden puzzle
2026-01-01T00:01:11.750000Z,q008,Cirrus wireless headphones
2026-01-01T00:01:11.850000Z,q001,cotton shirt
2026-01-01T00:01:11.950000Z,q002,black cotton shirt
2026-01-01T00:01:12.050000Z,q035,watering can
2026-01-01T00:01:12.150000Z,q028,Altis yoga mat
2026-01-01T00:01:12.250000Z,q004,recycled cotton shirt
2026-01-01T00:01:12.350000Z,q003,Alder cotton shirt
2026-01-01T00:01:12.450000Z,q043,Bramble steel saucepan
2026-01-01T00:01:12.550000Z,q035,watering can
2026-01-01T00:01:12.650000Z,q006,wireless headphones
2026-01-01T00:01:12.750000Z,q002,black cotton shirt
2026-01-01T00:01:12.850000Z,q016,face moisturiser
2026-01-01T00:01:12.950000Z,q007,black wireless headphones
2026-01-01T00:01:13.050000Z,q048,Beacon cookbook
2026-01-01T00:01:13.150000Z,q020,shampoo
2026-01-01T00:01:13.250000Z,q005,linen dress
2026-01-01T00:01:13.350000Z,q011,desk lamp
2026-01-01T00:01:13.450000Z,q002,black cotton shirt
2026-01-01T00:01:13.550000Z,q029,recycled yoga mat
2026-01-01T00:01:13.650000Z,q035,watering can
2026-01-01T00:01:13.750000Z,q033,Briar garden gloves
2026-01-01T00:01:13.850000Z,q005,linen dress
2026-01-01T00:01:13.950000Z,q004,recycled cotton shirt
2026-01-01T00:01:14.050000Z,q048,Beacon cookbook
2026-01-01T00:01:14.150000Z,q005,linen dress
2026-01-01T00:01:14.250000Z,q026,yoga mat
2026-01-01T00:01:14.350000Z,q004,recycled cotton shirt
2026-01-01T00:01:14.450000Z,q040,building blocks
2026-01-01T00:01:14.550000Z,q029,recycled yoga mat
2026-01-01T00:01:14.650000Z,q001,cotton shirt
2026-01-01T00:01:14.750000Z,q006,wireless headphones
2026-01-01T00:01:14.850000Z,q047,black cookbook
2026-01-01T00:01:14.950000Z,q008,Cirrus wireless headphones
2026-01-01T00:01:15.050000Z,q014,recycled desk lamp
2026-01-01T00:01:15.150000Z,q007,black wireless headphones
2026-01-01T00:01:15.250000Z,q008,Cirrus wireless headphones
2026-01-01T00:01:15.350000Z,q008,Cirrus wireless headphones
2026-01-01T00:01:15.450000Z,q008,Cirrus wireless headphones
2026-01-01T00:01:15.550000Z,q003,Alder cotton shirt
2026-01-01T00:01:15.650000Z,q004,recycled cotton shirt
2026-01-01T00:01:15.750000Z,q009,recycled wireless headphones
2026-01-01T00:01:15.850000Z,q010,bluetooth speaker
2026-01-01T00:01:15.950000Z,q041,steel saucepan
2026-01-01T00:01:16.050000Z,q008,Cirrus wireless headphones
2026-01-01T00:01:16.150000Z,q007,black wireless headphones
2026-01-01T00:01:16.250000Z,q006,wireless headphones
2026-01-01T00:01:16.350000Z,q009,recycled wireless headphones
2026-01-01T00:01:16.450000Z,q002,black cotton shirt
2026-01-01T00:01:16.550000Z,q003,Alder cotton shirt
2026-01-01T00:01:16.650000Z,q003,Alder cotton shirt
2026-01-01T00:01:16.750000Z,q001,cotton shirt
2026-01-01T00:01:16.850000Z,q039,recycled wooden puzzle
2026-01-01T00:01:16.950000Z,q003,Alder cotton shirt
2026-01-01T00:01:17.050000Z,q011,desk lamp
2026-01-01T00:01:17.150000Z,q045,ceramic mug
2026-01-01T00:01:17.250000Z,q006,wireless headphones
2026-01-01T00:01:17.350000Z,q007,black wireless headphones
2026-01-01T00:01:17.450000Z,q003,Alder cotton shirt
2026-01-01T00:01:17.550000Z,q022,black running shoes
2026-01-01T00:01:17.650000Z,q010,bluetooth speaker
2026-01-01T00:01:17.750000Z,q003,Alder cotton shirt
2026-01-01T00:01:17.850000Z,q027,black yoga mat
2026-01-01T00:01:17.950000Z,q003,Alder cotton shirt
2026-01-01T00:01:18.050000Z,q003,Alder cotton shirt
2026-01-01T00:01:18.150000Z,q027,black yoga mat
2026-01-01T00:01:18.250000Z,q002,black cotton shirt
2026-01-01T00:01:18.350000Z,q006,wireless headphones
2026-01-01T00:01:18.450000Z,q002,black cotton shirt
2026-01-01T00:01:18.550000Z,q002,black cotton shirt
2026-01-01T00:01:18.650000Z,q047,black cookbook
2026-01-01T00:01:18.750000Z,q010,bluetooth speaker
2026-01-01T00:01:18.850000Z,q006,wireless headphones
2026-01-01T00:01:18.950000Z,q042,black steel saucepan
2026-01-01T00:01:19.050000Z,q010,bluetooth speaker
2026-01-01T00:01:19.150000Z,q003,Alder cotton shirt
2026-01-01T00:01:19.250000Z,q002,black cotton shirt
2026-01-01T00:01:19.350000Z,q002,black cotton shirt
2026-01-01T00:01:19.450000Z,q010,bluetooth speaker
2026-01-01T00:01:19.550000Z,q006,wireless headphones
2026-01-01T00:01:19.650000Z,q002,black cotton shirt
2026-01-01T00:01:19.750000Z,q041,steel saucepan
2026-01-01T00:01:19.850000Z,q020,shampoo
2026-01-01T00:01:19.950000Z,q003,Alder cotton shirt
2026-01-01T00:01:20.050000Z,q022,black running shoes
2026-01-01T00:01:20.150000Z,q004,recycled cotton shirt
2026-01-01T00:01:20.250000Z,q003,Alder cotton shirt
2026-01-01T00:01:20.350000Z,q009,recycled wireless headphones
2026-01-01T00:01:20.450000Z,q018,Bloomwell face moisturiser
2026-01-01T00:01:20.550000Z,q037,black wooden puzzle
2026-01-01T00:01:20.650000Z,q005,linen dress
2026-01-01T00:01:20.750000Z,q002,black cotton shirt
2026-01-01T00:01:20.850000Z,q008,Cirrus wireless headphones
2026-01-01T00:01:20.950000Z,q005,linen dress
2026-01-01T00:01:21.050000Z,q007,black wireless headphones
2026-01-01T00:01:21.150000Z,q006,wireless headphones
2026-01-01T00:01:21.250000Z,q008,Cirrus wireless headphones
2026-01-01T00:01:21.350000Z,q005,linen dress
2026-01-01T00:01:21.450000Z,q007,black wireless headphones
2026-01-01T00:01:21.550000Z,q001,cotton shirt
2026-01-01T00:01:21.650000Z,q010,bluetooth speaker
2026-01-01T00:01:21.750000Z,q020,shampoo
2026-01-01T00:01:21.850000Z,q040,building blocks
2026-01-01T00:01:21.950000Z,q014,recycled desk lamp
2026-01-01T00:01:22.050000Z,q029,recycled yoga mat
2026-01-01T00:01:22.150000Z,q009,recycled wireless headphones
2026-01-01T00:01:22.250000Z,q035,watering can
2026-01-01T00:01:22.350000Z,q009,recycled wireless headphones
2026-01-01T00:01:22.450000Z,q003,Alder cotton shirt
2026-01-01T00:01:22.550000Z,q002,black cotton shirt
2026-01-01T00:01:22.650000Z,q004,recycled cotton shirt
2026-01-01T00:01:22.750000Z,q010,bluetooth speaker
2026-01-01T00:01:22.850000Z,q006,wireless headphones
2026-01-01T00:01:22.950000Z,q003,Alder cotton shirt
2026-01-01T00:01:23.050000Z,q010,bluetooth speaker
2026-01-01T00:01:23.150000Z,q003,Alder cotton shirt
2026-01-01T00:01:23.250000Z,q010,bluetooth speaker
2026-01-01T00:01:23.350000Z,q005,linen dress
2026-01-01T00:01:23.450000Z,q010,bluetooth speaker
2026-01-01T00:01:23.550000Z,q010,bluetooth speaker
2026-01-01T00:01:23.650000Z,q010,bluetooth speaker
2026-01-01T00:01:23.750000Z,q021,running shoes
2026-01-01T00:01:23.850000Z,q007,black wireless headphones
2026-01-01T00:01:23.950000Z,q006,wireless headphones
2026-01-01T00:01:24.050000Z,q005,linen dress
2026-01-01T00:01:24.150000Z,q009,recycled wireless headphones
2026-01-01T00:01:24.250000Z,q050,travel guide
2026-01-01T00:01:24.350000Z,q038,Acorn wooden puzzle
2026-01-01T00:01:24.450000Z,q038,Acorn wooden puzzle
2026-01-01T00:01:24.550000Z,q010,bluetooth speaker
2026-01-01T00:01:24.650000Z,q009,recycled wireless headphones
2026-01-01T00:01:24.750000Z,q006,wireless headphones
2026-01-01T00:01:24.850000Z,q002,black cotton shirt
2026-01-01T00:01:24.950000Z,q036,wooden puzzle
2026-01-01T00:01:25.050000Z,q005,linen dress
2026-01-01T00:01:25.150000Z,q040,building blocks
2026-01-01T00:01:25.250000Z,q050,travel guide
2026-01-01T00:01:25.350000Z,q011,desk lamp
2026-01-01T00:01:25.450000Z,q006,wireless headphones
2026-01-01T00:01:25.550000Z,q026,yoga mat
2026-01-01T00:01:25.650000Z,q037,black wooden puzzle
2026-01-01T00:01:25.750000Z,q038,Acorn wooden puzzle
2026-01-01T00:01:25.850000Z,q005,linen dress
2026-01-01T00:01:25.950000Z,q001,cotton shirt
2026-01-01T00:01:26.050000Z,q003,Alder cotton shirt
2026-01-01T00:01:26.150000Z,q009,recycled wireless headphones
2026-01-01T00:01:26.250000Z,q003,Alder cotton shirt
2026-01-01T00:01:26.350000Z,q003,Alder cotton shirt
2026-01-01T00:01:26.450000Z,q009,recycled wireless headphones
2026-01-01T00:01:26.550000Z,q010,bluetooth speaker
2026-01-01T00:01:26.650000Z,q006,wireless headphones
2026-01-01T00:01:26.750000Z,q008,Cirrus wireless headphones
2026-01-01T00:01:26.850000Z,q010,bluetooth speaker
2026-01-01T00:01:26.950000Z,q022,black running shoes
2026-01-01T00:01:27.050000Z,q001,cotton shirt
2026-01-01T00:01:27.150000Z,q033,Briar garden gloves
2026-01-01T00:01:27.250000Z,q005,linen dress
2026-01-01T00:01:27.350000Z,q006,wireless headphones
2026-01-01T00:01:27.450000Z,q007,black wireless headphones
2026-01-01T00:01:27.550000Z,q004,recycled cotton shirt
2026-01-01T00:01:27.650000Z,q014,recycled desk lamp
2026-01-01T00:01:27.750000Z,q009,recycled wireless headphones
2026-01-01T00:01:27.850000Z,q009,recycled wireless headphones
2026-01-01T00:01:27.950000Z,q006,wireless headphones
2026-01-01T00:01:28.050000Z,q024,recycled running shoes
2026-01-01T00:01:28.150000Z,q004,recycled cotton shirt
2026-01-01T00:01:28.250000Z,q010,bluetooth speaker
2026-01-01T00:01:28.350000Z,q006,wireless headphones
2026-01-01T00:01:28.450000Z,q001,cotton shirt
2026-01-01T00:01:28.550000Z,q020,shampoo
2026-01-01T00:01:28.650000Z,q003,Alder cotton shirt
2026-01-01T00:01:28.750000Z,q002,black cotton shirt
2026-01-01T00:01:28.850000Z,q009,recycled wireless headphones
2026-01-01T00:01:28.950000Z,q014,recycled desk lamp
2026-01-01T00:01:29.050000Z,q005,linen dress
2026-01-01T00:01:29.150000Z,q010,bluetooth speaker
2026-01-01T00:01:29.250000Z,q007,black wireless headphones
2026-01-01T00:01:29.350000Z,q002,black cotton shirt
2026-01-01T00:01:29.450000Z,q002,black cotton shirt
2026-01-01T00:01:29.550000Z,q005,linen dress
2026-01-01T00:01:29.650000Z,q027,black yoga mat
2026-01-01T00:01:29.750000Z,q007,black wireless headphones
2026-01-01T00:01:29.850000Z,q047,black cookbook
2026-01-01T00:01:29.950000Z,q022,black running shoes
2026-01-01T00:01:30.050000Z,q010,bluetooth speaker
2026-01-01T00:01:30.150000Z,q004,recycled cotton shirt
2026-01-01T00:01:30.250000Z,q050,travel guide
2026-01-01T00:01:30.350000Z,q021,running shoes
2026-01-01T00:01:30.450000Z,q046,cookbook
2026-01-01T00:01:30.550000Z,q001,cotton shirt
2026-01-01T00:01:30.650000Z,q019,recycled face moisturiser
2026-01-01T00:01:30.750000Z,q043,Bramble steel saucepan
2026-01-01T00:01:30.850000Z,q009,recycled wireless headphones
2026-01-01T00:01:30.950000Z,q001,cotton shirt
2026-01-01T00:01:31.050000Z,q008,Cirrus wireless headphones
2026-01-01T00:01:31.150000Z,q007,black wireless headphones
2026-01-01T00:01:31.250000Z,q049,recycled cookbook
2026-01-01T00:01:31.350000Z,q009,recycled wireless headphones
2026-01-01T00:01:31.450000Z,q003,Alder cotton shirt
2026-01-01T00:01:31.550000Z,q047,black cookbook
2026-01-01T00:01:31.650000Z,q010,bluetooth speaker
2026-01-01T00:01:31.750000Z,q004,recycled cotton shirt
2026-01-01T00:01:31.850000Z,q001,cotton shirt
2026-01-01T00:01:31.950000Z,q042,black steel saucepan
2026-01-01T00:01:32.050000Z,q017,black face moisturiser
2026-01-01T00:01:32.150000Z,q049,recycled cookbook
2026-01-01T00:01:32.250000Z,q005,linen dress
2026-01-01T00:01:32.350000Z,q010,bluetooth speaker
2026-01-01T00:01:32.450000Z,q005,linen dress
2026-01-01T00:01:32.550000Z,q021,running shoes
2026-01-01T00:01:32.650000Z,q004,recycled cotton shirt
2026-01-01T00:01:32.750000Z,q008,Cirrus wireless headphones
2026-01-01T00:01:32.850000Z,q042,black steel saucepan
2026-01-01T00:01:32.950000Z,q037,black wooden puzzle
2026-01-01T00:01:33.050000Z,q010,bluetooth speaker
2026-01-01T00:01:33.150000Z,q024,recycled running shoes
2026-01-01T00:01:33.250000Z,q017,black face moisturiser
2026-01-01T00:01:33.350000Z,q001,cotton shirt
2026-01-01T00:01:33.450000Z,q004,recycled cotton shirt
2026-01-01T00:01:33.550000Z,q003,Alder cotton shirt
2026-01-01T00:01:33.650000Z,q021,running shoes
2026-01-01T00:01:33.750000Z,q002,black cotton shirt
2026-01-01T00:01:33.850000Z,q001,cotton shirt
2026-01-01T00:01:33.950000Z,q019,recycled face moisturiser
2026-01-01T00:01:34.050000Z,q045,ceramic mug
2026-01-01T00:01:34.150000Z,q009,recycled wireless headphones
2026-01-01T00:01:34.250000Z,q034,recycled garden gloves
2026-01-01T00:01:34.350000Z,q008,Cirrus wireless headphones
2026-01-01T00:01:34.450000Z,q006,wireless headphones
2026-01-01T00:01:34.550000Z,q048,Beacon cookbook
2026-01-01T00:01:34.650000Z,q007,black wireless headphones
2026-01-01T00:01:34.750000Z,q006,wireless headphones
2026-01-01T00:01:34.850000Z,q004,recycled cotton shirt
2026-01-01T00:01:34.950000Z,q009,recycled wireless headphones
2026-01-01T00:01:35.050000Z,q004,recycled cotton shirt
2026-01-01T00:01:35.150000Z,q008,Cirrus wireless headphones
2026-01-01T00:01:35.250000Z,q003,Alder cotton shirt
2026-01-01T00:01:35.350000Z,q006,wireless headphones
2026-01-01T00:01:35.450000Z,q016,face moisturiser
2026-01-01T00:01:35.550000Z,q003,Alder cotton shirt
2026-01-01T00:01:35.650000Z,q009,recycled wireless headphones
2026-01-01T00:01:35.750000Z,q005,linen dress
2026-01-01T00:01:35.850000Z,q002,black cotton shirt
2026-01-01T00:01:35.950000Z,q001,cotton shirt
2026-01-01T00:01:36.050000Z,q010,bluetooth speaker
2026-01-01T00:01:36.150000Z,q002,black cotton shirt
2026-01-01T00:01:36.250000Z,q007,black wireless headphones
2026-01-01T00:01:36.350000Z,q019,recycled face moisturiser
2026-01-01T00:01:36.450000Z,q037,black wooden puzzle
2026-01-01T00:01:36.550000Z,q004,recycled cotton shirt
2026-01-01T00:01:36.650000Z,q010,bluetooth speaker
2026-01-01T00:01:36.750000Z,q005,linen dress
2026-01-01T00:01:36.850000Z,q015,cotton bedding
2026-01-01T00:01:36.950000Z,q005,linen dress
2026-01-01T00:01:37.050000Z,q009,recycled wireless headphones
2026-01-01T00:01:37.150000Z,q008,Cirrus wireless headphones
2026-01-01T00:01:37.250000Z,q017,black face moisturiser
2026-01-01T00:01:37.350000Z,q005,linen dress
2026-01-01T00:01:37.450000Z,q042,black steel saucepan
2026-01-01T00:01:37.550000Z,q004,recycled cotton shirt
2026-01-01T00:01:37.650000Z,q001,cotton shirt
2026-01-01T00:01:37.750000Z,q008,Cirrus wireless headphones
2026-01-01T00:01:37.850000Z,q035,watering can
2026-01-01T00:01:37.950000Z,q008,Cirrus wireless headphones
2026-01-01T00:01:38.050000Z,q007,black wireless headphones
2026-01-01T00:01:38.150000Z,q011,desk lamp
2026-01-01T00:01:38.250000Z,q010,bluetooth speaker
2026-01-01T00:01:38.350000Z,q022,black running shoes
2026-01-01T00:01:38.450000Z,q026,yoga mat
2026-01-01T00:01:38.550000Z,q018,Bloomwell face moisturiser
2026-01-01T00:01:38.650000Z,q005,linen dress
2026-01-01T00:01:38.750000Z,q002,black cotton shirt
2026-01-01T00:01:38.850000Z,q003,Alder cotton shirt
2026-01-01T00:01:38.950000Z,q042,black steel saucepan
2026-01-01T00:01:39.050000Z,q002,black cotton shirt
2026-01-01T00:01:39.150000Z,q033,Briar garden gloves
2026-01-01T00:01:39.250000Z,q005,linen dress
2026-01-01T00:01:39.350000Z,q010,bluetooth speaker
2026-01-01T00:01:39.450000Z,q006,wireless headphones
2026-01-01T00:01:39.550000Z,q006,wireless headphones
2026-01-01T00:01:39.650000Z,q008,Cirrus wireless headphones
2026-01-01T00:01:39.750000Z,q002,black cotton shirt
2026-01-01T00:01:39.850000Z,q006,wireless headphones
2026-01-01T00:01:39.950000Z,q003,Alder cotton shirt
2026-01-01T00:01:40.050000Z,q003,Alder cotton shirt
2026-01-01T00:01:40.150000Z,q007,black wireless headphones
2026-01-01T00:01:40.250000Z,q015,cotton bedding
2026-01-01T00:01:40.350000Z,q017,black face moisturiser
2026-01-01T00:01:40.450000Z,q002,black cotton shirt
2026-01-01T00:01:40.550000Z,q005,linen dress
2026-01-01T00:01:40.650000Z,q004,recycled cotton shirt
2026-01-01T00:01:40.750000Z,q008,Cirrus wireless headphones
2026-01-01T00:01:40.850000Z,q026,yoga mat
2026-01-01T00:01:40.950000Z,q011,desk lamp
2026-01-01T00:01:41.050000Z,q002,black cotton shirt
2026-01-01T00:01:41.150000Z,q019,recycled face moisturiser
2026-01-01T00:01:41.250000Z,q003,Alder cotton shirt
2026-01-01T00:01:41.350000Z,q005,linen dress
2026-01-01T00:01:41.450000Z,q003,Alder cotton shirt
2026-01-01T00:01:41.550000Z,q003,Alder cotton shirt
2026-01-01T00:01:41.650000Z,q003,Alder cotton shirt
2026-01-01T00:01:41.750000Z,q032,black garden gloves
2026-01-01T00:01:41.850000Z,q017,black face moisturiser
2026-01-01T00:01:41.950000Z,q003,Alder cotton shirt
2026-01-01T00:01:42.050000Z,q045,ceramic mug
2026-01-01T00:01:42.150000Z,q024,recycled running shoes
2026-01-01T00:01:42.250000Z,q027,black yoga mat
2026-01-01T00:01:42.350000Z,q021,running shoes
2026-01-01T00:01:42.450000Z,q007,black wireless headphones
2026-01-01T00:01:42.550000Z,q005,linen dress
2026-01-01T00:01:42.650000Z,q047,black cookbook
2026-01-01T00:01:42.750000Z,q021,running shoes
2026-01-01T00:01:42.850000Z,q002,black cotton shirt
2026-01-01T00:01:42.950000Z,q033,Briar garden gloves
2026-01-01T00:01:43.056000Z,q009,recycled wireless headphones
2026-01-01T00:01:43.167000Z,q003,Alder cotton shirt
2026-01-01T00:01:43.278000Z,q008,Cirrus wireless headphones
2026-01-01T00:01:43.389000Z,q003,Alder cotton shirt
2026-01-01T00:01:43.500000Z,q009,recycled wireless headphones
2026-01-01T00:01:43.611000Z,q002,black cotton shirt
2026-01-01T00:01:43.722000Z,q003,Alder cotton shirt
2026-01-01T00:01:43.833000Z,q012,black desk lamp
2026-01-01T00:01:43.944000Z,q045,ceramic mug
2026-01-01T00:01:44.056000Z,q004,recycled cotton shirt
2026-01-01T00:01:44.167000Z,q002,black cotton shirt
2026-01-01T00:01:44.278000Z,q009,recycled wireless headphones
2026-01-01T00:01:44.389000Z,q003,Alder cotton shirt
2026-01-01T00:01:44.500000Z,q001,cotton shirt
2026-01-01T00:01:44.611000Z,q041,steel saucepan
2026-01-01T00:01:44.722000Z,q002,black cotton shirt
2026-01-01T00:01:44.833000Z,q010,bluetooth speaker
2026-01-01T00:01:44.944000Z,q005,linen dress
2026-01-01T00:01:45.056000Z,q003,Alder cotton shirt
2026-01-01T00:01:45.167000Z,q038,Acorn wooden puzzle
2026-01-01T00:01:45.278000Z,q039,recycled wooden puzzle
2026-01-01T00:01:45.389000Z,q005,linen dress
2026-01-01T00:01:45.500000Z,q006,wireless headphones
2026-01-01T00:01:45.611000Z,q037,black wooden puzzle
2026-01-01T00:01:45.722000Z,q017,black face moisturiser
2026-01-01T00:01:45.833000Z,q006,wireless headphones
2026-01-01T00:01:45.944000Z,q022,black running shoes
2026-01-01T00:01:46.056000Z,q002,black cotton shirt
2026-01-01T00:01:46.167000Z,q002,black cotton shirt
2026-01-01T00:01:46.278000Z,q006,wireless headphones
2026-01-01T00:01:46.389000Z,q039,recycled wooden puzzle
2026-01-01T00:01:46.500000Z,q002,black cotton shirt
2026-01-01T00:01:46.611000Z,q028,Altis yoga mat
2026-01-01T00:01:46.722000Z,q008,Cirrus wireless headphones
2026-01-01T00:01:46.833000Z,q007,black wireless headphones
2026-01-01T00:01:46.944000Z,q004,recycled cotton shirt
2026-01-01T00:01:47.056000Z,q045,ceramic mug
2026-01-01T00:01:47.167000Z,q015,cotton bedding
2026-01-01T00:01:47.278000Z,q001,cotton shirt
2026-01-01T00:01:47.389000Z,q039,recycled wooden puzzle
2026-01-01T00:01:47.500000Z,q002,black cotton shirt
2026-01-01T00:01:47.611000Z,q003,Alder cotton shirt
2026-01-01T00:01:47.722000Z,q037,black wooden puzzle
2026-01-01T00:01:47.833000Z,q003,Alder cotton shirt
2026-01-01T00:01:47.944000Z,q003,Alder cotton shirt
2026-01-01T00:01:48.056000Z,q007,black wireless headphones
2026-01-01T00:01:48.167000Z,q005,linen dress
2026-01-01T00:01:48.278000Z,q001,cotton shirt
2026-01-01T00:01:48.389000Z,q008,Cirrus wireless headphones
2026-01-01T00:01:48.500000Z,q001,cotton shirt
2026-01-01T00:01:48.611000Z,q049,recycled cookbook
2026-01-01T00:01:48.722000Z,q006,wireless headphones
2026-01-01T00:01:48.833000Z,q008,Cirrus wireless headphones
2026-01-01T00:01:48.944000Z,q001,cotton shirt
2026-01-01T00:01:49.056000Z,q006,wireless headphones
2026-01-01T00:01:49.167000Z,q001,cotton shirt
2026-01-01T00:01:49.278000Z,q049,recycled cookbook
2026-01-01T00:01:49.389000Z,q041,steel saucepan
2026-01-01T00:01:49.500000Z,q009,recycled wireless headphones
2026-01-01T00:01:49.611000Z,q007,black wireless headphones
2026-01-01T00:01:49.722000Z,q050,travel guide
2026-01-01T00:01:49.833000Z,q034,recycled garden gloves
2026-01-01T00:01:49.944000Z,q004,recycled cotton shirt
2026-01-01T00:01:50.056000Z,q001,cotton shirt
2026-01-01T00:01:50.167000Z,q006,wireless headphones
2026-01-01T00:01:50.278000Z,q004,recycled cotton shirt
2026-01-01T00:01:50.389000Z,q003,Alder cotton shirt
2026-01-01T00:01:50.500000Z,q003,Alder cotton shirt
2026-01-01T00:01:50.611000Z,q008,Cirrus wireless headphones
2026-01-01T00:01:50.722000Z,q008,Cirrus wireless headphones
2026-01-01T00:01:50.833000Z,q003,Alder cotton shirt
2026-01-01T00:01:50.944000Z,q008,Cirrus wireless headphones
2026-01-01T00:01:51.056000Z,q010,bluetooth speaker
2026-01-01T00:01:51.167000Z,q049,recycled cookbook
2026-01-01T00:01:51.278000Z,q001,cotton shirt
2026-01-01T00:01:51.389000Z,q008,Cirrus wireless headphones
2026-01-01T00:01:51.500000Z,q003,Alder cotton shirt
2026-01-01T00:01:51.611000Z,q026,yoga mat
2026-01-01T00:01:51.722000Z,q020,shampoo
2026-01-01T00:01:51.833000Z,q001,cotton shirt
2026-01-01T00:01:51.944000Z,q002,black cotton shirt
2026-01-01T00:01:52.056000Z,q008,Cirrus wireless headphones
2026-01-01T00:01:52.167000Z,q046,cookbook
2026-01-01T00:01:52.278000Z,q026,yoga mat
2026-01-01T00:01:52.389000Z,q006,wireless headphones
2026-01-01T00:01:52.500000Z,q043,Bramble steel saucepan
2026-01-01T00:01:52.611000Z,q010,bluetooth speaker
2026-01-01T00:01:52.722000Z,q010,bluetooth speaker
2026-01-01T00:01:52.833000Z,q004,recycled cotton shirt
2026-01-01T00:01:52.944000Z,q007,black wireless headphones
2026-01-01T00:01:53.056000Z,q003,Alder cotton shirt
2026-01-01T00:01:53.167000Z,q004,recycled cotton shirt
2026-01-01T00:01:53.278000Z,q010,bluetooth speaker
2026-01-01T00:01:53.389000Z,q009,recycled wireless headphones
2026-01-01T00:01:53.500000Z,q005,linen dress
2026-01-01T00:01:53.611000Z,q005,linen dress
2026-01-01T00:01:53.722000Z,q006,wireless headphones
2026-01-01T00:01:53.833000Z,q009,recycled wireless headphones
2026-01-01T00:01:53.944000Z,q010,bluetooth speaker
2026-01-01T00:01:54.056000Z,q007,black wireless headphones
2026-01-01T00:01:54.167000Z,q043,Bramble steel saucepan
2026-01-01T00:01:54.278000Z,q005,linen dress
2026-01-01T00:01:54.389000Z,q002,black cotton shirt
2026-01-01T00:01:54.500000Z,q008,Cirrus wireless headphones
2026-01-01T00:01:54.611000Z,q005,linen dress
2026-01-01T00:01:54.722000Z,q024,recycled running shoes
2026-01-01T00:01:54.833000Z,q007,black wireless headphones
2026-01-01T00:01:54.944000Z,q001,cotton shirt
2026-01-01T00:01:55.056000Z,q049,recycled cookbook
2026-01-01T00:01:55.167000Z,q020,shampoo
2026-01-01T00:01:55.278000Z,q014,recycled desk lamp
2026-01-01T00:01:55.389000Z,q008,Cirrus wireless headphones
2026-01-01T00:01:55.500000Z,q002,black cotton shirt
2026-01-01T00:01:55.611000Z,q002,black cotton shirt
2026-01-01T00:01:55.722000Z,q006,wireless headphones
2026-01-01T00:01:55.833000Z,q028,Altis yoga mat
2026-01-01T00:01:55.944000Z,q007,black wireless headphones
2026-01-01T00:01:56.056000Z,q006,wireless headphones
2026-01-01T00:01:56.167000Z,q004,recycled cotton shirt
2026-01-01T00:01:56.278000Z,q004,recycled cotton shirt
2026-01-01T00:01:56.389000Z,q004,recycled cotton shirt
2026-01-01T00:01:56.500000Z,q049,recycled cookbook
2026-01-01T00:01:56.611000Z,q008,Cirrus wireless headphones
2026-01-01T00:01:56.722000Z,q009,recycled wireless headphones
2026-01-01T00:01:56.833000Z,q001,cotton shirt
2026-01-01T00:01:56.944000Z,q006,wireless headphones
2026-01-01T00:01:57.056000Z,q018,Bloomwell face moisturiser
2026-01-01T00:01:57.167000Z,q003,Alder cotton shirt
2026-01-01T00:01:57.278000Z,q023,Stridely running shoes
2026-01-01T00:01:57.389000Z,q006,wireless headphones
2026-01-01T00:01:57.500000Z,q005,linen dress
2026-01-01T00:01:57.611000Z,q041,steel saucepan
2026-01-01T00:01:57.722000Z,q005,linen dress
2026-01-01T00:01:57.833000Z,q008,Cirrus wireless headphones
2026-01-01T00:01:57.944000Z,q032,black garden gloves
2026-01-01T00:01:58.056000Z,q003,Alder cotton shirt
2026-01-01T00:01:58.167000Z,q010,bluetooth speaker
2026-01-01T00:01:58.278000Z,q012,black desk lamp
2026-01-01T00:01:58.389000Z,q005,linen dress
2026-01-01T00:01:58.500000Z,q007,black wireless headphones
2026-01-01T00:01:58.611000Z,q049,recycled cookbook
2026-01-01T00:01:58.722000Z,q008,Cirrus wireless headphones
2026-01-01T00:01:58.833000Z,q001,cotton shirt
2026-01-01T00:01:58.944000Z,q001,cotton shirt
2026-01-01T00:01:59.056000Z,q010,bluetooth speaker
2026-01-01T00:01:59.167000Z,q002,black cotton shirt
2026-01-01T00:01:59.278000Z,q003,Alder cotton shirt
2026-01-01T00:01:59.389000Z,q016,face moisturiser
2026-01-01T00:01:59.500000Z,q040,building blocks
2026-01-01T00:01:59.611000Z,q002,black cotton shirt
2026-01-01T00:01:59.722000Z,q005,linen dress
2026-01-01T00:01:59.833000Z,q042,black steel saucepan
2026-01-01T00:01:59.944000Z,q009,recycled wireless headphones
2026-01-01T00:02:00.056000Z,q005,linen dress
2026-01-01T00:02:00.167000Z,q044,recycled steel saucepan
2026-01-01T00:02:00.278000Z,q005,linen dress
2026-01-01T00:02:00.389000Z,q004,recycled cotton shirt
2026-01-01T00:02:00.500000Z,q003,Alder cotton shirt
2026-01-01T00:02:00.611000Z,q024,recycled running shoes
2026-01-01T00:02:00.722000Z,q009,recycled wireless headphones
2026-01-01T00:02:00.833000Z,q004,recycled cotton shirt
2026-01-01T00:02:00.944000Z,q007,black wireless headphones
2026-01-01T00:02:01.056000Z,q009,recycled wireless headphones
2026-01-01T00:02:01.167000Z,q005,linen dress
2026-01-01T00:02:01.278000Z,q008,Cirrus wireless headphones
2026-01-01T00:02:01.389000Z,q001,cotton shirt
2026-01-01T00:02:01.500000Z,q009,recycled wireless headphones
2026-01-01T00:02:01.611000Z,q004,recycled cotton shirt
2026-01-01T00:02:01.722000Z,q018,Bloomwell face moisturiser
2026-01-01T00:02:01.833000Z,q001,cotton shirt
2026-01-01T00:02:01.944000Z,q045,ceramic mug
2026-01-01T00:02:02.056000Z,q007,black wireless headphones
2026-01-01T00:02:02.167000Z,q003,Alder cotton shirt
2026-01-01T00:02:02.278000Z,q009,recycled wireless headphones
2026-01-01T00:02:02.389000Z,q012,black desk lamp
2026-01-01T00:02:02.500000Z,q041,steel saucepan
2026-01-01T00:02:02.611000Z,q008,Cirrus wireless headphones
2026-01-01T00:02:02.722000Z,q003,Alder cotton shirt
2026-01-01T00:02:02.833000Z,q005,linen dress
2026-01-01T00:02:02.944000Z,q049,recycled cookbook
2026-01-01T00:02:03.056000Z,q004,recycled cotton shirt
2026-01-01T00:02:03.167000Z,q003,Alder cotton shirt
2026-01-01T00:02:03.278000Z,q018,Bloomwell face moisturiser
2026-01-01T00:02:03.389000Z,q016,face moisturiser
2026-01-01T00:02:03.500000Z,q034,recycled garden gloves
2026-01-01T00:02:03.611000Z,q009,recycled wireless headphones
2026-01-01T00:02:03.722000Z,q015,cotton bedding
2026-01-01T00:02:03.833000Z,q014,recycled desk lamp
2026-01-01T00:02:03.944000Z,q050,travel guide
2026-01-01T00:02:04.056000Z,q004,recycled cotton shirt
2026-01-01T00:02:04.167000Z,q026,yoga mat
2026-01-01T00:02:04.278000Z,q008,Cirrus wireless headphones
2026-01-01T00:02:04.389000Z,q004,recycled cotton shirt
2026-01-01T00:02:04.500000Z,q009,recycled wireless headphones
2026-01-01T00:02:04.611000Z,q038,Acorn wooden puzzle
2026-01-01T00:02:04.722000Z,q006,wireless headphones
2026-01-01T00:02:04.833000Z,q048,Beacon cookbook
2026-01-01T00:02:04.944000Z,q048,Beacon cookbook
2026-01-01T00:02:05.062000Z,q011,desk lamp
2026-01-01T00:02:05.188000Z,q041,steel saucepan
2026-01-01T00:02:05.312000Z,q005,linen dress
2026-01-01T00:02:05.438000Z,q007,black wireless headphones
2026-01-01T00:02:05.562000Z,q007,black wireless headphones
2026-01-01T00:02:05.688000Z,q002,black cotton shirt
2026-01-01T00:02:05.812000Z,q040,building blocks
2026-01-01T00:02:05.938000Z,q040,building blocks
2026-01-01T00:02:06.062000Z,q037,black wooden puzzle
2026-01-01T00:02:06.188000Z,q002,black cotton shirt
2026-01-01T00:02:06.312000Z,q036,wooden puzzle
2026-01-01T00:02:06.438000Z,q004,recycled cotton shirt
2026-01-01T00:02:06.562000Z,q014,recycled desk lamp
2026-01-01T00:02:06.688000Z,q004,recycled cotton shirt
2026-01-01T00:02:06.812000Z,q029,recycled yoga mat
2026-01-01T00:02:06.938000Z,q031,garden gloves
2026-01-01T00:02:07.062000Z,q001,cotton shirt
2026-01-01T00:02:07.188000Z,q012,black desk lamp
2026-01-01T00:02:07.312000Z,q040,building blocks
2026-01-01T00:02:07.438000Z,q017,black face moisturiser
2026-01-01T00:02:07.562000Z,q007,black wireless headphones
2026-01-01T00:02:07.688000Z,q027,black yoga mat
2026-01-01T00:02:07.812000Z,q007,black wireless headphones
2026-01-01T00:02:07.938000Z,q002,black cotton shirt
2026-01-01T00:02:08.062000Z,q026,yoga mat
2026-01-01T00:02:08.188000Z,q024,recycled running shoes
2026-01-01T00:02:08.312000Z,q009,recycled wireless headphones
2026-01-01T00:02:08.438000Z,q003,Alder cotton shirt
2026-01-01T00:02:08.562000Z,q012,black desk lamp
2026-01-01T00:02:08.688000Z,q023,Stridely running shoes
2026-01-01T00:02:08.812000Z,q007,black wireless headphones
2026-01-01T00:02:08.938000Z,q006,wireless headphones
2026-01-01T00:02:09.062000Z,q003,Alder cotton shirt
2026-01-01T00:02:09.188000Z,q047,black cookbook
2026-01-01T00:02:09.312000Z,q004,recycled cotton shirt
2026-01-01T00:02:09.438000Z,q016,face moisturiser
2026-01-01T00:02:09.562000Z,q003,Alder cotton shirt
2026-01-01T00:02:09.688000Z,q017,black face moisturiser
2026-01-01T00:02:09.812000Z,q007,black wireless headphones
2026-01-01T00:02:09.938000Z,q044,recycled steel saucepan
2026-01-01T00:02:10.062000Z,q008,Cirrus wireless headphones
2026-01-01T00:02:10.188000Z,q002,black cotton shirt
2026-01-01T00:02:10.312000Z,q024,recycled running shoes
2026-01-01T00:02:10.438000Z,q007,black wireless headphones
2026-01-01T00:02:10.562000Z,q007,black wireless headphones
2026-01-01T00:02:10.688000Z,q003,Alder cotton shirt
2026-01-01T00:02:10.812000Z,q047,black cookbook
2026-01-01T00:02:10.938000Z,q013,Harbour desk lamp
2026-01-01T00:02:11.062000Z,q002,black cotton shirt
2026-01-01T00:02:11.188000Z,q009,recycled wireless headphones
2026-01-01T00:02:11.312000Z,q044,recycled steel saucepan
2026-01-01T00:02:11.438000Z,q003,Alder cotton shirt
2026-01-01T00:02:11.562000Z,q042,black steel saucepan
2026-01-01T00:02:11.688000Z,q022,black running shoes
2026-01-01T00:02:11.812000Z,q004,recycled cotton shirt
2026-01-01T00:02:11.938000Z,q008,Cirrus wireless headphones
2026-01-01T00:02:12.062000Z,q008,Cirrus wireless headphones
2026-01-01T00:02:12.188000Z,q004,recycled cotton shirt
2026-01-01T00:02:12.312000Z,q009,recycled wireless headphones
2026-01-01T00:02:12.438000Z,q007,black wireless headphones
2026-01-01T00:02:12.562000Z,q003,Alder cotton shirt
2026-01-01T00:02:12.688000Z,q005,linen dress
2026-01-01T00:02:12.812000Z,q004,recycled cotton shirt
2026-01-01T00:02:12.938000Z,q001,cotton shirt
2026-01-01T00:02:13.062000Z,q007,black wireless headphones
2026-01-01T00:02:13.188000Z,q009,recycled wireless headphones
2026-01-01T00:02:13.312000Z,q004,recycled cotton shirt
2026-01-01T00:02:13.438000Z,q047,black cookbook
2026-01-01T00:02:13.562000Z,q008,Cirrus wireless headphones
2026-01-01T00:02:13.688000Z,q010,bluetooth speaker
2026-01-01T00:02:13.812000Z,q001,cotton shirt
2026-01-01T00:02:13.938000Z,q039,recycled wooden puzzle
2026-01-01T00:02:14.062000Z,q006,wireless headphones
2026-01-01T00:02:14.188000Z,q004,recycled cotton shirt
2026-01-01T00:02:14.312000Z,q008,Cirrus wireless headphones
2026-01-01T00:02:14.438000Z,q001,cotton shirt
2026-01-01T00:02:14.562000Z,q003,Alder cotton shirt
2026-01-01T00:02:14.688000Z,q004,recycled cotton shirt
2026-01-01T00:02:14.812000Z,q003,Alder cotton shirt
2026-01-01T00:02:14.938000Z,q003,Alder cotton shirt
2026-01-01T00:02:15.062000Z,q005,linen dress
2026-01-01T00:02:15.188000Z,q006,wireless headphones
2026-01-01T00:02:15.312000Z,q048,Beacon cookbook
2026-01-01T00:02:15.438000Z,q046,cookbook
2026-01-01T00:02:15.562000Z,q010,bluetooth speaker
2026-01-01T00:02:15.688000Z,q001,cotton shirt
2026-01-01T00:02:15.812000Z,q049,recycled cookbook
2026-01-01T00:02:15.938000Z,q001,cotton shirt
2026-01-01T00:02:16.062000Z,q004,recycled cotton shirt
2026-01-01T00:02:16.188000Z,q010,bluetooth speaker
2026-01-01T00:02:16.312000Z,q008,Cirrus wireless headphones
2026-01-01T00:02:16.438000Z,q022,black running shoes
2026-01-01T00:02:16.562000Z,q028,Altis yoga mat
2026-01-01T00:02:16.688000Z,q003,Alder cotton shirt
2026-01-01T00:02:16.812000Z,q002,black cotton shirt
2026-01-01T00:02:16.938000Z,q049,recycled cookbook
2026-01-01T00:02:17.062000Z,q003,Alder cotton shirt
2026-01-01T00:02:17.188000Z,q042,black steel saucepan
2026-01-01T00:02:17.312000Z,q008,Cirrus wireless headphones
2026-01-01T00:02:17.438000Z,q008,Cirrus wireless headphones
2026-01-01T00:02:17.562000Z,q006,wireless headphones
2026-01-01T00:02:17.688000Z,q030,football
2026-01-01T00:02:17.812000Z,q002,black cotton shirt
2026-01-01T00:02:17.938000Z,q035,watering can
2026-01-01T00:02:18.062000Z,q009,recycled wireless headphones
2026-01-01T00:02:18.188000Z,q023,Stridely running shoes
2026-01-01T00:02:18.312000Z,q002,black cotton shirt
2026-01-01T00:02:18.438000Z,q004,recycled cotton shirt
2026-01-01T00:02:18.562000Z,q010,bluetooth speaker
2026-01-01T00:02:18.688000Z,q003,Alder cotton shirt
2026-01-01T00:02:18.812000Z,q006,wireless headphones
2026-01-01T00:02:18.938000Z,q033,Briar garden gloves
2026-01-01T00:02:19.062000Z,q008,Cirrus wireless headphones
2026-01-01T00:02:19.188000Z,q003,Alder cotton shirt
2026-01-01T00:02:19.312000Z,q042,black steel saucepan
2026-01-01T00:02:19.438000Z,q002,black cotton shirt
2026-01-01T00:02:19.562000Z,q027,black yoga mat
2026-01-01T00:02:19.688000Z,q007,black wireless headphones
2026-01-01T00:02:19.812000Z,q002,black cotton shirt
2026-01-01T00:02:19.938000Z,q006,wireless headphones
2026-01-01T00:02:20.062000Z,q002,black cotton shirt
2026-01-01T00:02:20.188000Z,q003,Alder cotton shirt
2026-01-01T00:02:20.312000Z,q002,black cotton shirt
2026-01-01T00:02:20.438000Z,q003,Alder cotton shirt
2026-01-01T00:02:20.562000Z,q006,wireless headphones
2026-01-01T00:02:20.688000Z,q008,Cirrus wireless headphones
2026-01-01T00:02:20.812000Z,q001,cotton shirt
2026-01-01T00:02:20.938000Z,q019,recycled face moisturiser
2026-01-01T00:02:21.062000Z,q010,bluetooth speaker
2026-01-01T00:02:21.188000Z,q042,black steel saucepan
2026-01-01T00:02:21.312000Z,q004,recycled cotton shirt
2026-01-01T00:02:21.438000Z,q025,walking boots
2026-01-01T00:02:21.562000Z,q023,Stridely running shoes
2026-01-01T00:02:21.688000Z,q006,wireless headphones
2026-01-01T00:02:21.812000Z,q006,wireless headphones
2026-01-01T00:02:21.938000Z,q003,Alder cotton shirt
2026-01-01T00:02:22.062000Z,q006,wireless headphones
2026-01-01T00:02:22.188000Z,q009,recycled wireless headphones
2026-01-01T00:02:22.312000Z,q047,black cookbook
2026-01-01T00:02:22.438000Z,q007,black wireless headphones
2026-01-01T00:02:22.562000Z,q039,recycled wooden puzzle
2026-01-01T00:02:22.688000Z,q016,face moisturiser
2026-01-01T00:02:22.812000Z,q001,cotton shirt
2026-01-01T00:02:22.938000Z,q001,cotton shirt
2026-01-01T00:02:23.071000Z,q002,black cotton shirt
2026-01-01T00:02:23.214000Z,q010,bluetooth speaker
2026-01-01T00:02:23.357000Z,q006,wireless headphones
2026-01-01T00:02:23.500000Z,q001,cotton shirt
2026-01-01T00:02:23.643000Z,q007,black wireless headphones
2026-01-01T00:02:23.786000Z,q007,black wireless headphones
2026-01-01T00:02:23.929000Z,q009,recycled wireless headphones
2026-01-01T00:02:24.071000Z,q003,Alder cotton shirt
2026-01-01T00:02:24.214000Z,q036,wooden puzzle
2026-01-01T00:02:24.357000Z,q007,black wireless headphones
2026-01-01T00:02:24.500000Z,q001,cotton shirt
2026-01-01T00:02:24.643000Z,q007,black wireless headphones
2026-01-01T00:02:24.786000Z,q009,recycled wireless headphones
2026-01-01T00:02:24.929000Z,q010,bluetooth speaker
2026-01-01T00:02:25.071000Z,q005,linen dress
2026-01-01T00:02:25.214000Z,q018,Bloomwell face moisturiser
2026-01-01T00:02:25.357000Z,q008,Cirrus wireless headphones
2026-01-01T00:02:25.500000Z,q006,wireless headphones
2026-01-01T00:02:25.643000Z,q003,Alder cotton shirt
2026-01-01T00:02:25.786000Z,q035,watering can
2026-01-01T00:02:25.929000Z,q002,black cotton shirt
2026-01-01T00:02:26.071000Z,q010,bluetooth speaker
2026-01-01T00:02:26.214000Z,q002,black cotton shirt
2026-01-01T00:02:26.357000Z,q001,cotton shirt
2026-01-01T00:02:26.500000Z,q012,black desk lamp
2026-01-01T00:02:26.643000Z,q008,Cirrus wireless headphones
2026-01-01T00:02:26.786000Z,q022,black running shoes
2026-01-01T00:02:26.929000Z,q001,cotton shirt
2026-01-01T00:02:27.071000Z,q019,recycled face moisturiser
2026-01-01T00:02:27.214000Z,q003,Alder cotton shirt
2026-01-01T00:02:27.357000Z,q003,Alder cotton shirt
2026-01-01T00:02:27.500000Z,q050,travel guide
2026-01-01T00:02:27.643000Z,q006,wireless headphones
2026-01-01T00:02:27.786000Z,q010,bluetooth speaker
2026-01-01T00:02:27.929000Z,q034,recycled garden gloves
2026-01-01T00:02:28.071000Z,q010,bluetooth speaker
2026-01-01T00:02:28.214000Z,q021,running shoes
2026-01-01T00:02:28.357000Z,q018,Bloomwell face moisturiser
2026-01-01T00:02:28.500000Z,q003,Alder cotton shirt
2026-01-01T00:02:28.643000Z,q001,cotton shirt
2026-01-01T00:02:28.786000Z,q034,recycled garden gloves
2026-01-01T00:02:28.929000Z,q009,recycled wireless headphones
2026-01-01T00:02:29.071000Z,q005,linen dress
2026-01-01T00:02:29.214000Z,q004,recycled cotton shirt
2026-01-01T00:02:29.357000Z,q003,Alder cotton shirt
2026-01-01T00:02:29.500000Z,q030,football
2026-01-01T00:02:29.643000Z,q006,wireless headphones
2026-01-01T00:02:29.786000Z,q004,recycled cotton shirt
2026-01-01T00:02:29.929000Z,q008,Cirrus wireless headphones
2026-01-01T00:02:30.071000Z,q002,black cotton shirt
2026-01-01T00:02:30.214000Z,q003,Alder cotton shirt
2026-01-01T00:02:30.357000Z,q008,Cirrus wireless headphones
2026-01-01T00:02:30.500000Z,q004,recycled cotton shirt
2026-01-01T00:02:30.643000Z,q008,Cirrus wireless headphones
2026-01-01T00:02:30.786000Z,q005,linen dress
2026-01-01T00:02:30.929000Z,q038,Acorn wooden puzzle
2026-01-01T00:02:31.071000Z,q008,Cirrus wireless headphones
2026-01-01T00:02:31.214000Z,q006,wireless headphones
2026-01-01T00:02:31.357000Z,q032,black garden gloves
2026-01-01T00:02:31.500000Z,q009,recycled wireless headphones
2026-01-01T00:02:31.643000Z,q009,recycled wireless headphones
2026-01-01T00:02:31.786000Z,q003,Alder cotton shirt
2026-01-01T00:02:31.929000Z,q005,linen dress
2026-01-01T00:02:32.071000Z,q015,cotton bedding
2026-01-01T00:02:32.214000Z,q001,cotton shirt
2026-01-01T00:02:32.357000Z,q010,bluetooth speaker
2026-01-01T00:02:32.500000Z,q010,bluetooth speaker
2026-01-01T00:02:32.643000Z,q004,recycled cotton shirt
2026-01-01T00:02:32.786000Z,q005,linen dress
2026-01-01T00:02:32.929000Z,q005,linen dress
2026-01-01T00:02:33.071000Z,q018,Bloomwell face moisturiser
2026-01-01T00:02:33.214000Z,q005,linen dress
2026-01-01T00:02:33.357000Z,q020,shampoo
2026-01-01T00:02:33.500000Z,q001,cotton shirt
2026-01-01T00:02:33.643000Z,q008,Cirrus wireless headphones
2026-01-01T00:02:33.786000Z,q002,black cotton shirt
2026-01-01T00:02:33.929000Z,q046,cookbook
2026-01-01T00:02:34.071000Z,q008,Cirrus wireless headphones
2026-01-01T00:02:34.214000Z,q010,bluetooth speaker
2026-01-01T00:02:34.357000Z,q002,black cotton shirt
2026-01-01T00:02:34.500000Z,q006,wireless headphones
2026-01-01T00:02:34.643000Z,q001,cotton shirt
2026-01-01T00:02:34.786000Z,q014,recycled desk lamp
2026-01-01T00:02:34.929000Z,q003,Alder cotton shirt
2026-01-01T00:02:35.071000Z,q002,black cotton shirt
2026-01-01T00:02:35.214000Z,q020,shampoo
2026-01-01T00:02:35.357000Z,q010,bluetooth speaker
2026-01-01T00:02:35.500000Z,q018,Bloomwell face moisturiser
2026-01-01T00:02:35.643000Z,q003,Alder cotton shirt
2026-01-01T00:02:35.786000Z,q004,recycled cotton shirt
2026-01-01T00:02:35.929000Z,q006,wireless headphones
2026-01-01T00:02:36.071000Z,q010,bluetooth speaker
2026-01-01T00:02:36.214000Z,q050,travel guide
2026-01-01T00:02:36.357000Z,q009,recycled wireless headphones
2026-01-01T00:02:36.500000Z,q022,black running shoes
2026-01-01T00:02:36.643000Z,q018,Bloomwell face moisturiser
2026-01-01T00:02:36.786000Z,q006,wireless headphones
2026-01-01T00:02:36.929000Z,q005,linen dress
2026-01-01T00:02:37.071000Z,q005,linen dress
2026-01-01T00:02:37.214000Z,q010,bluetooth speaker
2026-01-01T00:02:37.357000Z,q046,cookbook
2026-01-01T00:02:37.500000Z,q009,recycled wireless headphones
2026-01-01T00:02:37.643000Z,q048,Beacon cookbook
2026-01-01T00:02:37.786000Z,q003,Alder cotton shirt
2026-01-01T00:02:37.929000Z,q005,linen dress
2026-01-01T00:02:38.083000Z,q002,black cotton shirt
2026-01-01T00:02:38.250000Z,q001,cotton shirt
2026-01-01T00:02:38.417000Z,q001,cotton shirt
2026-01-01T00:02:38.583000Z,q007,black wireless headphones
2026-01-01T00:02:38.750000Z,q004,recycled cotton shirt
2026-01-01T00:02:38.917000Z,q010,bluetooth speaker
2026-01-01T00:02:39.083000Z,q010,bluetooth speaker
2026-01-01T00:02:39.250000Z,q047,black cookbook
2026-01-01T00:02:39.417000Z,q008,Cirrus wireless headphones
2026-01-01T00:02:39.583000Z,q001,cotton shirt
2026-01-01T00:02:39.750000Z,q011,desk lamp
2026-01-01T00:02:39.917000Z,q003,Alder cotton shirt
2026-01-01T00:02:40.083000Z,q025,walking boots
2026-01-01T00:02:40.250000Z,q013,Harbour desk lamp
2026-01-01T00:02:40.417000Z,q009,recycled wireless headphones
2026-01-01T00:02:40.583000Z,q001,cotton shirt
2026-01-01T00:02:40.750000Z,q019,recycled face moisturiser
2026-01-01T00:02:40.917000Z,q037,black wooden puzzle
2026-01-01T00:02:41.083000Z,q027,black yoga mat
2026-01-01T00:02:41.250000Z,q025,walking boots
2026-01-01T00:02:41.417000Z,q008,Cirrus wireless headphones
2026-01-01T00:02:41.583000Z,q005,linen dress
2026-01-01T00:02:41.750000Z,q008,Cirrus wireless headphones
2026-01-01T00:02:41.917000Z,q002,black cotton shirt
2026-01-01T00:02:42.083000Z,q005,linen dress
2026-01-01T00:02:42.250000Z,q001,cotton shirt
2026-01-01T00:02:42.417000Z,q008,Cirrus wireless headphones
2026-01-01T00:02:42.583000Z,q007,black wireless headphones
2026-01-01T00:02:42.750000Z,q049,recycled cookbook
2026-01-01T00:02:42.917000Z,q005,linen dress
2026-01-01T00:02:43.083000Z,q025,walking boots
2026-01-01T00:02:43.250000Z,q003,Alder cotton shirt
2026-01-01T00:02:43.417000Z,q003,Alder cotton shirt
2026-01-01T00:02:43.583000Z,q001,cotton shirt
2026-01-01T00:02:43.750000Z,q035,watering can
2026-01-01T00:02:43.917000Z,q004,recycled cotton shirt
2026-01-01T00:02:44.083000Z,q004,recycled cotton shirt
2026-01-01T00:02:44.250000Z,q026,yoga mat
2026-01-01T00:02:44.417000Z,q032,black garden gloves
2026-01-01T00:02:44.583000Z,q002,black cotton shirt
2026-01-01T00:02:44.750000Z,q006,wireless headphones
2026-01-01T00:02:44.917000Z,q019,recycled face moisturiser
2026-01-01T00:02:45.083000Z,q026,yoga mat
2026-01-01T00:02:45.250000Z,q040,building blocks
2026-01-01T00:02:45.417000Z,q009,recycled wireless headphones
2026-01-01T00:02:45.583000Z,q006,wireless headphones
2026-01-01T00:02:45.750000Z,q004,recycled cotton shirt
2026-01-01T00:02:45.917000Z,q013,Harbour desk lamp
2026-01-01T00:02:46.083000Z,q036,wooden puzzle
2026-01-01T00:02:46.250000Z,q001,cotton shirt
2026-01-01T00:02:46.417000Z,q009,recycled wireless headphones
2026-01-01T00:02:46.583000Z,q007,black wireless headphones
2026-01-01T00:02:46.750000Z,q005,linen dress
2026-01-01T00:02:46.917000Z,q010,bluetooth speaker
2026-01-01T00:02:47.083000Z,q006,wireless headphones
2026-01-01T00:02:47.250000Z,q010,bluetooth speaker
2026-01-01T00:02:47.417000Z,q007,black wireless headphones
2026-01-01T00:02:47.583000Z,q006,wireless headphones
2026-01-01T00:02:47.750000Z,q001,cotton shirt
2026-01-01T00:02:47.917000Z,q006,wireless headphones
2026-01-01T00:02:48.083000Z,q009,recycled wireless headphones
2026-01-01T00:02:48.250000Z,q005,linen dress
2026-01-01T00:02:48.417000Z,q016,face moisturiser
2026-01-01T00:02:48.583000Z,q009,recycled wireless headphones
2026-01-01T00:02:48.750000Z,q003,Alder cotton shirt
2026-01-01T00:02:48.917000Z,q027,black yoga mat
2026-01-01T00:02:49.083000Z,q005,linen dress
2026-01-01T00:02:49.250000Z,q023,Stridely running shoes
2026-01-01T00:02:49.417000Z,q008,Cirrus wireless headphones
2026-01-01T00:02:49.583000Z,q019,recycled face moisturiser
2026-01-01T00:02:49.750000Z,q006,wireless headphones
2026-01-01T00:02:49.917000Z,q017,black face moisturiser
2026-01-01T00:02:50.083000Z,q005,linen dress
2026-01-01T00:02:50.250000Z,q002,black cotton shirt
2026-01-01T00:02:50.417000Z,q004,recycled cotton shirt
2026-01-01T00:02:50.583000Z,q006,wireless headphones
2026-01-01T00:02:50.750000Z,q001,cotton shirt
2026-01-01T00:02:50.917000Z,q018,Bloomwell face moisturiser
2026-01-01T00:02:51.083000Z,q005,linen dress
2026-01-01T00:02:51.250000Z,q019,recycled face moisturiser
2026-01-01T00:02:51.417000Z,q008,Cirrus wireless headphones
2026-01-01T00:02:51.583000Z,q034,recycled garden gloves
2026-01-01T00:02:51.750000Z,q003,Alder cotton shirt
2026-01-01T00:02:51.917000Z,q006,wireless headphones
2026-01-01T00:02:52.083000Z,q013,Harbour desk lamp
2026-01-01T00:02:52.250000Z,q004,recycled cotton shirt
2026-01-01T00:02:52.417000Z,q001,cotton shirt
2026-01-01T00:02:52.583000Z,q003,Alder cotton shirt
2026-01-01T00:02:52.750000Z,q007,black wireless headphones
2026-01-01T00:02:52.917000Z,q005,linen dress
2026-01-01T00:02:53.083000Z,q022,black running shoes
2026-01-01T00:02:53.250000Z,q005,linen dress
2026-01-01T00:02:53.417000Z,q007,black wireless headphones
2026-01-01T00:02:53.583000Z,q008,Cirrus wireless headphones
2026-01-01T00:02:53.750000Z,q004,recycled cotton shirt
2026-01-01T00:02:53.917000Z,q001,cotton shirt
2026-01-01T00:02:54.083000Z,q004,recycled cotton shirt
2026-01-01T00:02:54.250000Z,q005,linen dress
2026-01-01T00:02:54.417000Z,q007,black wireless headphones
2026-01-01T00:02:54.583000Z,q001,cotton shirt
2026-01-01T00:02:54.750000Z,q001,cotton shirt
2026-01-01T00:02:54.917000Z,q001,cotton shirt
2026-01-01T00:02:55.083000Z,q031,garden gloves
2026-01-01T00:02:55.250000Z,q004,recycled cotton shirt
2026-01-01T00:02:55.417000Z,q010,bluetooth speaker
2026-01-01T00:02:55.583000Z,q003,Alder cotton shirt
2026-01-01T00:02:55.750000Z,q006,wireless headphones
2026-01-01T00:02:55.917000Z,q001,cotton shirt
2026-01-01T00:02:56.100000Z,q047,black cookbook
2026-01-01T00:02:56.300000Z,q030,football
2026-01-01T00:02:56.500000Z,q001,cotton shirt
2026-01-01T00:02:56.700000Z,q049,recycled cookbook
2026-01-01T00:02:56.900000Z,q010,bluetooth speaker
2026-01-01T00:02:57.100000Z,q008,Cirrus wireless headphones
2026-01-01T00:02:57.300000Z,q008,Cirrus wireless headphones
2026-01-01T00:02:57.500000Z,q026,yoga mat
2026-01-01T00:02:57.700000Z,q010,bluetooth speaker
2026-01-01T00:02:57.900000Z,q016,face moisturiser
2026-01-01T00:02:58.100000Z,q031,garden gloves
2026-01-01T00:02:58.300000Z,q008,Cirrus wireless headphones
2026-01-01T00:02:58.500000Z,q008,Cirrus wireless headphones
2026-01-01T00:02:58.700000Z,q006,wireless headphones
2026-01-01T00:02:58.900000Z,q031,garden gloves
2026-01-01T00:02:59.100000Z,q002,black cotton shirt
2026-01-01T00:02:59.300000Z,q002,black cotton shirt
2026-01-01T00:02:59.500000Z,q043,Bramble steel saucepan
2026-01-01T00:02:59.700000Z,q004,recycled cotton shirt
2026-01-01T00:02:59.900000Z,q028,Altis yoga mat
2026-01-01T00:03:00.050000Z,q002,black cotton shirt
2026-01-01T00:03:00.150000Z,q009,recycled wireless headphones
2026-01-01T00:03:00.250000Z,q005,linen dress
2026-01-01T00:03:00.350000Z,q001,cotton shirt
2026-01-01T00:03:00.450000Z,q002,black cotton shirt
2026-01-01T00:03:00.550000Z,q004,recycled cotton shirt
2026-01-01T00:03:00.650000Z,q033,Briar garden gloves
2026-01-01T00:03:00.750000Z,q001,cotton shirt
2026-01-01T00:03:00.850000Z,q021,running shoes
2026-01-01T00:03:00.950000Z,q008,Cirrus wireless headphones
2026-01-01T00:03:01.050000Z,q027,black yoga mat
2026-01-01T00:03:01.150000Z,q003,Alder cotton shirt
2026-01-01T00:03:01.250000Z,q027,black yoga mat
2026-01-01T00:03:01.350000Z,q009,recycled wireless headphones
2026-01-01T00:03:01.450000Z,q001,cotton shirt
2026-01-01T00:03:01.550000Z,q009,recycled wireless headphones
2026-01-01T00:03:01.650000Z,q007,black wireless headphones
2026-01-01T00:03:01.750000Z,q003,Alder cotton shirt
2026-01-01T00:03:01.850000Z,q006,wireless headphones
2026-01-01T00:03:01.950000Z,q005,linen dress
2026-01-01T00:03:02.050000Z,q006,wireless headphones
2026-01-01T00:03:02.150000Z,q010,bluetooth speaker
2026-01-01T00:03:02.250000Z,q002,black cotton shirt
2026-01-01T00:03:02.350000Z,q008,Cirrus wireless headphones
2026-01-01T00:03:02.450000Z,q010,bluetooth speaker
2026-01-01T00:03:02.550000Z,q010,bluetooth speaker
2026-01-01T00:03:02.650000Z,q014,recycled desk lamp
2026-01-01T00:03:02.750000Z,q006,wireless headphones
2026-01-01T00:03:02.850000Z,q008,Cirrus wireless headphones
2026-01-01T00:03:02.950000Z,q008,Cirrus wireless headphones
2026-01-01T00:03:03.050000Z,q023,Stridely running shoes
2026-01-01T00:03:03.150000Z,q003,Alder cotton shirt
2026-01-01T00:03:03.250000Z,q003,Alder cotton shirt
2026-01-01T00:03:03.350000Z,q049,recycled cookbook
2026-01-01T00:03:03.450000Z,q024,recycled running shoes
2026-01-01T00:03:03.550000Z,q018,Bloomwell face moisturiser
2026-01-01T00:03:03.650000Z,q035,watering can
2026-01-01T00:03:03.750000Z,q009,recycled wireless headphones
2026-01-01T00:03:03.850000Z,q006,wireless headphones
2026-01-01T00:03:03.950000Z,q004,recycled cotton shirt
2026-01-01T00:03:04.050000Z,q008,Cirrus wireless headphones
2026-01-01T00:03:04.150000Z,q001,cotton shirt
2026-01-01T00:03:04.250000Z,q009,recycled wireless headphones
2026-01-01T00:03:04.350000Z,q008,Cirrus wireless headphones
2026-01-01T00:03:04.450000Z,q009,recycled wireless headphones
2026-01-01T00:03:04.550000Z,q007,black wireless headphones
2026-01-01T00:03:04.650000Z,q006,wireless headphones
2026-01-01T00:03:04.750000Z,q010,bluetooth speaker
2026-01-01T00:03:04.850000Z,q005,linen dress
2026-01-01T00:03:04.950000Z,q006,wireless headphones
2026-01-01T00:03:05.050000Z,q004,recycled cotton shirt
2026-01-01T00:03:05.150000Z,q007,black wireless headphones
2026-01-01T00:03:05.250000Z,q027,black yoga mat
2026-01-01T00:03:05.350000Z,q009,recycled wireless headphones
2026-01-01T00:03:05.450000Z,q011,desk lamp
2026-01-01T00:03:05.550000Z,q009,recycled wireless headphones
2026-01-01T00:03:05.650000Z,q025,walking boots
2026-01-01T00:03:05.750000Z,q001,cotton shirt
2026-01-01T00:03:05.850000Z,q003,Alder cotton shirt
2026-01-01T00:03:05.950000Z,q002,black cotton shirt
2026-01-01T00:03:06.050000Z,q006,wireless headphones
2026-01-01T00:03:06.150000Z,q009,recycled wireless headphones
2026-01-01T00:03:06.250000Z,q009,recycled wireless headphones
2026-01-01T00:03:06.350000Z,q005,linen dress
2026-01-01T00:03:06.450000Z,q005,linen dress
2026-01-01T00:03:06.550000Z,q031,garden gloves
2026-01-01T00:03:06.650000Z,q028,Altis yoga mat
2026-01-01T00:03:06.750000Z,q002,black cotton shirt
2026-01-01T00:03:06.850000Z,q030,football
2026-01-01T00:03:06.950000Z,q047,black cookbook
2026-01-01T00:03:07.050000Z,q011,desk lamp
2026-01-01T00:03:07.150000Z,q005,linen dress
2026-01-01T00:03:07.250000Z,q007,black wireless headphones
2026-01-01T00:03:07.350000Z,q037,black wooden puzzle
2026-01-01T00:03:07.450000Z,q008,Cirrus wireless headphones
2026-01-01T00:03:07.550000Z,q050,travel guide
2026-01-01T00:03:07.650000Z,q006,wireless headphones
2026-01-01T00:03:07.750000Z,q006,wireless headphones
2026-01-01T00:03:07.850000Z,q005,linen dress
2026-01-01T00:03:07.950000Z,q010,bluetooth speaker
2026-01-01T00:03:08.050000Z,q036,wooden puzzle
2026-01-01T00:03:08.150000Z,q007,black wireless headphones
2026-01-01T00:03:08.250000Z,q022,black running shoes
2026-01-01T00:03:08.350000Z,q038,Acorn wooden puzzle
2026-01-01T00:03:08.450000Z,q035,watering can
2026-01-01T00:03:08.550000Z,q003,Alder cotton shirt
2026-01-01T00:03:08.650000Z,q014,recycled desk lamp
2026-01-01T00:03:08.750000Z,q010,bluetooth speaker
2026-01-01T00:03:08.850000Z,q007,black wireless headphones
2026-01-01T00:03:08.950000Z,q007,black wireless headphones
2026-01-01T00:03:09.050000Z,q007,black wireless headphones
2026-01-01T00:03:09.150000Z,q012,black desk lamp
2026-01-01T00:03:09.250000Z,q006,wireless headphones
2026-01-01T00:03:09.350000Z,q007,black wireless headphones
2026-01-01T00:03:09.450000Z,q010,bluetooth speaker
2026-01-01T00:03:09.550000Z,q001,cotton shirt
2026-01-01T00:03:09.650000Z,q005,linen dress
2026-01-01T00:03:09.750000Z,q009,recycled wireless headphones
2026-01-01T00:03:09.850000Z,q008,Cirrus wireless headphones
2026-01-01T00:03:09.950000Z,q029,recycled yoga mat
2026-01-01T00:03:10.100000Z,q043,Bramble steel saucepan
2026-01-01T00:03:10.300000Z,q010,bluetooth speaker
2026-01-01T00:03:10.500000Z,q007,black wireless headphones
2026-01-01T00:03:10.700000Z,q021,running shoes
2026-01-01T00:03:10.900000Z,q005,linen dress
2026-01-01T00:03:11.100000Z,q009,recycled wireless headphones
2026-01-01T00:03:11.300000Z,q009,recycled wireless headphones
2026-01-01T00:03:11.500000Z,q004,recycled cotton shirt
2026-01-01T00:03:11.700000Z,q004,recycled cotton shirt
2026-01-01T00:03:11.900000Z,q021,running shoes
2026-01-01T00:03:12.100000Z,q005,linen dress
2026-01-01T00:03:12.300000Z,q045,ceramic mug
2026-01-01T00:03:12.500000Z,q008,Cirrus wireless headphones
2026-01-01T00:03:12.700000Z,q003,Alder cotton shirt
2026-01-01T00:03:12.900000Z,q038,Acorn wooden puzzle
2026-01-01T00:03:13.100000Z,q004,recycled cotton shirt
2026-01-01T00:03:13.300000Z,q029,recycled yoga mat
2026-01-01T00:03:13.500000Z,q005,linen dress
2026-01-01T00:03:13.700000Z,q012,black desk lamp
2026-01-01T00:03:13.900000Z,q003,Alder cotton shirt
2026-01-01T00:03:14.100000Z,q009,recycled wireless headphones
2026-01-01T00:03:14.300000Z,q002,black cotton shirt
2026-01-01T00:03:14.500000Z,q008,Cirrus wireless headphones
2026-01-01T00:03:14.700000Z,q005,linen dress
2026-01-01T00:03:14.900000Z,q006,wireless headphones
2026-01-01T00:03:15.100000Z,q001,cotton shirt
2026-01-01T00:03:15.300000Z,q008,Cirrus wireless headphones
2026-01-01T00:03:15.500000Z,q008,Cirrus wireless headphones
2026-01-01T00:03:15.700000Z,q005,linen dress
2026-01-01T00:03:15.900000Z,q034,recycled garden gloves
2026-01-01T00:03:16.100000Z,q003,Alder cotton shirt
2026-01-01T00:03:16.300000Z,q009,recycled wireless headphones
2026-01-01T00:03:16.500000Z,q042,black steel saucepan
2026-01-01T00:03:16.700000Z,q008,Cirrus wireless headphones
2026-01-01T00:03:16.900000Z,q009,recycled wireless headphones
2026-01-01T00:03:17.100000Z,q046,cookbook
2026-01-01T00:03:17.300000Z,q007,black wireless headphones
2026-01-01T00:03:17.500000Z,q008,Cirrus wireless headphones
2026-01-01T00:03:17.700000Z,q006,wireless headphones
2026-01-01T00:03:17.900000Z,q006,wireless headphones
2026-01-01T00:03:18.125000Z,q006,wireless headphones
2026-01-01T00:03:18.375000Z,q011,desk lamp
2026-01-01T00:03:18.625000Z,q003,Alder cotton shirt
2026-01-01T00:03:18.875000Z,q006,wireless headphones
2026-01-01T00:03:19.125000Z,q007,black wireless headphones
2026-01-01T00:03:19.375000Z,q003,Alder cotton shirt
2026-01-01T00:03:19.625000Z,q004,recycled cotton shirt
2026-01-01T00:03:19.875000Z,q027,black yoga mat
2026-01-01T00:03:20.125000Z,q006,wireless headphones
2026-01-01T00:03:20.375000Z,q007,black wireless headphones
2026-01-01T00:03:20.625000Z,q009,recycled wireless headphones
2026-01-01T00:03:20.875000Z,q006,wireless headphones
2026-01-01T00:03:21.125000Z,q043,Bramble steel saucepan
2026-01-01T00:03:21.375000Z,q045,ceramic mug
2026-01-01T00:03:21.625000Z,q003,Alder cotton shirt
2026-01-01T00:03:21.875000Z,q003,Alder cotton shirt
2026-01-01T00:03:22.125000Z,q007,black wireless headphones
2026-01-01T00:03:22.375000Z,q003,Alder cotton shirt
2026-01-01T00:03:22.625000Z,q006,wireless headphones
2026-01-01T00:03:22.875000Z,q004,recycled cotton shirt
2026-01-01T00:03:23.125000Z,q007,black wireless headphones
2026-01-01T00:03:23.375000Z,q007,black wireless headphones
2026-01-01T00:03:23.625000Z,q005,linen dress
2026-01-01T00:03:23.875000Z,q002,black cotton shirt
2026-01-01T00:03:24.125000Z,q009,recycled wireless headphones
2026-01-01T00:03:24.375000Z,q010,bluetooth speaker
2026-01-01T00:03:24.625000Z,q001,cotton shirt
2026-01-01T00:03:24.875000Z,q001,cotton shirt
2026-01-01T00:03:25.125000Z,q006,wireless headphones
2026-01-01T00:03:25.375000Z,q023,Stridely running shoes
2026-01-01T00:03:25.625000Z,q044,recycled steel saucepan
2026-01-01T00:03:25.875000Z,q005,linen dress
2026-01-01T00:03:26.125000Z,q003,Alder cotton shirt
2026-01-01T00:03:26.375000Z,q010,bluetooth speaker
2026-01-01T00:03:26.625000Z,q010,bluetooth speaker
2026-01-01T00:03:26.875000Z,q003,Alder cotton shirt
2026-01-01T00:03:27.125000Z,q010,bluetooth speaker
2026-01-01T00:03:27.375000Z,q007,black wireless headphones
2026-01-01T00:03:27.625000Z,q016,face moisturiser
2026-01-01T00:03:27.875000Z,q002,black cotton shirt
2026-01-01T00:03:28.125000Z,q010,bluetooth speaker
2026-01-01T00:03:28.375000Z,q003,Alder cotton shirt
2026-01-01T00:03:28.625000Z,q040,building blocks
2026-01-01T00:03:28.875000Z,q005,linen dress
2026-01-01T00:03:29.125000Z,q003,Alder cotton shirt
2026-01-01T00:03:29.375000Z,q002,black cotton shirt
2026-01-01T00:03:29.625000Z,q018,Bloomwell face moisturiser
2026-01-01T00:03:29.875000Z,q001,cotton shirt
2026-01-01T00:03:30.125000Z,q008,Cirrus wireless headphones
2026-01-01T00:03:30.375000Z,q002,black cotton shirt
2026-01-01T00:03:30.625000Z,q001,cotton shirt
2026-01-01T00:03:30.875000Z,q016,face moisturiser
2026-01-01T00:03:31.125000Z,q002,black cotton shirt
2026-01-01T00:03:31.375000Z,q001,cotton shirt
2026-01-01T00:03:31.625000Z,q020,shampoo
2026-01-01T00:03:31.875000Z,q006,wireless headphones
2026-01-01T00:03:32.125000Z,q006,wireless headphones
2026-01-01T00:03:32.375000Z,q009,recycled wireless headphones
2026-01-01T00:03:32.625000Z,q045,ceramic mug
2026-01-01T00:03:32.875000Z,q004,recycled cotton shirt
2026-01-01T00:03:33.125000Z,q001,cotton shirt
2026-01-01T00:03:33.375000Z,q002,black cotton shirt
2026-01-01T00:03:33.625000Z,q006,wireless headphones
2026-01-01T00:03:33.875000Z,q007,black wireless headphones
2026-01-01T00:03:34.125000Z,q001,cotton shirt
2026-01-01T00:03:34.375000Z,q006,wireless headphones
2026-01-01T00:03:34.625000Z,q004,recycled cotton shirt
2026-01-01T00:03:34.875000Z,q010,bluetooth speaker
2026-01-01T00:03:35.125000Z,q001,cotton shirt
2026-01-01T00:03:35.375000Z,q010,bluetooth speaker
2026-01-01T00:03:35.625000Z,q042,black steel saucepan
2026-01-01T00:03:35.875000Z,q045,ceramic mug
2026-01-01T00:03:36.125000Z,q004,recycled cotton shirt
2026-01-01T00:03:36.375000Z,q011,desk lamp
2026-01-01T00:03:36.625000Z,q021,running shoes
2026-01-01T00:03:36.875000Z,q019,recycled face moisturiser
2026-01-01T00:03:37.125000Z,q012,black desk lamp
2026-01-01T00:03:37.375000Z,q014,recycled desk lamp
2026-01-01T00:03:37.625000Z,q030,football
2026-01-01T00:03:37.875000Z,q004,recycled cotton shirt
2026-01-01T00:03:38.125000Z,q037,black wooden puzzle
2026-01-01T00:03:38.375000Z,q033,Briar garden gloves
2026-01-01T00:03:38.625000Z,q009,recycled wireless headphones
2026-01-01T00:03:38.875000Z,q007,black wireless headphones
2026-01-01T00:03:39.125000Z,q009,recycled wireless headphones
2026-01-01T00:03:39.375000Z,q009,recycled wireless headphones
2026-01-01T00:03:39.625000Z,q008,Cirrus wireless headphones
2026-01-01T00:03:39.875000Z,q018,Bloomwell face moisturiser
2026-01-01T00:03:40.125000Z,q003,Alder cotton shirt
2026-01-01T00:03:40.375000Z,q005,linen dress
2026-01-01T00:03:40.625000Z,q017,black face moisturiser
2026-01-01T00:03:40.875000Z,q028,Altis yoga mat
2026-01-01T00:03:41.125000Z,q004,recycled cotton shirt
2026-01-01T00:03:41.375000Z,q009,recycled wireless headphones
2026-01-01T00:03:41.625000Z,q050,travel guide
2026-01-01T00:03:41.875000Z,q009,recycled wireless headphones
2026-01-01T00:03:42.125000Z,q010,bluetooth speaker
2026-01-01T00:03:42.375000Z,q017,black face moisturiser
2026-01-01T00:03:42.625000Z,q006,wireless headphones
2026-01-01T00:03:42.875000Z,q010,bluetooth speaker
2026-01-01T00:03:43.125000Z,q007,black wireless headphones
2026-01-01T00:03:43.375000Z,q009,recycled wireless headphones
2026-01-01T00:03:43.625000Z,q009,recycled wireless headphones
2026-01-01T00:03:43.875000Z,q004,recycled cotton shirt
2026-01-01T00:03:44.125000Z,q001,cotton shirt
2026-01-01T00:03:44.375000Z,q015,cotton bedding
2026-01-01T00:03:44.625000Z,q001,cotton shirt
2026-01-01T00:03:44.875000Z,q007,black wireless headphones
2026-01-01T00:03:45.125000Z,q025,walking boots
2026-01-01T00:03:45.375000Z,q009,recycled wireless headphones
2026-01-01T00:03:45.625000Z,q010,bluetooth speaker
2026-01-01T00:03:45.875000Z,q036,wooden puzzle
2026-01-01T00:03:46.125000Z,q004,recycled cotton shirt
2026-01-01T00:03:46.375000Z,q007,black wireless headphones
2026-01-01T00:03:46.625000Z,q043,Bramble steel saucepan
2026-01-01T00:03:46.875000Z,q010,bluetooth speaker
2026-01-01T00:03:47.125000Z,q003,Alder cotton shirt
2026-01-01T00:03:47.375000Z,q026,yoga mat
2026-01-01T00:03:47.625000Z,q010,bluetooth speaker
2026-01-01T00:03:47.875000Z,q009,recycled wireless headphones
2026-01-01T00:03:48.125000Z,q009,recycled wireless headphones
2026-01-01T00:03:48.375000Z,q036,wooden puzzle
2026-01-01T00:03:48.625000Z,q005,linen dress
2026-01-01T00:03:48.875000Z,q008,Cirrus wireless headphones
2026-01-01T00:03:49.125000Z,q006,wireless headphones
2026-01-01T00:03:49.375000Z,q041,steel saucepan
2026-01-01T00:03:49.625000Z,q003,Alder cotton shirt
2026-01-01T00:03:49.875000Z,q010,bluetooth speaker
2026-01-01T00:03:50.125000Z,q005,linen dress
2026-01-01T00:03:50.375000Z,q049,recycled cookbook
2026-01-01T00:03:50.625000Z,q008,Cirrus wireless headphones
2026-01-01T00:03:50.875000Z,q040,building blocks
2026-01-01T00:03:51.125000Z,q002,black cotton shirt
2026-01-01T00:03:51.375000Z,q005,linen dress
2026-01-01T00:03:51.625000Z,q010,bluetooth speaker
2026-01-01T00:03:51.875000Z,q009,recycled wireless headphones
2026-01-01T00:03:52.125000Z,q007,black wireless headphones
2026-01-01T00:03:52.375000Z,q004,recycled cotton shirt
2026-01-01T00:03:52.625000Z,q002,black cotton shirt
2026-01-01T00:03:52.875000Z,q028,Altis yoga mat
2026-01-01T00:03:53.125000Z,q005,linen dress
2026-01-01T00:03:53.375000Z,q002,black cotton shirt
2026-01-01T00:03:53.625000Z,q040,building blocks
2026-01-01T00:03:53.875000Z,q034,recycled garden gloves
2026-01-01T00:03:54.125000Z,q043,Bramble steel saucepan
2026-01-01T00:03:54.375000Z,q010,bluetooth speaker
2026-01-01T00:03:54.625000Z,q007,black wireless headphones
2026-01-01T00:03:54.875000Z,q007,black wireless headphones
2026-01-01T00:03:55.125000Z,q009,recycled wireless headphones
2026-01-01T00:03:55.375000Z,q004,recycled cotton shirt
2026-01-01T00:03:55.625000Z,q010,bluetooth speaker
2026-01-01T00:03:55.875000Z,q005,linen dress
2026-01-01T00:03:56.125000Z,q007,black wireless headphones
2026-01-01T00:03:56.375000Z,q048,Beacon cookbook
2026-01-01T00:03:56.625000Z,q002,black cotton shirt
2026-01-01T00:03:56.875000Z,q002,black cotton shirt
2026-01-01T00:03:57.125000Z,q049,recycled cookbook
2026-01-01T00:03:57.375000Z,q035,watering can
2026-01-01T00:03:57.625000Z,q002,black cotton shirt
2026-01-01T00:03:57.875000Z,q010,bluetooth speaker
2026-01-01T00:03:58.125000Z,q026,yoga mat
2026-01-01T00:03:58.375000Z,q037,black wooden puzzle
2026-01-01T00:03:58.625000Z,q003,Alder cotton shirt
2026-01-01T00:03:58.875000Z,q007,black wireless headphones
2026-01-01T00:03:59.125000Z,q043,Bramble steel saucepan
2026-01-01T00:03:59.375000Z,q004,recycled cotton shirt
2026-01-01T00:03:59.625000Z,q016,face moisturiser
2026-01-01T00:03:59.875000Z,q025,walking boots
2026-01-01T00:04:00.125000Z,q003,Alder cotton shirt
2026-01-01T00:04:00.375000Z,q006,wireless headphones
2026-01-01T00:04:00.625000Z,q044,recycled steel saucepan
2026-01-01T00:04:00.875000Z,q009,recycled wireless headphones
2026-01-01T00:04:01.125000Z,q010,bluetooth speaker
2026-01-01T00:04:01.375000Z,q038,Acorn wooden puzzle
2026-01-01T00:04:01.625000Z,q005,linen dress
2026-01-01T00:04:01.875000Z,q001,cotton shirt
2026-01-01T00:04:02.125000Z,q008,Cirrus wireless headphones
2026-01-01T00:04:02.375000Z,q001,cotton shirt
2026-01-01T00:04:02.625000Z,q009,recycled wireless headphones
2026-01-01T00:04:02.875000Z,q033,Briar garden gloves
2026-01-01T00:04:03.125000Z,q004,recycled cotton shirt
2026-01-01T00:04:03.375000Z,q008,Cirrus wireless headphones
2026-01-01T00:04:03.625000Z,q007,black wireless headphones
2026-01-01T00:04:03.875000Z,q008,Cirrus wireless headphones
2026-01-01T00:04:04.125000Z,q020,shampoo
2026-01-01T00:04:04.375000Z,q002,black cotton shirt
2026-01-01T00:04:04.625000Z,q031,garden gloves
2026-01-01T00:04:04.875000Z,q042,black steel saucepan
2026-01-01T00:04:05.125000Z,q005,linen dress
2026-01-01T00:04:05.375000Z,q005,linen dress
2026-01-01T00:04:05.625000Z,q006,wireless headphones
2026-01-01T00:04:05.875000Z,q008,Cirrus wireless headphones
2026-01-01T00:04:06.125000Z,q004,recycled cotton shirt
2026-01-01T00:04:06.375000Z,q001,cotton shirt
2026-01-01T00:04:06.625000Z,q007,black wireless headphones
2026-01-01T00:04:06.875000Z,q006,wireless headphones
2026-01-01T00:04:07.125000Z,q006,wireless headphones
2026-01-01T00:04:07.375000Z,q007,black wireless headphones
2026-01-01T00:04:07.625000Z,q046,cookbook
2026-01-01T00:04:07.875000Z,q003,Alder cotton shirt
2026-01-01T00:04:08.125000Z,q005,linen dress
2026-01-01T00:04:08.375000Z,q002,black cotton shirt
2026-01-01T00:04:08.625000Z,q005,linen dress
2026-01-01T00:04:08.875000Z,q009,recycled wireless headphones
2026-01-01T00:04:09.125000Z,q006,wireless headphones
2026-01-01T00:04:09.375000Z,q034,recycled garden gloves
2026-01-01T00:04:09.625000Z,q022,black running shoes
2026-01-01T00:04:09.875000Z,q048,Beacon cookbook
2026-01-01T00:04:10.125000Z,q005,linen dress
2026-01-01T00:04:10.375000Z,q004,recycled cotton shirt
2026-01-01T00:04:10.625000Z,q042,black steel saucepan
2026-01-01T00:04:10.875000Z,q004,recycled cotton shirt
2026-01-01T00:04:11.125000Z,q007,black wireless headphones
2026-01-01T00:04:11.375000Z,q007,black wireless headphones
2026-01-01T00:04:11.625000Z,q008,Cirrus wireless headphones
2026-01-01T00:04:11.875000Z,q009,recycled wireless headphones
2026-01-01T00:04:12.125000Z,q003,Alder cotton shirt
2026-01-01T00:04:12.375000Z,q004,recycled cotton shirt
2026-01-01T00:04:12.625000Z,q010,bluetooth speaker
2026-01-01T00:04:12.875000Z,q002,black cotton shirt
2026-01-01T00:04:13.100000Z,q008,Cirrus wireless headphones
2026-01-01T00:04:13.300000Z,q009,recycled wireless headphones
2026-01-01T00:04:13.500000Z,q013,Harbour desk lamp
2026-01-01T00:04:13.700000Z,q007,black wireless headphones
2026-01-01T00:04:13.900000Z,q019,recycled face moisturiser
2026-01-01T00:04:14.100000Z,q009,recycled wireless headphones
2026-01-01T00:04:14.300000Z,q033,Briar garden gloves
2026-01-01T00:04:14.500000Z,q004,recycled cotton shirt
2026-01-01T00:04:14.700000Z,q004,recycled cotton shirt
2026-01-01T00:04:14.900000Z,q012,black desk lamp
2026-01-01T00:04:15.100000Z,q006,wireless headphones
2026-01-01T00:04:15.300000Z,q027,black yoga mat
2026-01-01T00:04:15.500000Z,q008,Cirrus wireless headphones
2026-01-01T00:04:15.700000Z,q010,bluetooth speaker
2026-01-01T00:04:15.900000Z,q001,cotton shirt
2026-01-01T00:04:16.100000Z,q002,black cotton shirt
2026-01-01T00:04:16.300000Z,q036,wooden puzzle
2026-01-01T00:04:16.500000Z,q002,black cotton shirt
2026-01-01T00:04:16.700000Z,q046,cookbook
2026-01-01T00:04:16.900000Z,q010,bluetooth speaker
2026-01-01T00:04:17.100000Z,q021,running shoes
2026-01-01T00:04:17.300000Z,q007,black wireless headphones
2026-01-01T00:04:17.500000Z,q048,Beacon cookbook
2026-01-01T00:04:17.700000Z,q003,Alder cotton shirt
2026-01-01T00:04:17.900000Z,q005,linen dress
2026-01-01T00:04:18.100000Z,q005,linen dress
2026-01-01T00:04:18.300000Z,q017,black face moisturiser
2026-01-01T00:04:18.500000Z,q002,black cotton shirt
2026-01-01T00:04:18.700000Z,q008,Cirrus wireless headphones
2026-01-01T00:04:18.900000Z,q045,ceramic mug
2026-01-01T00:04:19.100000Z,q008,Cirrus wireless headphones
2026-01-01T00:04:19.300000Z,q006,wireless headphones
2026-01-01T00:04:19.500000Z,q009,recycled wireless headphones
2026-01-01T00:04:19.700000Z,q021,running shoes
2026-01-01T00:04:19.900000Z,q002,black cotton shirt
2026-01-01T00:04:20.100000Z,q008,Cirrus wireless headphones
2026-01-01T00:04:20.300000Z,q002,black cotton shirt
2026-01-01T00:04:20.500000Z,q040,building blocks
2026-01-01T00:04:20.700000Z,q002,black cotton shirt
2026-01-01T00:04:20.900000Z,q002,black cotton shirt
2026-01-01T00:04:21.100000Z,q007,black wireless headphones
2026-01-01T00:04:21.300000Z,q010,bluetooth speaker
2026-01-01T00:04:21.500000Z,q012,black desk lamp
2026-01-01T00:04:21.700000Z,q005,linen dress
2026-01-01T00:04:21.900000Z,q013,Harbour desk lamp
2026-01-01T00:04:22.100000Z,q011,desk lamp
2026-01-01T00:04:22.300000Z,q003,Alder cotton shirt
2026-01-01T00:04:22.500000Z,q007,black wireless headphones
2026-01-01T00:04:22.700000Z,q010,bluetooth speaker
2026-01-01T00:04:22.900000Z,q002,black cotton shirt
2026-01-01T00:04:23.100000Z,q020,shampoo
2026-01-01T00:04:23.300000Z,q022,black running shoes
2026-01-01T00:04:23.500000Z,q006,wireless headphones
2026-01-01T00:04:23.700000Z,q009,recycled wireless headphones
2026-01-01T00:04:23.900000Z,q008,Cirrus wireless headphones
2026-01-01T00:04:24.100000Z,q003,Alder cotton shirt
2026-01-01T00:04:24.300000Z,q009,recycled wireless headphones
2026-01-01T00:04:24.500000Z,q008,Cirrus wireless headphones
2026-01-01T00:04:24.700000Z,q008,Cirrus wireless headphones
2026-01-01T00:04:24.900000Z,q009,recycled wireless headphones
2026-01-01T00:04:25.100000Z,q046,cookbook
2026-01-01T00:04:25.300000Z,q043,Bramble steel saucepan
2026-01-01T00:04:25.500000Z,q034,recycled garden gloves
2026-01-01T00:04:25.700000Z,q002,black cotton shirt
2026-01-01T00:04:25.900000Z,q005,linen dress
2026-01-01T00:04:26.100000Z,q001,cotton shirt
2026-01-01T00:04:26.300000Z,q044,recycled steel saucepan
2026-01-01T00:04:26.500000Z,q049,recycled cookbook
2026-01-01T00:04:26.700000Z,q005,linen dress
2026-01-01T00:04:26.900000Z,q007,black wireless headphones
2026-01-01T00:04:27.100000Z,q013,Harbour desk lamp
2026-01-01T00:04:27.300000Z,q005,linen dress
2026-01-01T00:04:27.500000Z,q021,running shoes
2026-01-01T00:04:27.700000Z,q049,recycled cookbook
2026-01-01T00:04:27.900000Z,q001,cotton shirt
2026-01-01T00:04:28.100000Z,q041,steel saucepan
2026-01-01T00:04:28.300000Z,q006,wireless headphones
2026-01-01T00:04:28.500000Z,q007,black wireless headphones
2026-01-01T00:04:28.700000Z,q045,ceramic mug
2026-01-01T00:04:28.900000Z,q010,bluetooth speaker
2026-01-01T00:04:29.100000Z,q004,recycled cotton shirt
2026-01-01T00:04:29.300000Z,q002,black cotton shirt
2026-01-01T00:04:29.500000Z,q039,recycled wooden puzzle
2026-01-01T00:04:29.700000Z,q007,black wireless headphones
2026-01-01T00:04:29.900000Z,q007,black wireless headphones
2026-01-01T00:04:30.100000Z,q016,face moisturiser
2026-01-01T00:04:30.300000Z,q001,cotton shirt
2026-01-01T00:04:30.500000Z,q013,Harbour desk lamp
2026-01-01T00:04:30.700000Z,q008,Cirrus wireless headphones
2026-01-01T00:04:30.900000Z,q050,travel guide
2026-01-01T00:04:31.100000Z,q006,wireless headphones
2026-01-01T00:04:31.300000Z,q010,bluetooth speaker
2026-01-01T00:04:31.500000Z,q028,Altis yoga mat
2026-01-01T00:04:31.700000Z,q002,black cotton shirt
2026-01-01T00:04:31.900000Z,q007,black wireless headphones
2026-01-01T00:04:32.100000Z,q002,black cotton shirt
2026-01-01T00:04:32.300000Z,q004,recycled cotton shirt
2026-01-01T00:04:32.500000Z,q008,Cirrus wireless headphones
2026-01-01T00:04:32.700000Z,q002,black cotton shirt
2026-01-01T00:04:32.900000Z,q010,bluetooth speaker
2026-01-01T00:04:33.100000Z,q005,linen dress
2026-01-01T00:04:33.300000Z,q025,walking boots
2026-01-01T00:04:33.500000Z,q022,black running shoes
2026-01-01T00:04:33.700000Z,q010,bluetooth speaker
2026-01-01T00:04:33.900000Z,q007,black wireless headphones
2026-01-01T00:04:34.100000Z,q003,Alder cotton shirt
2026-01-01T00:04:34.300000Z,q011,desk lamp
2026-01-01T00:04:34.500000Z,q008,Cirrus wireless headphones
2026-01-01T00:04:34.700000Z,q007,black wireless headphones
2026-01-01T00:04:34.900000Z,q003,Alder cotton shirt
2026-01-01T00:04:35.083000Z,q025,walking boots
2026-01-01T00:04:35.250000Z,q027,black yoga mat
2026-01-01T00:04:35.417000Z,q050,travel guide
2026-01-01T00:04:35.583000Z,q003,Alder cotton shirt
2026-01-01T00:04:35.750000Z,q007,black wireless headphones
2026-01-01T00:04:35.917000Z,q007,black wireless headphones
2026-01-01T00:04:36.083000Z,q008,Cirrus wireless headphones
2026-01-01T00:04:36.250000Z,q006,wireless headphones
2026-01-01T00:04:36.417000Z,q010,bluetooth speaker
2026-01-01T00:04:36.583000Z,q006,wireless headphones
2026-01-01T00:04:36.750000Z,q021,running shoes
2026-01-01T00:04:36.917000Z,q003,Alder cotton shirt
2026-01-01T00:04:37.083000Z,q001,cotton shirt
2026-01-01T00:04:37.250000Z,q009,recycled wireless headphones
2026-01-01T00:04:37.417000Z,q005,linen dress
2026-01-01T00:04:37.583000Z,q008,Cirrus wireless headphones
2026-01-01T00:04:37.750000Z,q007,black wireless headphones
2026-01-01T00:04:37.917000Z,q021,running shoes
2026-01-01T00:04:38.083000Z,q022,black running shoes
2026-01-01T00:04:38.250000Z,q010,bluetooth speaker
2026-01-01T00:04:38.417000Z,q005,linen dress
2026-01-01T00:04:38.583000Z,q028,Altis yoga mat
2026-01-01T00:04:38.750000Z,q028,Altis yoga mat
2026-01-01T00:04:38.917000Z,q002,black cotton shirt
2026-01-01T00:04:39.083000Z,q043,Bramble steel saucepan
2026-01-01T00:04:39.250000Z,q010,bluetooth speaker
2026-01-01T00:04:39.417000Z,q013,Harbour desk lamp
2026-01-01T00:04:39.583000Z,q007,black wireless headphones
2026-01-01T00:04:39.750000Z,q002,black cotton shirt
2026-01-01T00:04:39.917000Z,q004,recycled cotton shirt
2026-01-01T00:04:40.083000Z,q031,garden gloves
2026-01-01T00:04:40.250000Z,q008,Cirrus wireless headphones
2026-01-01T00:04:40.417000Z,q027,black yoga mat
2026-01-01T00:04:40.583000Z,q009,recycled wireless headphones
2026-01-01T00:04:40.750000Z,q003,Alder cotton shirt
2026-01-01T00:04:40.917000Z,q021,running shoes
2026-01-01T00:04:41.083000Z,q038,Acorn wooden puzzle
2026-01-01T00:04:41.250000Z,q005,linen dress
2026-01-01T00:04:41.417000Z,q006,wireless headphones
2026-01-01T00:04:41.583000Z,q003,Alder cotton shirt
2026-01-01T00:04:41.750000Z,q001,cotton shirt
2026-01-01T00:04:41.917000Z,q010,bluetooth speaker
2026-01-01T00:04:42.083000Z,q001,cotton shirt
2026-01-01T00:04:42.250000Z,q029,recycled yoga mat
2026-01-01T00:04:42.417000Z,q005,linen dress
2026-01-01T00:04:42.583000Z,q027,black yoga mat
2026-01-01T00:04:42.750000Z,q008,Cirrus wireless headphones
2026-01-01T00:04:42.917000Z,q031,garden gloves
2026-01-01T00:04:43.083000Z,q010,bluetooth speaker
2026-01-01T00:04:43.250000Z,q003,Alder cotton shirt
2026-01-01T00:04:43.417000Z,q004,recycled cotton shirt
2026-01-01T00:04:43.583000Z,q039,recycled wooden puzzle
2026-01-01T00:04:43.750000Z,q001,cotton shirt
2026-01-01T00:04:43.917000Z,q009,recycled wireless headphones
2026-01-01T00:04:44.083000Z,q009,recycled wireless headphones
2026-01-01T00:04:44.250000Z,q010,bluetooth speaker
2026-01-01T00:04:44.417000Z,q002,black cotton shirt
2026-01-01T00:04:44.583000Z,q010,bluetooth speaker
2026-01-01T00:04:44.750000Z,q006,wireless headphones
2026-01-01T00:04:44.917000Z,q003,Alder cotton shirt
2026-01-01T00:04:45.083000Z,q003,Alder cotton shirt
2026-01-01T00:04:45.250000Z,q045,ceramic mug
2026-01-01T00:04:45.417000Z,q009,recycled wireless headphones
2026-01-01T00:04:45.583000Z,q050,travel guide
2026-01-01T00:04:45.750000Z,q042,black steel saucepan
2026-01-01T00:04:45.917000Z,q007,black wireless headphones
2026-01-01T00:04:46.083000Z,q003,Alder cotton shirt
2026-01-01T00:04:46.250000Z,q006,wireless headphones
2026-01-01T00:04:46.417000Z,q042,black steel saucepan
2026-01-01T00:04:46.583000Z,q006,wireless headphones
2026-01-01T00:04:46.750000Z,q023,Stridely running shoes
2026-01-01T00:04:46.917000Z,q007,black wireless headphones
2026-01-01T00:04:47.083000Z,q023,Stridely running shoes
2026-01-01T00:04:47.250000Z,q004,recycled cotton shirt
2026-01-01T00:04:47.417000Z,q046,cookbook
2026-01-01T00:04:47.583000Z,q005,linen dress
2026-01-01T00:04:47.750000Z,q007,black wireless headphones
2026-01-01T00:04:47.917000Z,q006,wireless headphones
2026-01-01T00:04:48.083000Z,q006,wireless headphones
2026-01-01T00:04:48.250000Z,q010,bluetooth speaker
2026-01-01T00:04:48.417000Z,q008,Cirrus wireless headphones
2026-01-01T00:04:48.583000Z,q003,Alder cotton shirt
2026-01-01T00:04:48.750000Z,q006,wireless headphones
2026-01-01T00:04:48.917000Z,q010,bluetooth speaker
2026-01-01T00:04:49.083000Z,q037,black wooden puzzle
2026-01-01T00:04:49.250000Z,q005,linen dress
2026-01-01T00:04:49.417000Z,q006,wireless headphones
2026-01-01T00:04:49.583000Z,q006,wireless headphones
2026-01-01T00:04:49.750000Z,q008,Cirrus wireless headphones
2026-01-01T00:04:49.917000Z,q039,recycled wooden puzzle
2026-01-01T00:04:50.083000Z,q002,black cotton shirt
2026-01-01T00:04:50.250000Z,q004,recycled cotton shirt
2026-01-01T00:04:50.417000Z,q003,Alder cotton shirt
2026-01-01T00:04:50.583000Z,q003,Alder cotton shirt
2026-01-01T00:04:50.750000Z,q001,cotton shirt
2026-01-01T00:04:50.917000Z,q043,Bramble steel saucepan
2026-01-01T00:04:51.083000Z,q007,black wireless headphones
2026-01-01T00:04:51.250000Z,q002,black cotton shirt
2026-01-01T00:04:51.417000Z,q001,cotton shirt
2026-01-01T00:04:51.583000Z,q009,recycled wireless headphones
2026-01-01T00:04:51.750000Z,q001,cotton shirt
2026-01-01T00:04:51.917000Z,q003,Alder cotton shirt
2026-01-01T00:04:52.083000Z,q009,recycled wireless headphones
2026-01-01T00:04:52.250000Z,q038,Acorn wooden puzzle
2026-01-01T00:04:52.417000Z,q006,wireless headphones
2026-01-01T00:04:52.583000Z,q003,Alder cotton shirt
2026-01-01T00:04:52.750000Z,q009,recycled wireless headphones
2026-01-01T00:04:52.917000Z,q020,shampoo
2026-01-01T00:04:53.071000Z,q004,recycled cotton shirt
2026-01-01T00:04:53.214000Z,q012,black desk lamp
2026-01-01T00:04:53.357000Z,q014,recycled desk lamp
2026-01-01T00:04:53.500000Z,q005,linen dress
2026-01-01T00:04:53.643000Z,q018,Bloomwell face moisturiser
2026-01-01T00:04:53.786000Z,q003,Alder cotton shirt
2026-01-01T00:04:53.929000Z,q001,cotton shirt
2026-01-01T00:04:54.071000Z,q003,Alder cotton shirt
2026-01-01T00:04:54.214000Z,q005,linen dress
2026-01-01T00:04:54.357000Z,q005,linen dress
2026-01-01T00:04:54.500000Z,q004,recycled cotton shirt
2026-01-01T00:04:54.643000Z,q003,Alder cotton shirt
2026-01-01T00:04:54.786000Z,q022,black running shoes
2026-01-01T00:04:54.929000Z,q001,cotton shirt
2026-01-01T00:04:55.071000Z,q039,recycled wooden puzzle
2026-01-01T00:04:55.214000Z,q009,recycled wireless headphones
2026-01-01T00:04:55.357000Z,q004,recycled cotton shirt
2026-01-01T00:04:55.500000Z,q010,bluetooth speaker
2026-01-01T00:04:55.643000Z,q007,black wireless headphones
2026-01-01T00:04:55.786000Z,q005,linen dress
2026-01-01T00:04:55.929000Z,q047,black cookbook
2026-01-01T00:04:56.071000Z,q009,recycled wireless headphones
2026-01-01T00:04:56.214000Z,q041,steel saucepan
2026-01-01T00:04:56.357000Z,q002,black cotton shirt
2026-01-01T00:04:56.500000Z,q010,bluetooth speaker
2026-01-01T00:04:56.643000Z,q003,Alder cotton shirt
2026-01-01T00:04:56.786000Z,q035,watering can
2026-01-01T00:04:56.929000Z,q010,bluetooth speaker
2026-01-01T00:04:57.071000Z,q009,recycled wireless headphones
2026-01-01T00:04:57.214000Z,q009,recycled wireless headphones
2026-01-01T00:04:57.357000Z,q005,linen dress
2026-01-01T00:04:57.500000Z,q005,linen dress
2026-01-01T00:04:57.643000Z,q008,Cirrus wireless headphones
2026-01-01T00:04:57.786000Z,q049,recycled cookbook
2026-01-01T00:04:57.929000Z,q006,wireless headphones
2026-01-01T00:04:58.071000Z,q020,shampoo
2026-01-01T00:04:58.214000Z,q036,wooden puzzle
2026-01-01T00:04:58.357000Z,q001,cotton shirt
2026-01-01T00:04:58.500000Z,q002,black cotton shirt
2026-01-01T00:04:58.643000Z,q005,linen dress
2026-01-01T00:04:58.786000Z,q009,recycled wireless headphones
2026-01-01T00:04:58.929000Z,q014,recycled desk lamp
2026-01-01T00:04:59.071000Z,q009,recycled wireless headphones
2026-01-01T00:04:59.214000Z,q008,Cirrus wireless headphones
2026-01-01T00:04:59.357000Z,q005,linen dress
2026-01-01T00:04:59.500000Z,q010,bluetooth speaker
2026-01-01T00:04:59.643000Z,q010,bluetooth speaker
2026-01-01T00:04:59.786000Z,q006,wireless headphones
2026-01-01T00:04:59.929000Z,q006,wireless headphones
2026-01-01T00:05:00.071000Z,q005,linen dress
2026-01-01T00:05:00.214000Z,q003,Alder cotton shirt
2026-01-01T00:05:00.357000Z,q003,Alder cotton shirt
2026-01-01T00:05:00.500000Z,q007,black wireless headphones
2026-01-01T00:05:00.643000Z,q004,recycled cotton shirt
2026-01-01T00:05:00.786000Z,q004,recycled cotton shirt
2026-01-01T00:05:00.929000Z,q002,black cotton shirt
2026-01-01T00:05:01.071000Z,q028,Altis yoga mat
2026-01-01T00:05:01.214000Z,q001,cotton shirt
2026-01-01T00:05:01.357000Z,q013,Harbour desk lamp
2026-01-01T00:05:01.500000Z,q026,yoga mat
2026-01-01T00:05:01.643000Z,q001,cotton shirt
2026-01-01T00:05:01.786000Z,q004,recycled cotton shirt
2026-01-01T00:05:01.929000Z,q002,black cotton shirt
2026-01-01T00:05:02.071000Z,q009,recycled wireless headphones
2026-01-01T00:05:02.214000Z,q004,recycled cotton shirt
2026-01-01T00:05:02.357000Z,q010,bluetooth speaker
2026-01-01T00:05:02.500000Z,q008,Cirrus wireless headphones
2026-01-01T00:05:02.643000Z,q038,Acorn wooden puzzle
2026-01-01T00:05:02.786000Z,q015,cotton bedding
2026-01-01T00:05:02.929000Z,q010,bluetooth speaker
2026-01-01T00:05:03.071000Z,q002,black cotton shirt
2026-01-01T00:05:03.214000Z,q024,recycled running shoes
2026-01-01T00:05:03.357000Z,q004,recycled cotton shirt
2026-01-01T00:05:03.500000Z,q005,linen dress
2026-01-01T00:05:03.643000Z,q008,Cirrus wireless headphones
2026-01-01T00:05:03.786000Z,q011,desk lamp
2026-01-01T00:05:03.929000Z,q010,bluetooth speaker
2026-01-01T00:05:04.071000Z,q005,linen dress
2026-01-01T00:05:04.214000Z,q009,recycled wireless headphones
2026-01-01T00:05:04.357000Z,q035,watering can
2026-01-01T00:05:04.500000Z,q010,bluetooth speaker
2026-01-01T00:05:04.643000Z,q003,Alder cotton shirt
2026-01-01T00:05:04.786000Z,q006,wireless headphones
2026-01-01T00:05:04.929000Z,q008,Cirrus wireless headphones
2026-01-01T00:05:05.071000Z,q005,linen dress
2026-01-01T00:05:05.214000Z,q045,ceramic mug
2026-01-01T00:05:05.357000Z,q005,linen dress
2026-01-01T00:05:05.500000Z,q009,recycled wireless headphones
2026-01-01T00:05:05.643000Z,q018,Bloomwell face moisturiser
2026-01-01T00:05:05.786000Z,q009,recycled wireless headphones
2026-01-01T00:05:05.929000Z,q004,recycled cotton shirt
2026-01-01T00:05:06.071000Z,q007,black wireless headphones
2026-01-01T00:05:06.214000Z,q009,recycled wireless headphones
2026-01-01T00:05:06.357000Z,q012,black desk lamp
2026-01-01T00:05:06.500000Z,q010,bluetooth speaker
2026-01-01T00:05:06.643000Z,q025,walking boots
2026-01-01T00:05:06.786000Z,q001,cotton shirt
2026-01-01T00:05:06.929000Z,q044,recycled steel saucepan
2026-01-01T00:05:07.071000Z,q034,recycled garden gloves
2026-01-01T00:05:07.214000Z,q004,recycled cotton shirt
2026-01-01T00:05:07.357000Z,q030,football
2026-01-01T00:05:07.500000Z,q048,Beacon cookbook
2026-01-01T00:05:07.643000Z,q029,recycled yoga mat
2026-01-01T00:05:07.786000Z,q020,shampoo
2026-01-01T00:05:07.929000Z,q006,wireless headphones
2026-01-01T00:05:08.062000Z,q006,wireless headphones
2026-01-01T00:05:08.188000Z,q008,Cirrus wireless headphones
2026-01-01T00:05:08.312000Z,q010,bluetooth speaker
2026-01-01T00:05:08.438000Z,q044,recycled steel saucepan
2026-01-01T00:05:08.562000Z,q004,recycled cotton shirt
2026-01-01T00:05:08.688000Z,q010,bluetooth speaker
2026-01-01T00:05:08.812000Z,q035,watering can
2026-01-01T00:05:08.938000Z,q008,Cirrus wireless headphones
2026-01-01T00:05:09.062000Z,q001,cotton shirt
2026-01-01T00:05:09.188000Z,q039,recycled wooden puzzle
2026-01-01T00:05:09.312000Z,q003,Alder cotton shirt
2026-01-01T00:05:09.438000Z,q026,yoga mat
2026-01-01T00:05:09.562000Z,q001,cotton shirt
2026-01-01T00:05:09.688000Z,q009,recycled wireless headphones
2026-01-01T00:05:09.812000Z,q001,cotton shirt
2026-01-01T00:05:09.938000Z,q002,black cotton shirt
2026-01-01T00:05:10.062000Z,q030,football
2026-01-01T00:05:10.188000Z,q007,black wireless headphones
2026-01-01T00:05:10.312000Z,q015,cotton bedding
2026-01-01T00:05:10.438000Z,q007,black wireless headphones
2026-01-01T00:05:10.562000Z,q004,recycled cotton shirt
2026-01-01T00:05:10.688000Z,q027,black yoga mat
2026-01-01T00:05:10.812000Z,q008,Cirrus wireless headphones
2026-01-01T00:05:10.938000Z,q008,Cirrus wireless headphones
2026-01-01T00:05:11.062000Z,q009,recycled wireless headphones
2026-01-01T00:05:11.188000Z,q033,Briar garden gloves
2026-01-01T00:05:11.312000Z,q047,black cookbook
2026-01-01T00:05:11.438000Z,q006,wireless headphones
2026-01-01T00:05:11.562000Z,q004,recycled cotton shirt
2026-01-01T00:05:11.688000Z,q009,recycled wireless headphones
2026-01-01T00:05:11.812000Z,q005,linen dress
2026-01-01T00:05:11.938000Z,q006,wireless headphones
2026-01-01T00:05:12.062000Z,q003,Alder cotton shirt
2026-01-01T00:05:12.188000Z,q005,linen dress
2026-01-01T00:05:12.312000Z,q004,recycled cotton shirt
2026-01-01T00:05:12.438000Z,q006,wireless headphones
2026-01-01T00:05:12.562000Z,q009,recycled wireless headphones
2026-01-01T00:05:12.688000Z,q003,Alder cotton shirt
2026-01-01T00:05:12.812000Z,q003,Alder cotton shirt
2026-01-01T00:05:12.938000Z,q042,black steel saucepan
2026-01-01T00:05:13.062000Z,q045,ceramic mug
2026-01-01T00:05:13.188000Z,q045,ceramic mug
2026-01-01T00:05:13.312000Z,q002,black cotton shirt
2026-01-01T00:05:13.438000Z,q003,Alder cotton shirt
2026-01-01T00:05:13.562000Z,q010,bluetooth speaker
2026-01-01T00:05:13.688000Z,q043,Bramble steel saucepan
2026-01-01T00:05:13.812000Z,q007,black wireless headphones
2026-01-01T00:05:13.938000Z,q010,bluetooth speaker
2026-01-01T00:05:14.062000Z,q004,recycled cotton shirt
2026-01-01T00:05:14.188000Z,q001,cotton shirt
2026-01-01T00:05:14.312000Z,q022,black running shoes
2026-01-01T00:05:14.438000Z,q027,black yoga mat
2026-01-01T00:05:14.562000Z,q002,black cotton shirt
2026-01-01T00:05:14.688000Z,q038,Acorn wooden puzzle
2026-01-01T00:05:14.812000Z,q004,recycled cotton shirt
2026-01-01T00:05:14.938000Z,q002,black cotton shirt
2026-01-01T00:05:15.062000Z,q039,recycled wooden puzzle
2026-01-01T00:05:15.188000Z,q007,black wireless headphones
2026-01-01T00:05:15.312000Z,q002,black cotton shirt
2026-01-01T00:05:15.438000Z,q004,recycled cotton shirt
2026-01-01T00:05:15.562000Z,q043,Bramble steel saucepan
2026-01-01T00:05:15.688000Z,q047,black cookbook
2026-01-01T00:05:15.812000Z,q001,cotton shirt
2026-01-01T00:05:15.938000Z,q005,linen dress
2026-01-01T00:05:16.062000Z,q006,wireless headphones
2026-01-01T00:05:16.188000Z,q002,black cotton shirt
2026-01-01T00:05:16.312000Z,q006,wireless headphones
2026-01-01T00:05:16.438000Z,q008,Cirrus wireless headphones
2026-01-01T00:05:16.562000Z,q008,Cirrus wireless headphones
2026-01-01T00:05:16.688000Z,q013,Harbour desk lamp
2026-01-01T00:05:16.812000Z,q013,Harbour desk lamp
2026-01-01T00:05:16.938000Z,q019,recycled face moisturiser
2026-01-01T00:05:17.062000Z,q006,wireless headphones
2026-01-01T00:05:17.188000Z,q007,black wireless headphones
2026-01-01T00:05:17.312000Z,q040,building blocks
2026-01-01T00:05:17.438000Z,q002,black cotton shirt
2026-01-01T00:05:17.562000Z,q006,wireless headphones
2026-01-01T00:05:17.688000Z,q009,recycled wireless headphones
2026-01-01T00:05:17.812000Z,q009,recycled wireless headphones
2026-01-01T00:05:17.938000Z,q039,recycled wooden puzzle
2026-01-01T00:05:18.062000Z,q039,recycled wooden puzzle
2026-01-01T00:05:18.188000Z,q007,black wireless headphones
2026-01-01T00:05:18.312000Z,q001,cotton shirt
2026-01-01T00:05:18.438000Z,q010,bluetooth speaker
2026-01-01T00:05:18.562000Z,q006,wireless headphones
2026-01-01T00:05:18.688000Z,q039,recycled wooden puzzle
2026-01-01T00:05:18.812000Z,q004,recycled cotton shirt
2026-01-01T00:05:18.938000Z,q017,black face moisturiser
2026-01-01T00:05:19.062000Z,q033,Briar garden gloves
2026-01-01T00:05:19.188000Z,q005,linen dress
2026-01-01T00:05:19.312000Z,q006,wireless headphones
2026-01-01T00:05:19.438000Z,q006,wireless headphones
2026-01-01T00:05:19.562000Z,q009,recycled wireless headphones
2026-01-01T00:05:19.688000Z,q005,linen dress
2026-01-01T00:05:19.812000Z,q032,black garden gloves
2026-01-01T00:05:19.938000Z,q004,recycled cotton shirt
2026-01-01T00:05:20.062000Z,q002,black cotton shirt
2026-01-01T00:05:20.188000Z,q012,black desk lamp
2026-01-01T00:05:20.312000Z,q008,Cirrus wireless headphones
2026-01-01T00:05:20.438000Z,q036,wooden puzzle
2026-01-01T00:05:20.562000Z,q047,black cookbook
2026-01-01T00:05:20.688000Z,q004,recycled cotton shirt
2026-01-01T00:05:20.812000Z,q009,recycled wireless headphones
2026-01-01T00:05:20.938000Z,q038,Acorn wooden puzzle
2026-01-01T00:05:21.062000Z,q003,Alder cotton shirt
2026-01-01T00:05:21.188000Z,q032,black garden gloves
2026-01-01T00:05:21.312000Z,q010,bluetooth speaker
2026-01-01T00:05:21.438000Z,q003,Alder cotton shirt
2026-01-01T00:05:21.562000Z,q001,cotton shirt
2026-01-01T00:05:21.688000Z,q009,recycled wireless headphones
2026-01-01T00:05:21.812000Z,q041,steel saucepan
2026-01-01T00:05:21.938000Z,q028,Altis yoga mat
2026-01-01T00:05:22.062000Z,q006,wireless headphones
2026-01-01T00:05:22.188000Z,q008,Cirrus wireless headphones
2026-01-01T00:05:22.312000Z,q001,cotton shirt
2026-01-01T00:05:22.438000Z,q010,bluetooth speaker
2026-01-01T00:05:22.562000Z,q040,building blocks
2026-01-01T00:05:22.688000Z,q001,cotton shirt
2026-01-01T00:05:22.812000Z,q013,Harbour desk lamp
2026-01-01T00:05:22.938000Z,q036,wooden puzzle
2026-01-01T00:05:23.062000Z,q002,black cotton shirt
2026-01-01T00:05:23.188000Z,q025,walking boots
2026-01-01T00:05:23.312000Z,q006,wireless headphones
2026-01-01T00:05:23.438000Z,q004,recycled cotton shirt
2026-01-01T00:05:23.562000Z,q008,Cirrus wireless headphones
2026-01-01T00:05:23.688000Z,q046,cookbook
2026-01-01T00:05:23.812000Z,q043,Bramble steel saucepan
2026-01-01T00:05:23.938000Z,q045,ceramic mug
2026-01-01T00:05:24.062000Z,q007,black wireless headphones
2026-01-01T00:05:24.188000Z,q002,black cotton shirt
2026-01-01T00:05:24.312000Z,q006,wireless headphones
2026-01-01T00:05:24.438000Z,q006,wireless headphones
2026-01-01T00:05:24.562000Z,q003,Alder cotton shirt
2026-01-01T00:05:24.688000Z,q004,recycled cotton shirt
2026-01-01T00:05:24.812000Z,q004,recycled cotton shirt
2026-01-01T00:05:24.938000Z,q009,recycled wireless headphones
2026-01-01T00:05:25.062000Z,q004,recycled cotton shirt
2026-01-01T00:05:25.188000Z,q005,linen dress
2026-01-01T00:05:25.312000Z,q008,Cirrus wireless headphones
2026-01-01T00:05:25.438000Z,q003,Alder cotton shirt
2026-01-01T00:05:25.562000Z,q006,wireless headphones
2026-01-01T00:05:25.688000Z,q005,linen dress
2026-01-01T00:05:25.812000Z,q048,Beacon cookbook
2026-01-01T00:05:25.938000Z,q002,black cotton shirt
2026-01-01T00:05:26.056000Z,q032,black garden gloves
2026-01-01T00:05:26.167000Z,q005,linen dress
2026-01-01T00:05:26.278000Z,q025,walking boots
2026-01-01T00:05:26.389000Z,q036,wooden puzzle
2026-01-01T00:05:26.500000Z,q006,wireless headphones
2026-01-01T00:05:26.611000Z,q009,recycled wireless headphones
2026-01-01T00:05:26.722000Z,q003,Alder cotton shirt
2026-01-01T00:05:26.833000Z,q012,black desk lamp
2026-01-01T00:05:26.944000Z,q002,black cotton shirt
2026-01-01T00:05:27.056000Z,q007,black wireless headphones
2026-01-01T00:05:27.167000Z,q007,black wireless headphones
2026-01-01T00:05:27.278000Z,q009,recycled wireless headphones
2026-01-01T00:05:27.389000Z,q001,cotton shirt
2026-01-01T00:05:27.500000Z,q008,Cirrus wireless headphones
2026-01-01T00:05:27.611000Z,q034,recycled garden gloves
2026-01-01T00:05:27.722000Z,q020,shampoo
2026-01-01T00:05:27.833000Z,q038,Acorn wooden puzzle
2026-01-01T00:05:27.944000Z,q002,black cotton shirt
2026-01-01T00:05:28.056000Z,q002,black cotton shirt
2026-01-01T00:05:28.167000Z,q015,cotton bedding
2026-01-01T00:05:28.278000Z,q006,wireless headphones
2026-01-01T00:05:28.389000Z,q001,cotton shirt
2026-01-01T00:05:28.500000Z,q001,cotton shirt
2026-01-01T00:05:28.611000Z,q005,linen dress
2026-01-01T00:05:28.722000Z,q005,linen dress
2026-01-01T00:05:28.833000Z,q009,recycled wireless headphones
2026-01-01T00:05:28.944000Z,q005,linen dress
2026-01-01T00:05:29.056000Z,q004,recycled cotton shirt
2026-01-01T00:05:29.167000Z,q021,running shoes
2026-01-01T00:05:29.278000Z,q006,wireless headphones
2026-01-01T00:05:29.389000Z,q006,wireless headphones
2026-01-01T00:05:29.500000Z,q001,cotton shirt
2026-01-01T00:05:29.611000Z,q050,travel guide
2026-01-01T00:05:29.722000Z,q004,recycled cotton shirt
2026-01-01T00:05:29.833000Z,q030,football
2026-01-01T00:05:29.944000Z,q007,black wireless headphones
2026-01-01T00:05:30.056000Z,q002,black cotton shirt
2026-01-01T00:05:30.167000Z,q008,Cirrus wireless headphones
2026-01-01T00:05:30.278000Z,q009,recycled wireless headphones
2026-01-01T00:05:30.389000Z,q004,recycled cotton shirt
2026-01-01T00:05:30.500000Z,q009,recycled wireless headphones
2026-01-01T00:05:30.611000Z,q029,recycled yoga mat
2026-01-01T00:05:30.722000Z,q007,black wireless headphones
2026-01-01T00:05:30.833000Z,q010,bluetooth speaker
2026-01-01T00:05:30.944000Z,q002,black cotton shirt
2026-01-01T00:05:31.056000Z,q030,football
2026-01-01T00:05:31.167000Z,q005,linen dress
2026-01-01T00:05:31.278000Z,q010,bluetooth speaker
2026-01-01T00:05:31.389000Z,q009,recycled wireless headphones
2026-01-01T00:05:31.500000Z,q009,recycled wireless headphones
2026-01-01T00:05:31.611000Z,q005,linen dress
2026-01-01T00:05:31.722000Z,q028,Altis yoga mat
2026-01-01T00:05:31.833000Z,q007,black wireless headphones
2026-01-01T00:05:31.944000Z,q005,linen dress
2026-01-01T00:05:32.056000Z,q023,Stridely running shoes
2026-01-01T00:05:32.167000Z,q027,black yoga mat
2026-01-01T00:05:32.278000Z,q029,recycled yoga mat
2026-01-01T00:05:32.389000Z,q008,Cirrus wireless headphones
2026-01-01T00:05:32.500000Z,q009,recycled wireless headphones
2026-01-01T00:05:32.611000Z,q001,cotton shirt
2026-01-01T00:05:32.722000Z,q002,black cotton shirt
2026-01-01T00:05:32.833000Z,q039,recycled wooden puzzle
2026-01-01T00:05:32.944000Z,q004,recycled cotton shirt
2026-01-01T00:05:33.056000Z,q007,black wireless headphones
2026-01-01T00:05:33.167000Z,q008,Cirrus wireless headphones
2026-01-01T00:05:33.278000Z,q010,bluetooth speaker
2026-01-01T00:05:33.389000Z,q002,black cotton shirt
2026-01-01T00:05:33.500000Z,q005,linen dress
2026-01-01T00:05:33.611000Z,q039,recycled wooden puzzle
2026-01-01T00:05:33.722000Z,q004,recycled cotton shirt
2026-01-01T00:05:33.833000Z,q003,Alder cotton shirt
2026-01-01T00:05:33.944000Z,q003,Alder cotton shirt
2026-01-01T00:05:34.056000Z,q005,linen dress
2026-01-01T00:05:34.167000Z,q005,linen dress
2026-01-01T00:05:34.278000Z,q012,black desk lamp
2026-01-01T00:05:34.389000Z,q004,recycled cotton shirt
2026-01-01T00:05:34.500000Z,q047,black cookbook
2026-01-01T00:05:34.611000Z,q011,desk lamp
2026-01-01T00:05:34.722000Z,q011,desk lamp
2026-01-01T00:05:34.833000Z,q003,Alder cotton shirt
2026-01-01T00:05:34.944000Z,q003,Alder cotton shirt
2026-01-01T00:05:35.056000Z,q014,recycled desk lamp
2026-01-01T00:05:35.167000Z,q014,recycled desk lamp
2026-01-01T00:05:35.278000Z,q006,wireless headphones
2026-01-01T00:05:35.389000Z,q009,recycled wireless headphones
2026-01-01T00:05:35.500000Z,q005,linen dress
2026-01-01T00:05:35.611000Z,q009,recycled wireless headphones
2026-01-01T00:05:35.722000Z,q038,Acorn wooden puzzle
2026-01-01T00:05:35.833000Z,q007,black wireless headphones
2026-01-01T00:05:35.944000Z,q008,Cirrus wireless headphones
2026-01-01T00:05:36.056000Z,q001,cotton shirt
2026-01-01T00:05:36.167000Z,q002,black cotton shirt
2026-01-01T00:05:36.278000Z,q005,linen dress
2026-01-01T00:05:36.389000Z,q003,Alder cotton shirt
2026-01-01T00:05:36.500000Z,q010,bluetooth speaker
2026-01-01T00:05:36.611000Z,q017,black face moisturiser
2026-01-01T00:05:36.722000Z,q013,Harbour desk lamp
2026-01-01T00:05:36.833000Z,q008,Cirrus wireless headphones
2026-01-01T00:05:36.944000Z,q008,Cirrus wireless headphones
2026-01-01T00:05:37.056000Z,q016,face moisturiser
2026-01-01T00:05:37.167000Z,q013,Harbour desk lamp
2026-01-01T00:05:37.278000Z,q050,travel guide
2026-01-01T00:05:37.389000Z,q006,wireless headphones
2026-01-01T00:05:37.500000Z,q009,recycled wireless headphones
2026-01-01T00:05:37.611000Z,q005,linen dress
2026-01-01T00:05:37.722000Z,q031,garden gloves
2026-01-01T00:05:37.833000Z,q046,cookbook
2026-01-01T00:05:37.944000Z,q004,recycled cotton shirt
2026-01-01T00:05:38.056000Z,q002,black cotton shirt
2026-01-01T00:05:38.167000Z,q005,linen dress
2026-01-01T00:05:38.278000Z,q007,black wireless headphones
2026-01-01T00:05:38.389000Z,q010,bluetooth speaker
2026-01-01T00:05:38.500000Z,q002,black cotton shirt
2026-01-01T00:05:38.611000Z,q037,black wooden puzzle
2026-01-01T00:05:38.722000Z,q013,Harbour desk lamp
2026-01-01T00:05:38.833000Z,q006,wireless headphones
2026-01-01T00:05:38.944000Z,q009,recycled wireless headphones
2026-01-01T00:05:39.056000Z,q010,bluetooth speaker
2026-01-01T00:05:39.167000Z,q005,linen dress
2026-01-01T00:05:39.278000Z,q005,linen dress
2026-01-01T00:05:39.389000Z,q007,black wireless headphones
2026-01-01T00:05:39.500000Z,q010,bluetooth speaker
2026-01-01T00:05:39.611000Z,q007,black wireless headphones
2026-01-01T00:05:39.722000Z,q022,black running shoes
2026-01-01T00:05:39.833000Z,q009,recycled wireless headphones
2026-01-01T00:05:39.944000Z,q038,Acorn wooden puzzle
2026-01-01T00:05:40.056000Z,q002,black cotton shirt
2026-01-01T00:05:40.167000Z,q003,Alder cotton shirt
2026-01-01T00:05:40.278000Z,q005,linen dress
2026-01-01T00:05:40.389000Z,q011,desk lamp
2026-01-01T00:05:40.500000Z,q027,black yoga mat
2026-01-01T00:05:40.611000Z,q004,recycled cotton shirt
2026-01-01T00:05:40.722000Z,q021,running shoes
2026-01-01T00:05:40.833000Z,q007,black wireless headphones
2026-01-01T00:05:40.944000Z,q005,linen dress
2026-01-01T00:05:41.056000Z,q002,black cotton shirt
2026-01-01T00:05:41.167000Z,q009,recycled wireless headphones
2026-01-01T00:05:41.278000Z,q005,linen dress
2026-01-01T00:05:41.389000Z,q008,Cirrus wireless headphones
2026-01-01T00:05:41.500000Z,q021,running shoes
2026-01-01T00:05:41.611000Z,q004,recycled cotton shirt
2026-01-01T00:05:41.722000Z,q006,wireless headphones
2026-01-01T00:05:41.833000Z,q006,wireless headphones
2026-01-01T00:05:41.944000Z,q003,Alder cotton shirt
2026-01-01T00:05:42.056000Z,q023,Stridely running shoes
2026-01-01T00:05:42.167000Z,q005,linen dress
2026-01-01T00:05:42.278000Z,q010,bluetooth speaker
2026-01-01T00:05:42.389000Z,q039,recycled wooden puzzle
2026-01-01T00:05:42.500000Z,q009,recycled wireless headphones
2026-01-01T00:05:42.611000Z,q038,Acorn wooden puzzle
2026-01-01T00:05:42.722000Z,q001,cotton shirt
2026-01-01T00:05:42.833000Z,q008,Cirrus wireless headphones
2026-01-01T00:05:42.944000Z,q004,recycled cotton shirt
2026-01-01T00:05:43.056000Z,q001,cotton shirt
2026-01-01T00:05:43.167000Z,q010,bluetooth speaker
2026-01-01T00:05:43.278000Z,q019,recycled face moisturiser
2026-01-01T00:05:43.389000Z,q009,recycled wireless headphones
2026-01-01T00:05:43.500000Z,q008,Cirrus wireless headphones
2026-01-01T00:05:43.611000Z,q010,bluetooth speaker
2026-01-01T00:05:43.722000Z,q021,running shoes
2026-01-01T00:05:43.833000Z,q008,Cirrus wireless headphones
2026-01-01T00:05:43.944000Z,q008,Cirrus wireless headphones
2026-01-01T00:05:44.056000Z,q024,recycled running shoes
2026-01-01T00:05:44.167000Z,q009,recycled wireless headphones
2026-01-01T00:05:44.278000Z,q050,travel guide
2026-01-01T00:05:44.389000Z,q002,black cotton shirt
2026-01-01T00:05:44.500000Z,q008,Cirrus wireless headphones
2026-01-01T00:05:44.611000Z,q007,black wireless headphones
2026-01-01T00:05:44.722000Z,q023,Stridely running shoes
2026-01-01T00:05:44.833000Z,q008,Cirrus wireless headphones
2026-01-01T00:05:44.944000Z,q005,linen dress
2026-01-01T00:05:45.056000Z,q005,linen dress
2026-01-01T00:05:45.167000Z,q010,bluetooth speaker
2026-01-01T00:05:45.278000Z,q006,wireless headphones
2026-01-01T00:05:45.389000Z,q004,recycled cotton shirt
2026-01-01T00:05:45.500000Z,q049,recycled cookbook
2026-01-01T00:05:45.611000Z,q007,black wireless headphones
2026-01-01T00:05:45.722000Z,q003,Alder cotton shirt
2026-01-01T00:05:45.833000Z,q005,linen dress
2026-01-01T00:05:45.944000Z,q038,Acorn wooden puzzle
2026-01-01T00:05:46.056000Z,q040,building blocks
2026-01-01T00:05:46.167000Z,q005,linen dress
2026-01-01T00:05:46.278000Z,q011,desk lamp
2026-01-01T00:05:46.389000Z,q006,wireless headphones
2026-01-01T00:05:46.500000Z,q005,linen dress
2026-01-01T00:05:46.611000Z,q039,recycled wooden puzzle
2026-01-01T00:05:46.722000Z,q005,linen dress
2026-01-01T00:05:46.833000Z,q010,bluetooth speaker
2026-01-01T00:05:46.944000Z,q001,cotton shirt
2026-01-01T00:05:47.056000Z,q004,recycled cotton shirt
2026-01-01T00:05:47.167000Z,q026,yoga mat
2026-01-01T00:05:47.278000Z,q006,wireless headphones
2026-01-01T00:05:47.389000Z,q019,recycled face moisturiser
2026-01-01T00:05:47.500000Z,q003,Alder cotton shirt
2026-01-01T00:05:47.611000Z,q030,football
2026-01-01T00:05:47.722000Z,q004,recycled cotton shirt
2026-01-01T00:05:47.833000Z,q009,recycled wireless headphones
2026-01-01T00:05:47.944000Z,q009,recycled wireless headphones
2026-01-01T00:05:48.050000Z,q006,wireless headphones
2026-01-01T00:05:48.150000Z,q001,cotton shirt
2026-01-01T00:05:48.250000Z,q009,recycled wireless headphones
2026-01-01T00:05:48.350000Z,q008,Cirrus wireless headphones
2026-01-01T00:05:48.450000Z,q031,garden gloves
2026-01-01T00:05:48.550000Z,q011,desk lamp
2026-01-01T00:05:48.650000Z,q007,black wireless headphones
2026-01-01T00:05:48.750000Z,q009,recycled wireless headphones
2026-01-01T00:05:48.850000Z,q002,black cotton shirt
2026-01-01T00:05:48.950000Z,q010,bluetooth speaker
2026-01-01T00:05:49.050000Z,q001,cotton shirt
2026-01-01T00:05:49.150000Z,q009,recycled wireless headphones
2026-01-01T00:05:49.250000Z,q010,bluetooth speaker
2026-01-01T00:05:49.350000Z,q010,bluetooth speaker
2026-01-01T00:05:49.450000Z,q010,bluetooth speaker
2026-01-01T00:05:49.550000Z,q021,running shoes
2026-01-01T00:05:49.650000Z,q026,yoga mat
2026-01-01T00:05:49.750000Z,q007,black wireless headphones
2026-01-01T00:05:49.850000Z,q010,bluetooth speaker
2026-01-01T00:05:49.950000Z,q039,recycled wooden puzzle
2026-01-01T00:05:50.050000Z,q009,recycled wireless headphones
2026-01-01T00:05:50.150000Z,q001,cotton shirt
2026-01-01T00:05:50.250000Z,q003,Alder cotton shirt
2026-01-01T00:05:50.350000Z,q006,wireless headphones
2026-01-01T00:05:50.450000Z,q034,recycled garden gloves
2026-01-01T00:05:50.550000Z,q008,Cirrus wireless headphones
2026-01-01T00:05:50.650000Z,q007,black wireless headphones
2026-01-01T00:05:50.750000Z,q008,Cirrus wireless headphones
2026-01-01T00:05:50.850000Z,q039,recycled wooden puzzle
2026-01-01T00:05:50.950000Z,q003,Alder cotton shirt
2026-01-01T00:05:51.050000Z,q007,black wireless headphones
2026-01-01T00:05:51.150000Z,q009,recycled wireless headphones
2026-01-01T00:05:51.250000Z,q050,travel guide
2026-01-01T00:05:51.350000Z,q005,linen dress
2026-01-01T00:05:51.450000Z,q007,black wireless headphones
2026-01-01T00:05:51.550000Z,q005,linen dress
2026-01-01T00:05:51.650000Z,q008,Cirrus wireless headphones
2026-01-01T00:05:51.750000Z,q002,black cotton shirt
2026-01-01T00:05:51.850000Z,q028,Altis yoga mat
2026-01-01T00:05:51.950000Z,q006,wireless headphones
2026-01-01T00:05:52.050000Z,q003,Alder cotton shirt
2026-01-01T00:05:52.150000Z,q008,Cirrus wireless headphones
2026-01-01T00:05:52.250000Z,q050,travel guide
2026-01-01T00:05:52.350000Z,q004,recycled cotton shirt
2026-01-01T00:05:52.450000Z,q001,cotton shirt
2026-01-01T00:05:52.550000Z,q001,cotton shirt
2026-01-01T00:05:52.650000Z,q003,Alder cotton shirt
2026-01-01T00:05:52.750000Z,q010,bluetooth speaker
2026-01-01T00:05:52.850000Z,q009,recycled wireless headphones
2026-01-01T00:05:52.950000Z,q003,Alder cotton shirt
2026-01-01T00:05:53.050000Z,q010,bluetooth speaker
2026-01-01T00:05:53.150000Z,q010,bluetooth speaker
2026-01-01T00:05:53.250000Z,q009,recycled wireless headphones
2026-01-01T00:05:53.350000Z,q017,black face moisturiser
2026-01-01T00:05:53.450000Z,q014,recycled desk lamp
2026-01-01T00:05:53.550000Z,q042,black steel saucepan
2026-01-01T00:05:53.650000Z,q009,recycled wireless headphones
2026-01-01T00:05:53.750000Z,q035,watering can
2026-01-01T00:05:53.850000Z,q006,wireless headphones
2026-01-01T00:05:53.950000Z,q001,cotton shirt
2026-01-01T00:05:54.050000Z,q004,recycled cotton shirt
2026-01-01T00:05:54.150000Z,q036,wooden puzzle
2026-01-01T00:05:54.250000Z,q002,black cotton shirt
2026-01-01T00:05:54.350000Z,q007,black wireless headphones
2026-01-01T00:05:54.450000Z,q008,Cirrus wireless headphones
2026-01-01T00:05:54.550000Z,q048,Beacon cookbook
2026-01-01T00:05:54.650000Z,q047,black cookbook
2026-01-01T00:05:54.750000Z,q003,Alder cotton shirt
2026-01-01T00:05:54.850000Z,q004,recycled cotton shirt
2026-01-01T00:05:54.950000Z,q003,Alder cotton shirt
2026-01-01T00:05:55.050000Z,q008,Cirrus wireless headphones
2026-01-01T00:05:55.150000Z,q026,yoga mat
2026-01-01T00:05:55.250000Z,q006,wireless headphones
2026-01-01T00:05:55.350000Z,q009,recycled wireless headphones
2026-01-01T00:05:55.450000Z,q010,bluetooth speaker
2026-01-01T00:05:55.550000Z,q009,recycled wireless headphones
2026-01-01T00:05:55.650000Z,q016,face moisturiser
2026-01-01T00:05:55.750000Z,q046,cookbook
2026-01-01T00:05:55.850000Z,q023,Stridely running shoes
2026-01-01T00:05:55.950000Z,q001,cotton shirt
2026-01-01T00:05:56.050000Z,q042,black steel saucepan
2026-01-01T00:05:56.150000Z,q001,cotton shirt
2026-01-01T00:05:56.250000Z,q035,watering can
2026-01-01T00:05:56.350000Z,q001,cotton shirt
2026-01-01T00:05:56.450000Z,q003,Alder cotton shirt
2026-01-01T00:05:56.550000Z,q004,recycled cotton shirt
2026-01-01T00:05:56.650000Z,q007,black wireless headphones
2026-01-01T00:05:56.750000Z,q009,recycled wireless headphones
2026-01-01T00:05:56.850000Z,q037,black wooden puzzle
2026-01-01T00:05:56.950000Z,q047,black cookbook
2026-01-01T00:05:57.050000Z,q001,cotton shirt
2026-01-01T00:05:57.150000Z,q008,Cirrus wireless headphones
2026-01-01T00:05:57.250000Z,q007,black wireless headphones
2026-01-01T00:05:57.350000Z,q027,black yoga mat
2026-01-01T00:05:57.450000Z,q015,cotton bedding
2026-01-01T00:05:57.550000Z,q034,recycled garden gloves
2026-01-01T00:05:57.650000Z,q003,Alder cotton shirt
2026-01-01T00:05:57.750000Z,q024,recycled running shoes
2026-01-01T00:05:57.850000Z,q005,linen dress
2026-01-01T00:05:57.950000Z,q017,black face moisturiser
2026-01-01T00:05:58.050000Z,q009,recycled wireless headphones
2026-01-01T00:05:58.150000Z,q007,black wireless headphones
2026-01-01T00:05:58.250000Z,q007,black wireless headphones
2026-01-01T00:05:58.350000Z,q044,recycled steel saucepan
2026-01-01T00:05:58.450000Z,q004,recycled cotton shirt
2026-01-01T00:05:58.550000Z,q040,building blocks
2026-01-01T00:05:58.650000Z,q010,bluetooth speaker
2026-01-01T00:05:58.750000Z,q010,bluetooth speaker
2026-01-01T00:05:58.850000Z,q001,cotton shirt
2026-01-01T00:05:58.950000Z,q001,cotton shirt
2026-01-01T00:05:59.050000Z,q010,bluetooth speaker
2026-01-01T00:05:59.150000Z,q008,Cirrus wireless headphones
2026-01-01T00:05:59.250000Z,q010,bluetooth speaker
2026-01-01T00:05:59.350000Z,q007,black wireless headphones
2026-01-01T00:05:59.450000Z,q007,black wireless headphones
2026-01-01T00:05:59.550000Z,q010,bluetooth speaker
2026-01-01T00:05:59.650000Z,q016,face moisturiser
2026-01-01T00:05:59.750000Z,q003,Alder cotton shirt
2026-01-01T00:05:59.850000Z,q004,recycled cotton shirt
2026-01-01T00:05:59.950000Z,q006,wireless headphones
2026-01-01T00:06:00.033000Z,q003,Alder cotton shirt
2026-01-01T00:06:00.100000Z,q031,garden gloves
2026-01-01T00:06:00.167000Z,q013,Harbour desk lamp
2026-01-01T00:06:00.233000Z,q007,black wireless headphones
2026-01-01T00:06:00.300000Z,q004,recycled cotton shirt
2026-01-01T00:06:00.367000Z,q002,black cotton shirt
2026-01-01T00:06:00.433000Z,q004,recycled cotton shirt
2026-01-01T00:06:00.500000Z,q026,yoga mat
2026-01-01T00:06:00.567000Z,q002,black cotton shirt
2026-01-01T00:06:00.633000Z,q031,garden gloves
2026-01-01T00:06:00.700000Z,q032,black garden gloves
2026-01-01T00:06:00.767000Z,q004,recycled cotton shirt
2026-01-01T00:06:00.833000Z,q006,wireless headphones
2026-01-01T00:06:00.900000Z,q009,recycled wireless headphones
2026-01-01T00:06:00.967000Z,q002,black cotton shirt
2026-01-01T00:06:01.033000Z,q004,recycled cotton shirt
2026-01-01T00:06:01.100000Z,q028,Altis yoga mat
2026-01-01T00:06:01.167000Z,q010,bluetooth speaker
2026-01-01T00:06:01.233000Z,q007,black wireless headphones
2026-01-01T00:06:01.300000Z,q039,recycled wooden puzzle
2026-01-01T00:06:01.367000Z,q016,face moisturiser
2026-01-01T00:06:01.433000Z,q028,Altis yoga mat
2026-01-01T00:06:01.500000Z,q002,black cotton shirt
2026-01-01T00:06:01.567000Z,q003,Alder cotton shirt
2026-01-01T00:06:01.633000Z,q007,black wireless headphones
2026-01-01T00:06:01.700000Z,q028,Altis yoga mat
2026-01-01T00:06:01.767000Z,q004,recycled cotton shirt
2026-01-01T00:06:01.833000Z,q002,black cotton shirt
2026-01-01T00:06:01.900000Z,q041,steel saucepan
2026-01-01T00:06:01.967000Z,q028,Altis yoga mat
2026-01-01T00:06:02.033000Z,q023,Stridely running shoes
2026-01-01T00:06:02.100000Z,q006,wireless headphones
2026-01-01T00:06:02.167000Z,q028,Altis yoga mat
2026-01-01T00:06:02.233000Z,q008,Cirrus wireless headphones
2026-01-01T00:06:02.300000Z,q009,recycled wireless headphones
2026-01-01T00:06:02.367000Z,q009,recycled wireless headphones
2026-01-01T00:06:02.433000Z,q001,cotton shirt
2026-01-01T00:06:02.500000Z,q005,linen dress
2026-01-01T00:06:02.567000Z,q005,linen dress
2026-01-01T00:06:02.633000Z,q004,recycled cotton shirt
2026-01-01T00:06:02.700000Z,q021,running shoes
2026-01-01T00:06:02.767000Z,q010,bluetooth speaker
2026-01-01T00:06:02.833000Z,q009,recycled wireless headphones
2026-01-01T00:06:02.900000Z,q005,linen dress
2026-01-01T00:06:02.967000Z,q009,recycled wireless headphones
2026-01-01T00:06:03.033000Z,q010,bluetooth speaker
2026-01-01T00:06:03.100000Z,q009,recycled wireless headphones
2026-01-01T00:06:03.167000Z,q003,Alder cotton shirt
2026-01-01T00:06:03.233000Z,q010,bluetooth speaker
2026-01-01T00:06:03.300000Z,q006,wireless headphones
2026-01-01T00:06:03.367000Z,q003,Alder cotton shirt
2026-01-01T00:06:03.433000Z,q007,black wireless headphones
2026-01-01T00:06:03.500000Z,q004,recycled cotton shirt
2026-01-01T00:06:03.567000Z,q010,bluetooth speaker
2026-01-01T00:06:03.633000Z,q001,cotton shirt
2026-01-01T00:06:03.700000Z,q004,recycled cotton shirt
2026-01-01T00:06:03.767000Z,q007,black wireless headphones
2026-01-01T00:06:03.833000Z,q007,black wireless headphones
2026-01-01T00:06:03.900000Z,q036,wooden puzzle
2026-01-01T00:06:03.967000Z,q008,Cirrus wireless headphones
2026-01-01T00:06:04.033000Z,q004,recycled cotton shirt
2026-01-01T00:06:04.100000Z,q004,recycled cotton shirt
2026-01-01T00:06:04.167000Z,q002,black cotton shirt
2026-01-01T00:06:04.233000Z,q042,black steel saucepan
2026-01-01T00:06:04.300000Z,q003,Alder cotton shirt
2026-01-01T00:06:04.367000Z,q018,Bloomwell face moisturiser
2026-01-01T00:06:04.433000Z,q010,bluetooth speaker
2026-01-01T00:06:04.500000Z,q001,cotton shirt
2026-01-01T00:06:04.567000Z,q002,black cotton shirt
2026-01-01T00:06:04.633000Z,q038,Acorn wooden puzzle
2026-01-01T00:06:04.700000Z,q001,cotton shirt
2026-01-01T00:06:04.767000Z,q009,recycled wireless headphones
2026-01-01T00:06:04.833000Z,q006,wireless headphones
2026-01-01T00:06:04.900000Z,q005,linen dress
2026-01-01T00:06:04.967000Z,q048,Beacon cookbook
2026-01-01T00:06:05.033000Z,q009,recycled wireless headphones
2026-01-01T00:06:05.100000Z,q002,black cotton shirt
2026-01-01T00:06:05.167000Z,q001,cotton shirt
2026-01-01T00:06:05.233000Z,q020,shampoo
2026-01-01T00:06:05.300000Z,q008,Cirrus wireless headphones
2026-01-01T00:06:05.367000Z,q048,Beacon cookbook
2026-01-01T00:06:05.433000Z,q031,garden gloves
2026-01-01T00:06:05.500000Z,q010,bluetooth speaker
2026-01-01T00:06:05.567000Z,q008,Cirrus wireless headphones
2026-01-01T00:06:05.633000Z,q005,linen dress
2026-01-01T00:06:05.700000Z,q043,Bramble steel saucepan
2026-01-01T00:06:05.767000Z,q005,linen dress
2026-01-01T00:06:05.833000Z,q047,black cookbook
2026-01-01T00:06:05.900000Z,q003,Alder cotton shirt
2026-01-01T00:06:05.967000Z,q007,black wireless headphones
2026-01-01T00:06:06.033000Z,q030,football
2026-01-01T00:06:06.100000Z,q005,linen dress
2026-01-01T00:06:06.167000Z,q008,Cirrus wireless headphones
2026-01-01T00:06:06.233000Z,q035,watering can
2026-01-01T00:06:06.300000Z,q003,Alder cotton shirt
2026-01-01T00:06:06.367000Z,q003,Alder cotton shirt
2026-01-01T00:06:06.433000Z,q019,recycled face moisturiser
2026-01-01T00:06:06.500000Z,q003,Alder cotton shirt
2026-01-01T00:06:06.567000Z,q005,linen dress
2026-01-01T00:06:06.633000Z,q009,recycled wireless headphones
2026-01-01T00:06:06.700000Z,q008,Cirrus wireless headphones
2026-01-01T00:06:06.767000Z,q011,desk lamp
2026-01-01T00:06:06.833000Z,q007,black wireless headphones
2026-01-01T00:06:06.900000Z,q006,wireless headphones
2026-01-01T00:06:06.967000Z,q041,steel saucepan
2026-01-01T00:06:07.033000Z,q007,black wireless headphones
2026-01-01T00:06:07.100000Z,q007,black wireless headphones
2026-01-01T00:06:07.167000Z,q010,bluetooth speaker
2026-01-01T00:06:07.233000Z,q019,recycled face moisturiser
2026-01-01T00:06:07.300000Z,q006,wireless headphones
2026-01-01T00:06:07.367000Z,q008,Cirrus wireless headphones
2026-01-01T00:06:07.433000Z,q004,recycled cotton shirt
2026-01-01T00:06:07.500000Z,q005,linen dress
2026-01-01T00:06:07.567000Z,q001,cotton shirt
2026-01-01T00:06:07.633000Z,q011,desk lamp
2026-01-01T00:06:07.700000Z,q011,desk lamp
2026-01-01T00:06:07.767000Z,q006,wireless headphones
2026-01-01T00:06:07.833000Z,q009,recycled wireless headphones
2026-01-01T00:06:07.900000Z,q037,black wooden puzzle
2026-01-01T00:06:07.967000Z,q035,watering can
2026-01-01T00:06:08.033000Z,q014,recycled desk lamp
2026-01-01T00:06:08.100000Z,q001,cotton shirt
2026-01-01T00:06:08.167000Z,q006,wireless headphones
2026-01-01T00:06:08.233000Z,q006,wireless headphones
2026-01-01T00:06:08.300000Z,q018,Bloomwell face moisturiser
2026-01-01T00:06:08.367000Z,q013,Harbour desk lamp
2026-01-01T00:06:08.433000Z,q007,black wireless headphones
2026-01-01T00:06:08.500000Z,q020,shampoo
2026-01-01T00:06:08.567000Z,q005,linen dress
2026-01-01T00:06:08.633000Z,q008,Cirrus wireless headphones
2026-01-01T00:06:08.700000Z,q027,black yoga mat
2026-01-01T00:06:08.767000Z,q008,Cirrus wireless headphones
2026-01-01T00:06:08.833000Z,q004,recycled cotton shirt
2026-01-01T00:06:08.900000Z,q008,Cirrus wireless headphones
2026-01-01T00:06:08.967000Z,q008,Cirrus wireless headphones
2026-01-01T00:06:09.033000Z,q001,cotton shirt
2026-01-01T00:06:09.100000Z,q008,Cirrus wireless headphones
2026-01-01T00:06:09.167000Z,q010,bluetooth speaker
2026-01-01T00:06:09.233000Z,q022,black running shoes
2026-01-01T00:06:09.300000Z,q018,Bloomwell face moisturiser
2026-01-01T00:06:09.367000Z,q025,walking boots
2026-01-01T00:06:09.433000Z,q008,Cirrus wireless headphones
2026-01-01T00:06:09.500000Z,q010,bluetooth speaker
2026-01-01T00:06:09.567000Z,q005,linen dress
2026-01-01T00:06:09.633000Z,q002,black cotton shirt
2026-01-01T00:06:09.700000Z,q008,Cirrus wireless headphones
2026-01-01T00:06:09.767000Z,q004,recycled cotton shirt
2026-01-01T00:06:09.833000Z,q008,Cirrus wireless headphones
2026-01-01T00:06:09.900000Z,q006,wireless headphones
2026-01-01T00:06:09.967000Z,q044,recycled steel saucepan
2026-01-01T00:06:10.050000Z,q008,Cirrus wireless headphones
2026-01-01T00:06:10.150000Z,q001,cotton shirt
2026-01-01T00:06:10.250000Z,q017,black face moisturiser
2026-01-01T00:06:10.350000Z,q008,Cirrus wireless headphones
2026-01-01T00:06:10.450000Z,q004,recycled cotton shirt
2026-01-01T00:06:10.550000Z,q007,black wireless headphones
2026-01-01T00:06:10.650000Z,q048,Beacon cookbook
2026-01-01T00:06:10.750000Z,q010,bluetooth speaker
2026-01-01T00:06:10.850000Z,q001,cotton shirt
2026-01-01T00:06:10.950000Z,q046,cookbook
2026-01-01T00:06:11.050000Z,q004,recycled cotton shirt
2026-01-01T00:06:11.150000Z,q009,recycled wireless headphones
2026-01-01T00:06:11.250000Z,q024,recycled running shoes
2026-01-01T00:06:11.350000Z,q005,linen dress
2026-01-01T00:06:11.450000Z,q007,black wireless headphones
2026-01-01T00:06:11.550000Z,q003,Alder cotton shirt
2026-01-01T00:06:11.650000Z,q003,Alder cotton shirt
2026-01-01T00:06:11.750000Z,q002,black cotton shirt
2026-01-01T00:06:11.850000Z,q002,black cotton shirt
2026-01-01T00:06:11.950000Z,q006,wireless headphones
2026-01-01T00:06:12.050000Z,q017,black face moisturiser
2026-01-01T00:06:12.150000Z,q027,black yoga mat
2026-01-01T00:06:12.250000Z,q021,running shoes
2026-01-01T00:06:12.350000Z,q028,Altis yoga mat
2026-01-01T00:06:12.450000Z,q035,watering can
2026-01-01T00:06:12.550000Z,q004,recycled cotton shirt
2026-01-01T00:06:12.650000Z,q006,wireless headphones
2026-01-01T00:06:12.750000Z,q010,bluetooth speaker
2026-01-01T00:06:12.850000Z,q006,wireless headphones
2026-01-01T00:06:12.950000Z,q005,linen dress
2026-01-01T00:06:13.050000Z,q008,Cirrus wireless headphones
2026-01-01T00:06:13.150000Z,q004,recycled cotton shirt
2026-01-01T00:06:13.250000Z,q008,Cirrus wireless headphones
2026-01-01T00:06:13.350000Z,q019,recycled face moisturiser
2026-01-01T00:06:13.450000Z,q023,Stridely running shoes
2026-01-01T00:06:13.550000Z,q012,black desk lamp
2026-01-01T00:06:13.650000Z,q002,black cotton shirt
2026-01-01T00:06:13.750000Z,q027,black yoga mat
2026-01-01T00:06:13.850000Z,q002,black cotton shirt
2026-01-01T00:06:13.950000Z,q001,cotton shirt
2026-01-01T00:06:14.050000Z,q008,Cirrus wireless headphones
2026-01-01T00:06:14.150000Z,q039,recycled wooden puzzle
2026-01-01T00:06:14.250000Z,q005,linen dress
2026-01-01T00:06:14.350000Z,q007,black wireless headphones
2026-01-01T00:06:14.450000Z,q013,Harbour desk lamp
2026-01-01T00:06:14.550000Z,q035,watering can
2026-01-01T00:06:14.650000Z,q036,wooden puzzle
2026-01-01T00:06:14.750000Z,q004,recycled cotton shirt
2026-01-01T00:06:14.850000Z,q010,bluetooth speaker
2026-01-01T00:06:14.950000Z,q009,recycled wireless headphones
2026-01-01T00:06:15.050000Z,q005,linen dress
2026-01-01T00:06:15.150000Z,q003,Alder cotton shirt
2026-01-01T00:06:15.250000Z,q005,linen dress
2026-01-01T00:06:15.350000Z,q003,Alder cotton shirt
2026-01-01T00:06:15.450000Z,q004,recycled cotton shirt
2026-01-01T00:06:15.550000Z,q042,black steel saucepan
2026-01-01T00:06:15.650000Z,q031,garden gloves
2026-01-01T00:06:15.750000Z,q020,shampoo
2026-01-01T00:06:15.850000Z,q043,Bramble steel saucepan
2026-01-01T00:06:15.950000Z,q002,black cotton shirt
2026-01-01T00:06:16.050000Z,q009,recycled wireless headphones
2026-01-01T00:06:16.150000Z,q027,black yoga mat
2026-01-01T00:06:16.250000Z,q004,recycled cotton shirt
2026-01-01T00:06:16.350000Z,q002,black cotton shirt
2026-01-01T00:06:16.450000Z,q040,building blocks
2026-01-01T00:06:16.550000Z,q003,Alder cotton shirt
2026-01-01T00:06:16.650000Z,q012,black desk lamp
2026-01-01T00:06:16.750000Z,q002,black cotton shirt
2026-01-01T00:06:16.850000Z,q004,recycled cotton shirt
2026-01-01T00:06:16.950000Z,q003,Alder cotton shirt
2026-01-01T00:06:17.050000Z,q028,Altis yoga mat
2026-01-01T00:06:17.150000Z,q026,yoga mat
2026-01-01T00:06:17.250000Z,q008,Cirrus wireless headphones
2026-01-01T00:06:17.350000Z,q022,black running shoes
2026-01-01T00:06:17.450000Z,q006,wireless headphones
2026-01-01T00:06:17.550000Z,q001,cotton shirt
2026-01-01T00:06:17.650000Z,q009,recycled wireless headphones
2026-01-01T00:06:17.750000Z,q010,bluetooth speaker
2026-01-01T00:06:17.850000Z,q025,walking boots
2026-01-01T00:06:17.950000Z,q009,recycled wireless headphones
2026-01-01T00:06:18.050000Z,q048,Beacon cookbook
2026-01-01T00:06:18.150000Z,q049,recycled cookbook
2026-01-01T00:06:18.250000Z,q007,black wireless headphones
2026-01-01T00:06:18.350000Z,q025,walking boots
2026-01-01T00:06:18.450000Z,q048,Beacon cookbook
2026-01-01T00:06:18.550000Z,q029,recycled yoga mat
2026-01-01T00:06:18.650000Z,q009,recycled wireless headphones
2026-01-01T00:06:18.750000Z,q003,Alder cotton shirt
2026-01-01T00:06:18.850000Z,q008,Cirrus wireless headphones
2026-01-01T00:06:18.950000Z,q025,walking boots
2026-01-01T00:06:19.050000Z,q002,black cotton shirt
2026-01-01T00:06:19.150000Z,q010,bluetooth speaker
2026-01-01T00:06:19.250000Z,q002,black cotton shirt
2026-01-01T00:06:19.350000Z,q006,wireless headphones
2026-01-01T00:06:19.450000Z,q005,linen dress
2026-01-01T00:06:19.550000Z,q004,recycled cotton shirt
2026-01-01T00:06:19.650000Z,q002,black cotton shirt
2026-01-01T00:06:19.750000Z,q003,Alder cotton shirt
2026-01-01T00:06:19.850000Z,q009,recycled wireless headphones
2026-01-01T00:06:19.950000Z,q005,linen dress
2026-01-01T00:06:20.050000Z,q036,wooden puzzle
2026-01-01T00:06:20.150000Z,q002,black cotton shirt
2026-01-01T00:06:20.250000Z,q007,black wireless headphones
2026-01-01T00:06:20.350000Z,q006,wireless headphones
2026-01-01T00:06:20.450000Z,q040,building blocks
2026-01-01T00:06:20.550000Z,q006,wireless headphones
2026-01-01T00:06:20.650000Z,q003,Alder cotton shirt
2026-01-01T00:06:20.750000Z,q008,Cirrus wireless headphones
2026-01-01T00:06:20.850000Z,q002,black cotton shirt
2026-01-01T00:06:20.950000Z,q002,black cotton shirt
2026-01-01T00:06:21.050000Z,q007,black wireless headphones
2026-01-01T00:06:21.150000Z,q022,black running shoes
2026-01-01T00:06:21.250000Z,q050,travel guide
2026-01-01T00:06:21.350000Z,q029,recycled yoga mat
2026-01-01T00:06:21.450000Z,q008,Cirrus wireless headphones
2026-01-01T00:06:21.550000Z,q004,recycled cotton shirt
2026-01-01T00:06:21.650000Z,q001,cotton shirt
2026-01-01T00:06:21.750000Z,q030,football
2026-01-01T00:06:21.850000Z,q008,Cirrus wireless headphones
2026-01-01T00:06:21.950000Z,q007,black wireless headphones
2026-01-01T00:06:22.050000Z,q006,wireless headphones
2026-01-01T00:06:22.150000Z,q010,bluetooth speaker
2026-01-01T00:06:22.250000Z,q009,recycled wireless headphones
2026-01-01T00:06:22.350000Z,q023,Stridely running shoes
2026-01-01T00:06:22.450000Z,q018,Bloomwell face moisturiser
2026-01-01T00:06:22.550000Z,q001,cotton shirt
2026-01-01T00:06:22.650000Z,q005,linen dress
2026-01-01T00:06:22.750000Z,q008,Cirrus wireless headphones
2026-01-01T00:06:22.850000Z,q049,recycled cookbook
2026-01-01T00:06:22.950000Z,q010,bluetooth speaker
2026-01-01T00:06:23.050000Z,q006,wireless headphones
2026-01-01T00:06:23.150000Z,q009,recycled wireless headphones
2026-01-01T00:06:23.250000Z,q010,bluetooth speaker
2026-01-01T00:06:23.350000Z,q006,wireless headphones
2026-01-01T00:06:23.450000Z,q009,recycled wireless headphones
2026-01-01T00:06:23.550000Z,q004,recycled cotton shirt
2026-01-01T00:06:23.650000Z,q024,recycled running shoes
2026-01-01T00:06:23.750000Z,q009,recycled wireless headphones
2026-01-01T00:06:23.850000Z,q004,recycled cotton shirt
2026-01-01T00:06:23.950000Z,q018,Bloomwell face moisturiser
2026-01-01T00:06:24.050000Z,q007,black wireless headphones
2026-01-01T00:06:24.150000Z,q009,recycled wireless headphones
2026-01-01T00:06:24.250000Z,q040,building blocks
2026-01-01T00:06:24.350000Z,q010,bluetooth speaker
2026-01-01T00:06:24.450000Z,q050,travel guide
2026-01-01T00:06:24.550000Z,q002,black cotton shirt
2026-01-01T00:06:24.650000Z,q019,recycled face moisturiser
2026-01-01T00:06:24.750000Z,q009,recycled wireless headphones
2026-01-01T00:06:24.850000Z,q009,recycled wireless headphones
2026-01-01T00:06:24.950000Z,q009,recycled wireless headphones
2026-01-01T00:06:25.050000Z,q032,black garden gloves
2026-01-01T00:06:25.150000Z,q004,recycled cotton shirt
2026-01-01T00:06:25.250000Z,q033,Briar garden gloves
2026-01-01T00:06:25.350000Z,q015,cotton bedding
2026-01-01T00:06:25.450000Z,q008,Cirrus wireless headphones
2026-01-01T00:06:25.550000Z,q004,recycled cotton shirt
2026-01-01T00:06:25.650000Z,q007,black wireless headphones
2026-01-01T00:06:25.750000Z,q003,Alder cotton shirt
2026-01-01T00:06:25.850000Z,q007,black wireless headphones
2026-01-01T00:06:25.950000Z,q003,Alder cotton shirt
2026-01-01T00:06:26.050000Z,q007,black wireless headphones
2026-01-01T00:06:26.150000Z,q004,recycled cotton shirt
2026-01-01T00:06:26.250000Z,q004,recycled cotton shirt
2026-01-01T00:06:26.350000Z,q008,Cirrus wireless headphones
2026-01-01T00:06:26.450000Z,q025,walking boots
2026-01-01T00:06:26.550000Z,q007,black wireless headphones
2026-01-01T00:06:26.650000Z,q009,recycled wireless headphones
2026-01-01T00:06:26.750000Z,q007,black wireless headphones
2026-01-01T00:06:26.850000Z,q006,wireless headphones
2026-01-01T00:06:26.950000Z,q048,Beacon cookbook
2026-01-01T00:06:27.050000Z,q003,Alder cotton shirt
2026-01-01T00:06:27.150000Z,q010,bluetooth speaker
2026-01-01T00:06:27.250000Z,q010,bluetooth speaker
2026-01-01T00:06:27.350000Z,q009,recycled wireless headphones
2026-01-01T00:06:27.450000Z,q045,ceramic mug
2026-01-01T00:06:27.550000Z,q033,Briar garden gloves
2026-01-01T00:06:27.650000Z,q002,black cotton shirt
2026-01-01T00:06:27.750000Z,q006,wireless headphones
2026-01-01T00:06:27.850000Z,q007,black wireless headphones
2026-01-01T00:06:27.950000Z,q049,recycled cookbook
2026-01-01T00:06:28.050000Z,q006,wireless headphones
2026-01-01T00:06:28.150000Z,q007,black wireless headphones
2026-01-01T00:06:28.250000Z,q038,Acorn wooden puzzle
2026-01-01T00:06:28.350000Z,q007,black wireless headphones
2026-01-01T00:06:28.450000Z,q007,black wireless headphones
2026-01-01T00:06:28.550000Z,q005,linen dress
2026-01-01T00:06:28.650000Z,q046,cookbook
2026-01-01T00:06:28.750000Z,q006,wireless headphones
2026-01-01T00:06:28.850000Z,q001,cotton shirt
2026-01-01T00:06:28.950000Z,q004,recycled cotton shirt
2026-01-01T00:06:29.050000Z,q005,linen dress
2026-01-01T00:06:29.150000Z,q003,Alder cotton shirt
2026-01-01T00:06:29.250000Z,q011,desk lamp
2026-01-01T00:06:29.350000Z,q002,black cotton shirt
2026-01-01T00:06:29.450000Z,q010,bluetooth speaker
2026-01-01T00:06:29.550000Z,q007,black wireless headphones
2026-01-01T00:06:29.650000Z,q005,linen dress
2026-01-01T00:06:29.750000Z,q006,wireless headphones
2026-01-01T00:06:29.850000Z,q047,black cookbook
2026-01-01T00:06:29.950000Z,q003,Alder cotton shirt
2026-01-01T00:06:30.050000Z,q021,running shoes
2026-01-01T00:06:30.150000Z,q049,recycled cookbook
2026-01-01T00:06:30.250000Z,q007,black wireless headphones
2026-01-01T00:06:30.350000Z,q009,recycled wireless headphones
2026-01-01T00:06:30.450000Z,q042,black steel saucepan
2026-01-01T00:06:30.550000Z,q005,linen dress
2026-01-01T00:06:30.650000Z,q002,black cotton shirt
2026-01-01T00:06:30.750000Z,q007,black wireless headphones
2026-01-01T00:06:30.850000Z,q010,bluetooth speaker
2026-01-01T00:06:30.950000Z,q016,face moisturiser
2026-01-01T00:06:31.050000Z,q018,Bloomwell face moisturiser
2026-01-01T00:06:31.150000Z,q045,ceramic mug
2026-01-01T00:06:31.250000Z,q006,wireless headphones
2026-01-01T00:06:31.350000Z,q002,black cotton shirt
2026-01-01T00:06:31.450000Z,q022,black running shoes
2026-01-01T00:06:31.550000Z,q003,Alder cotton shirt
2026-01-01T00:06:31.650000Z,q025,walking boots
2026-01-01T00:06:31.750000Z,q004,recycled cotton shirt
2026-01-01T00:06:31.850000Z,q006,wireless headphones
2026-01-01T00:06:31.950000Z,q045,ceramic mug
2026-01-01T00:06:32.050000Z,q006,wireless headphones
2026-01-01T00:06:32.150000Z,q009,recycled wireless headphones
2026-01-01T00:06:32.250000Z,q031,garden gloves
2026-01-01T00:06:32.350000Z,q010,bluetooth speaker
2026-01-01T00:06:32.450000Z,q004,recycled cotton shirt
2026-01-01T00:06:32.550000Z,q029,recycled yoga mat
2026-01-01T00:06:32.650000Z,q005,linen dress
2026-01-01T00:06:32.750000Z,q008,Cirrus wireless headphones
2026-01-01T00:06:32.850000Z,q007,black wireless headphones
2026-01-01T00:06:32.950000Z,q004,recycled cotton shirt
2026-01-01T00:06:33.050000Z,q033,Briar garden gloves
2026-01-01T00:06:33.150000Z,q001,cotton shirt
2026-01-01T00:06:33.250000Z,q007,black wireless headphones
2026-01-01T00:06:33.350000Z,q002,black cotton shirt
2026-01-01T00:06:33.450000Z,q008,Cirrus wireless headphones
2026-01-01T00:06:33.550000Z,q036,wooden puzzle
2026-01-01T00:06:33.650000Z,q048,Beacon cookbook
2026-01-01T00:06:33.750000Z,q004,recycled cotton shirt
2026-01-01T00:06:33.850000Z,q004,recycled cotton shirt
2026-01-01T00:06:33.950000Z,q036,wooden puzzle
2026-01-01T00:06:34.050000Z,q003,Alder cotton shirt
2026-01-01T00:06:34.150000Z,q047,black cookbook
2026-01-01T00:06:34.250000Z,q003,Alder cotton shirt
2026-01-01T00:06:34.350000Z,q010,bluetooth speaker
2026-01-01T00:06:34.450000Z,q028,Altis yoga mat
2026-01-01T00:06:34.550000Z,q005,linen dress
2026-01-01T00:06:34.650000Z,q033,Briar garden gloves
2026-01-01T00:06:34.750000Z,q038,Acorn wooden puzzle
2026-01-01T00:06:34.850000Z,q005,linen dress
2026-01-01T00:06:34.950000Z,q006,wireless headphones
2026-01-01T00:06:35.050000Z,q006,wireless headphones
2026-01-01T00:06:35.150000Z,q007,black wireless headphones
2026-01-01T00:06:35.250000Z,q004,recycled cotton shirt
2026-01-01T00:06:35.350000Z,q037,black wooden puzzle
2026-01-01T00:06:35.450000Z,q004,recycled cotton shirt
2026-01-01T00:06:35.550000Z,q002,black cotton shirt
2026-01-01T00:06:35.650000Z,q010,bluetooth speaker
2026-01-01T00:06:35.750000Z,q042,black steel saucepan
2026-01-01T00:06:35.850000Z,q006,wireless headphones
2026-01-01T00:06:35.950000Z,q004,recycled cotton shirt
2026-01-01T00:06:36.050000Z,q001,cotton shirt
2026-01-01T00:06:36.150000Z,q007,black wireless headphones
2026-01-01T00:06:36.250000Z,q008,Cirrus wireless headphones
2026-01-01T00:06:36.350000Z,q007,black wireless headphones
2026-01-01T00:06:36.450000Z,q026,yoga mat
2026-01-01T00:06:36.550000Z,q006,wireless headphones
2026-01-01T00:06:36.650000Z,q007,black wireless headphones
2026-01-01T00:06:36.750000Z,q002,black cotton shirt
2026-01-01T00:06:36.850000Z,q007,black wireless headphones
2026-01-01T00:06:36.950000Z,q021,running shoes
2026-01-01T00:06:37.050000Z,q005,linen dress
2026-01-01T00:06:37.150000Z,q028,Altis yoga mat
2026-01-01T00:06:37.250000Z,q005,linen dress
2026-01-01T00:06:37.350000Z,q017,black face moisturiser
2026-01-01T00:06:37.450000Z,q006,wireless headphones
2026-01-01T00:06:37.550000Z,q004,recycled cotton shirt
2026-01-01T00:06:37.650000Z,q002,black cotton shirt
2026-01-01T00:06:37.750000Z,q001,cotton shirt
2026-01-01T00:06:37.850000Z,q006,wireless headphones
2026-01-01T00:06:37.950000Z,q009,recycled wireless headphones
2026-01-01T00:06:38.050000Z,q015,cotton bedding
2026-01-01T00:06:38.150000Z,q045,ceramic mug
2026-01-01T00:06:38.250000Z,q046,cookbook
2026-01-01T00:06:38.350000Z,q002,black cotton shirt
2026-01-01T00:06:38.450000Z,q006,wireless headphones
2026-01-01T00:06:38.550000Z,q038,Acorn wooden puzzle
2026-01-01T00:06:38.650000Z,q008,Cirrus wireless headphones
2026-01-01T00:06:38.750000Z,q026,yoga mat
2026-01-01T00:06:38.850000Z,q002,black cotton shirt
2026-01-01T00:06:38.950000Z,q005,linen dress
2026-01-01T00:06:39.050000Z,q007,black wireless headphones
2026-01-01T00:06:39.150000Z,q005,linen dress
2026-01-01T00:06:39.250000Z,q010,bluetooth speaker
2026-01-01T00:06:39.350000Z,q035,watering can
2026-01-01T00:06:39.450000Z,q013,Harbour desk lamp
2026-01-01T00:06:39.550000Z,q006,wireless headphones
2026-01-01T00:06:39.650000Z,q001,cotton shirt
2026-01-01T00:06:39.750000Z,q010,bluetooth speaker
2026-01-01T00:06:39.850000Z,q004,recycled cotton shirt
2026-01-01T00:06:39.950000Z,q002,black cotton shirt
2026-01-01T00:06:40.050000Z,q010,bluetooth speaker
2026-01-01T00:06:40.150000Z,q005,linen dress
2026-01-01T00:06:40.250000Z,q004,recycled cotton shirt
2026-01-01T00:06:40.350000Z,q027,black yoga mat
2026-01-01T00:06:40.450000Z,q001,cotton shirt
2026-01-01T00:06:40.550000Z,q010,bluetooth speaker
2026-01-01T00:06:40.650000Z,q008,Cirrus wireless headphones
2026-01-01T00:06:40.750000Z,q022,black running shoes
2026-01-01T00:06:40.850000Z,q008,Cirrus wireless headphones
2026-01-01T00:06:40.950000Z,q005,linen dress
2026-01-01T00:06:41.050000Z,q006,wireless headphones
2026-01-01T00:06:41.150000Z,q043,Bramble steel saucepan
2026-01-01T00:06:41.250000Z,q010,bluetooth speaker
2026-01-01T00:06:41.350000Z,q031,garden gloves
2026-01-01T00:06:41.450000Z,q010,bluetooth speaker
2026-01-01T00:06:41.550000Z,q004,recycled cotton shirt
2026-01-01T00:06:41.650000Z,q029,recycled yoga mat
2026-01-01T00:06:41.750000Z,q002,black cotton shirt
2026-01-01T00:06:41.850000Z,q006,wireless headphones
2026-01-01T00:06:41.950000Z,q007,black wireless headphones
2026-01-01T00:06:42.050000Z,q027,black yoga mat
2026-01-01T00:06:42.150000Z,q015,cotton bedding
2026-01-01T00:06:42.250000Z,q004,recycled cotton shirt
2026-01-01T00:06:42.350000Z,q015,cotton bedding
2026-01-01T00:06:42.450000Z,q003,Alder cotton shirt
2026-01-01T00:06:42.550000Z,q008,Cirrus wireless headphones
2026-01-01T00:06:42.650000Z,q041,steel saucepan
2026-01-01T00:06:42.750000Z,q013,Harbour desk lamp
2026-01-01T00:06:42.850000Z,q009,recycled wireless headphones
2026-01-01T00:06:42.950000Z,q006,wireless headphones
2026-01-01T00:06:43.056000Z,q010,bluetooth speaker
2026-01-01T00:06:43.167000Z,q039,recycled wooden puzzle
2026-01-01T00:06:43.278000Z,q002,black cotton shirt
2026-01-01T00:06:43.389000Z,q001,cotton shirt
2026-01-01T00:06:43.500000Z,q002,black cotton shirt
2026-01-01T00:06:43.611000Z,q002,black cotton shirt
2026-01-01T00:06:43.722000Z,q041,steel saucepan
2026-01-01T00:06:43.833000Z,q005,linen dress
2026-01-01T00:06:43.944000Z,q003,Alder cotton shirt
2026-01-01T00:06:44.056000Z,q007,black wireless headphones
2026-01-01T00:06:44.167000Z,q010,bluetooth speaker
2026-01-01T00:06:44.278000Z,q007,black wireless headphones
2026-01-01T00:06:44.389000Z,q007,black wireless headphones
2026-01-01T00:06:44.500000Z,q048,Beacon cookbook
2026-01-01T00:06:44.611000Z,q002,black cotton shirt
2026-01-01T00:06:44.722000Z,q009,recycled wireless headphones
2026-01-01T00:06:44.833000Z,q005,linen dress
2026-01-01T00:06:44.944000Z,q022,black running shoes
2026-01-01T00:06:45.056000Z,q001,cotton shirt
2026-01-01T00:06:45.167000Z,q002,black cotton shirt
2026-01-01T00:06:45.278000Z,q050,travel guide
2026-01-01T00:06:45.389000Z,q008,Cirrus wireless headphones
2026-01-01T00:06:45.500000Z,q007,black wireless headphones
2026-01-01T00:06:45.611000Z,q045,ceramic mug
2026-01-01T00:06:45.722000Z,q004,recycled cotton shirt
2026-01-01T00:06:45.833000Z,q008,Cirrus wireless headphones
2026-01-01T00:06:45.944000Z,q010,bluetooth speaker
2026-01-01T00:06:46.056000Z,q027,black yoga mat
2026-01-01T00:06:46.167000Z,q009,recycled wireless headphones
2026-01-01T00:06:46.278000Z,q029,recycled yoga mat
2026-01-01T00:06:46.389000Z,q007,black wireless headphones
2026-01-01T00:06:46.500000Z,q024,recycled running shoes
2026-01-01T00:06:46.611000Z,q002,black cotton shirt
2026-01-01T00:06:46.722000Z,q002,black cotton shirt
2026-01-01T00:06:46.833000Z,q002,black cotton shirt
2026-01-01T00:06:46.944000Z,q040,building blocks
2026-01-01T00:06:47.056000Z,q008,Cirrus wireless headphones
2026-01-01T00:06:47.167000Z,q004,recycled cotton shirt
2026-01-01T00:06:47.278000Z,q004,recycled cotton shirt
2026-01-01T00:06:47.389000Z,q001,cotton shirt
2026-01-01T00:06:47.500000Z,q007,black wireless headphones
2026-01-01T00:06:47.611000Z,q011,desk lamp
2026-01-01T00:06:47.722000Z,q009,recycled wireless headphones
2026-01-01T00:06:47.833000Z,q046,cookbook
2026-01-01T00:06:47.944000Z,q010,bluetooth speaker
2026-01-01T00:06:48.056000Z,q007,black wireless headphones
2026-01-01T00:06:48.167000Z,q001,cotton shirt
2026-01-01T00:06:48.278000Z,q005,linen dress
2026-01-01T00:06:48.389000Z,q003,Alder cotton shirt
2026-01-01T00:06:48.500000Z,q002,black cotton shirt
2026-01-01T00:06:48.611000Z,q017,black face moisturiser
2026-01-01T00:06:48.722000Z,q009,recycled wireless headphones
2026-01-01T00:06:48.833000Z,q005,linen dress
2026-01-01T00:06:48.944000Z,q034,recycled garden gloves
2026-01-01T00:06:49.056000Z,q044,recycled steel saucepan
2026-01-01T00:06:49.167000Z,q049,recycled cookbook
2026-01-01T00:06:49.278000Z,q006,wireless headphones
2026-01-01T00:06:49.389000Z,q012,black desk lamp
2026-01-01T00:06:49.500000Z,q006,wireless headphones
2026-01-01T00:06:49.611000Z,q004,recycled cotton shirt
2026-01-01T00:06:49.722000Z,q010,bluetooth speaker
2026-01-01T00:06:49.833000Z,q004,recycled cotton shirt
2026-01-01T00:06:49.944000Z,q031,garden gloves
2026-01-01T00:06:50.056000Z,q019,recycled face moisturiser
2026-01-01T00:06:50.167000Z,q003,Alder cotton shirt
2026-01-01T00:06:50.278000Z,q006,wireless headphones
2026-01-01T00:06:50.389000Z,q002,black cotton shirt
2026-01-01T00:06:50.500000Z,q008,Cirrus wireless headphones
2026-01-01T00:06:50.611000Z,q036,wooden puzzle
2026-01-01T00:06:50.722000Z,q004,recycled cotton shirt
2026-01-01T00:06:50.833000Z,q006,wireless headphones
2026-01-01T00:06:50.944000Z,q002,black cotton shirt
2026-01-01T00:06:51.056000Z,q006,wireless headphones
2026-01-01T00:06:51.167000Z,q007,black wireless headphones
2026-01-01T00:06:51.278000Z,q005,linen dress
2026-01-01T00:06:51.389000Z,q004,recycled cotton shirt
2026-01-01T00:06:51.500000Z,q045,ceramic mug
2026-01-01T00:06:51.611000Z,q004,recycled cotton shirt
2026-01-01T00:06:51.722000Z,q016,face moisturiser
2026-01-01T00:06:51.833000Z,q001,cotton shirt
2026-01-01T00:06:51.944000Z,q006,wireless headphones
2026-01-01T00:06:52.056000Z,q010,bluetooth speaker
2026-01-01T00:06:52.167000Z,q016,face moisturiser
2026-01-01T00:06:52.278000Z,q010,bluetooth speaker
2026-01-01T00:06:52.389000Z,q011,desk lamp
2026-01-01T00:06:52.500000Z,q045,ceramic mug
2026-01-01T00:06:52.611000Z,q008,Cirrus wireless headphones
2026-01-01T00:06:52.722000Z,q001,cotton shirt
2026-01-01T00:06:52.833000Z,q003,Alder cotton shirt
2026-01-01T00:06:52.944000Z,q010,bluetooth speaker
2026-01-01T00:06:53.056000Z,q010,bluetooth speaker
2026-01-01T00:06:53.167000Z,q030,football
2026-01-01T00:06:53.278000Z,q002,black cotton shirt
2026-01-01T00:06:53.389000Z,q012,black desk lamp
2026-01-01T00:06:53.500000Z,q002,black cotton shirt
2026-01-01T00:06:53.611000Z,q005,linen dress
2026-01-01T00:06:53.722000Z,q006,wireless headphones
2026-01-01T00:06:53.833000Z,q005,linen dress
2026-01-01T00:06:53.944000Z,q004,recycled cotton shirt
2026-01-01T00:06:54.056000Z,q001,cotton shirt
2026-01-01T00:06:54.167000Z,q006,wireless headphones
2026-01-01T00:06:54.278000Z,q039,recycled wooden puzzle
2026-01-01T00:06:54.389000Z,q042,black steel saucepan
2026-01-01T00:06:54.500000Z,q028,Altis yoga mat
2026-01-01T00:06:54.611000Z,q038,Acorn wooden puzzle
2026-01-01T00:06:54.722000Z,q002,black cotton shirt
2026-01-01T00:06:54.833000Z,q001,cotton shirt
2026-01-01T00:06:54.944000Z,q022,black running shoes
2026-01-01T00:06:55.056000Z,q028,Altis yoga mat
2026-01-01T00:06:55.167000Z,q003,Alder cotton shirt
2026-01-01T00:06:55.278000Z,q005,linen dress
2026-01-01T00:06:55.389000Z,q004,recycled cotton shirt
2026-01-01T00:06:55.500000Z,q005,linen dress
2026-01-01T00:06:55.611000Z,q002,black cotton shirt
2026-01-01T00:06:55.722000Z,q002,black cotton shirt
2026-01-01T00:06:55.833000Z,q002,black cotton shirt
2026-01-01T00:06:55.944000Z,q003,Alder cotton shirt
2026-01-01T00:06:56.056000Z,q002,black cotton shirt
2026-01-01T00:06:56.167000Z,q043,Bramble steel saucepan
2026-01-01T00:06:56.278000Z,q001,cotton shirt
2026-01-01T00:06:56.389000Z,q031,garden gloves
2026-01-01T00:06:56.500000Z,q007,black wireless headphones
2026-01-01T00:06:56.611000Z,q034,recycled garden gloves
2026-01-01T00:06:56.722000Z,q020,shampoo
2026-01-01T00:06:56.833000Z,q009,recycled wireless headphones
2026-01-01T00:06:56.944000Z,q001,cotton shirt
2026-01-01T00:06:57.056000Z,q007,black wireless headphones
2026-01-01T00:06:57.167000Z,q008,Cirrus wireless headphones
2026-01-01T00:06:57.278000Z,q009,recycled wireless headphones
2026-01-01T00:06:57.389000Z,q016,face moisturiser
2026-01-01T00:06:57.500000Z,q010,bluetooth speaker
2026-01-01T00:06:57.611000Z,q002,black cotton shirt
2026-01-01T00:06:57.722000Z,q004,recycled cotton shirt
2026-01-01T00:06:57.833000Z,q046,cookbook
2026-01-01T00:06:57.944000Z,q009,recycled wireless headphones
2026-01-01T00:06:58.056000Z,q004,recycled cotton shirt
2026-01-01T00:06:58.167000Z,q035,watering can
2026-01-01T00:06:58.278000Z,q018,Bloomwell face moisturiser
2026-01-01T00:06:58.389000Z,q009,recycled wireless headphones
2026-01-01T00:06:58.500000Z,q005,linen dress
2026-01-01T00:06:58.611000Z,q010,bluetooth speaker
2026-01-01T00:06:58.722000Z,q007,black wireless headphones
2026-01-01T00:06:58.833000Z,q001,cotton shirt
2026-01-01T00:06:58.944000Z,q045,ceramic mug
2026-01-01T00:06:59.056000Z,q007,black wireless headphones
2026-01-01T00:06:59.167000Z,q005,linen dress
2026-01-01T00:06:59.278000Z,q003,Alder cotton shirt
2026-01-01T00:06:59.389000Z,q008,Cirrus wireless headphones
2026-01-01T00:06:59.500000Z,q004,recycled cotton shirt
2026-01-01T00:06:59.611000Z,q007,black wireless headphones
2026-01-01T00:06:59.722000Z,q002,black cotton shirt
2026-01-01T00:06:59.833000Z,q011,desk lamp
2026-01-01T00:06:59.944000Z,q043,Bramble steel saucepan
2026-01-01T00:07:00.056000Z,q006,wireless headphones
2026-01-01T00:07:00.167000Z,q008,Cirrus wireless headphones
2026-01-01T00:07:00.278000Z,q006,wireless headphones
2026-01-01T00:07:00.389000Z,q001,cotton shirt
2026-01-01T00:07:00.500000Z,q001,cotton shirt
2026-01-01T00:07:00.611000Z,q012,black desk lamp
2026-01-01T00:07:00.722000Z,q006,wireless headphones
2026-01-01T00:07:00.833000Z,q002,black cotton shirt
2026-01-01T00:07:00.944000Z,q012,black desk lamp
2026-01-01T00:07:01.056000Z,q002,black cotton shirt
2026-01-01T00:07:01.167000Z,q006,wireless headphones
2026-01-01T00:07:01.278000Z,q020,shampoo
2026-01-01T00:07:01.389000Z,q019,recycled face moisturiser
2026-01-01T00:07:01.500000Z,q010,bluetooth speaker
2026-01-01T00:07:01.611000Z,q008,Cirrus wireless headphones
2026-01-01T00:07:01.722000Z,q007,black wireless headphones
2026-01-01T00:07:01.833000Z,q006,wireless headphones
2026-01-01T00:07:01.944000Z,q038,Acorn wooden puzzle
2026-01-01T00:07:02.056000Z,q002,black cotton shirt
2026-01-01T00:07:02.167000Z,q001,cotton shirt
2026-01-01T00:07:02.278000Z,q002,black cotton shirt
2026-01-01T00:07:02.389000Z,q006,wireless headphones
2026-01-01T00:07:02.500000Z,q007,black wireless headphones
2026-01-01T00:07:02.611000Z,q001,cotton shirt
2026-01-01T00:07:02.722000Z,q008,Cirrus wireless headphones
2026-01-01T00:07:02.833000Z,q004,recycled cotton shirt
2026-01-01T00:07:02.944000Z,q010,bluetooth speaker
2026-01-01T00:07:03.056000Z,q034,recycled garden gloves
2026-01-01T00:07:03.167000Z,q002,black cotton shirt
2026-01-01T00:07:03.278000Z,q001,cotton shirt
2026-01-01T00:07:03.389000Z,q045,ceramic mug
2026-01-01T00:07:03.500000Z,q010,bluetooth speaker
2026-01-01T00:07:03.611000Z,q036,wooden puzzle
2026-01-01T00:07:03.722000Z,q016,face moisturiser
2026-01-01T00:07:03.833000Z,q003,Alder cotton shirt
2026-01-01T00:07:03.944000Z,q008,Cirrus wireless headphones
2026-01-01T00:07:04.056000Z,q001,cotton shirt
2026-01-01T00:07:04.167000Z,q004,recycled cotton shirt
2026-01-01T00:07:04.278000Z,q008,Cirrus wireless headphones
2026-01-01T00:07:04.389000Z,q003,Alder cotton shirt
2026-01-01T00:07:04.500000Z,q006,wireless headphones
2026-01-01T00:07:04.611000Z,q006,wireless headphones
2026-01-01T00:07:04.722000Z,q009,recycled wireless headphones
2026-01-01T00:07:04.833000Z,q007,black wireless headphones
2026-01-01T00:07:04.944000Z,q006,wireless headphones
2026-01-01T00:07:05.056000Z,q005,linen dress
2026-01-01T00:07:05.167000Z,q009,recycled wireless headphones
2026-01-01T00:07:05.278000Z,q034,recycled garden gloves
2026-01-01T00:07:05.389000Z,q006,wireless headphones
2026-01-01T00:07:05.500000Z,q005,linen dress
2026-01-01T00:07:05.611000Z,q009,recycled wireless headphones
2026-01-01T00:07:05.722000Z,q006,wireless headphones
2026-01-01T00:07:05.833000Z,q006,wireless headphones
2026-01-01T00:07:05.944000Z,q010,bluetooth speaker
2026-01-01T00:07:06.062000Z,q044,recycled steel saucepan
2026-01-01T00:07:06.188000Z,q011,desk lamp
2026-01-01T00:07:06.312000Z,q009,recycled wireless headphones
2026-01-01T00:07:06.438000Z,q045,ceramic mug
2026-01-01T00:07:06.562000Z,q005,linen dress
2026-01-01T00:07:06.688000Z,q040,building blocks
2026-01-01T00:07:06.812000Z,q047,black cookbook
2026-01-01T00:07:06.938000Z,q001,cotton shirt
2026-01-01T00:07:07.062000Z,q007,black wireless headphones
2026-01-01T00:07:07.188000Z,q009,recycled wireless headphones
2026-01-01T00:07:07.312000Z,q004,recycled cotton shirt
2026-01-01T00:07:07.438000Z,q033,Briar garden gloves
2026-01-01T00:07:07.562000Z,q001,cotton shirt
2026-01-01T00:07:07.688000Z,q003,Alder cotton shirt
2026-01-01T00:07:07.812000Z,q025,walking boots
2026-01-01T00:07:07.938000Z,q007,black wireless headphones
2026-01-01T00:07:08.062000Z,q005,linen dress
2026-01-01T00:07:08.188000Z,q003,Alder cotton shirt
2026-01-01T00:07:08.312000Z,q005,linen dress
2026-01-01T00:07:08.438000Z,q004,recycled cotton shirt
2026-01-01T00:07:08.562000Z,q001,cotton shirt
2026-01-01T00:07:08.688000Z,q008,Cirrus wireless headphones
2026-01-01T00:07:08.812000Z,q003,Alder cotton shirt
2026-01-01T00:07:08.938000Z,q004,recycled cotton shirt
2026-01-01T00:07:09.062000Z,q022,black running shoes
2026-01-01T00:07:09.188000Z,q002,black cotton shirt
2026-01-01T00:07:09.312000Z,q009,recycled wireless headphones
2026-01-01T00:07:09.438000Z,q010,bluetooth speaker
2026-01-01T00:07:09.562000Z,q026,yoga mat
2026-01-01T00:07:09.688000Z,q010,bluetooth speaker
2026-01-01T00:07:09.812000Z,q005,linen dress
2026-01-01T00:07:09.938000Z,q010,bluetooth speaker
2026-01-01T00:07:10.062000Z,q010,bluetooth speaker
2026-01-01T00:07:10.188000Z,q010,bluetooth speaker
2026-01-01T00:07:10.312000Z,q008,Cirrus wireless headphones
2026-01-01T00:07:10.438000Z,q023,Stridely running shoes
2026-01-01T00:07:10.562000Z,q005,linen dress
2026-01-01T00:07:10.688000Z,q039,recycled wooden puzzle
2026-01-01T00:07:10.812000Z,q002,black cotton shirt
2026-01-01T00:07:10.938000Z,q022,black running shoes
2026-01-01T00:07:11.062000Z,q008,Cirrus wireless headphones
2026-01-01T00:07:11.188000Z,q007,black wireless headphones
2026-01-01T00:07:11.312000Z,q013,Harbour desk lamp
2026-01-01T00:07:11.438000Z,q002,black cotton shirt
2026-01-01T00:07:11.562000Z,q002,black cotton shirt
2026-01-01T00:07:11.688000Z,q008,Cirrus wireless headphones
2026-01-01T00:07:11.812000Z,q003,Alder cotton shirt
2026-01-01T00:07:11.938000Z,q010,bluetooth speaker
2026-01-01T00:07:12.062000Z,q001,cotton shirt
2026-01-01T00:07:12.188000Z,q049,recycled cookbook
2026-01-01T00:07:12.312000Z,q033,Briar garden gloves
2026-01-01T00:07:12.438000Z,q002,black cotton shirt
2026-01-01T00:07:12.562000Z,q005,linen dress
2026-01-01T00:07:12.688000Z,q009,recycled wireless headphones
2026-01-01T00:07:12.812000Z,q041,steel saucepan
2026-01-01T00:07:12.938000Z,q004,recycled cotton shirt
2026-01-01T00:07:13.062000Z,q005,linen dress
2026-01-01T00:07:13.188000Z,q007,black wireless headphones
2026-01-01T00:07:13.312000Z,q006,wireless headphones
2026-01-01T00:07:13.438000Z,q030,football
2026-01-01T00:07:13.562000Z,q006,wireless headphones
2026-01-01T00:07:13.688000Z,q003,Alder cotton shirt
2026-01-01T00:07:13.812000Z,q008,Cirrus wireless headphones
2026-01-01T00:07:13.938000Z,q010,bluetooth speaker
2026-01-01T00:07:14.062000Z,q006,wireless headphones
2026-01-01T00:07:14.188000Z,q005,linen dress
2026-01-01T00:07:14.312000Z,q008,Cirrus wireless headphones
2026-01-01T00:07:14.438000Z,q026,yoga mat
2026-01-01T00:07:14.562000Z,q038,Acorn wooden puzzle
2026-01-01T00:07:14.688000Z,q006,wireless headphones
2026-01-01T00:07:14.812000Z,q030,football
2026-01-01T00:07:14.938000Z,q047,black cookbook
2026-01-01T00:07:15.062000Z,q010,bluetooth speaker
2026-01-01T00:07:15.188000Z,q036,wooden puzzle
2026-01-01T00:07:15.312000Z,q005,linen dress
2026-01-01T00:07:15.438000Z,q001,cotton shirt
2026-01-01T00:07:15.562000Z,q008,Cirrus wireless headphones
2026-01-01T00:07:15.688000Z,q008,Cirrus wireless headphones
2026-01-01T00:07:15.812000Z,q002,black cotton shirt
2026-01-01T00:07:15.938000Z,q024,recycled running shoes
2026-01-01T00:07:16.062000Z,q007,black wireless headphones
2026-01-01T00:07:16.188000Z,q002,black cotton shirt
2026-01-01T00:07:16.312000Z,q009,recycled wireless headphones
2026-01-01T00:07:16.438000Z,q034,recycled garden gloves
2026-01-01T00:07:16.562000Z,q002,black cotton shirt
2026-01-01T00:07:16.688000Z,q043,Bramble steel saucepan
2026-01-01T00:07:16.812000Z,q050,travel guide
2026-01-01T00:07:16.938000Z,q004,recycled cotton shirt
2026-01-01T00:07:17.062000Z,q003,Alder cotton shirt
2026-01-01T00:07:17.188000Z,q044,recycled steel saucepan
2026-01-01T00:07:17.312000Z,q001,cotton shirt
2026-01-01T00:07:17.438000Z,q004,recycled cotton shirt
2026-01-01T00:07:17.562000Z,q001,cotton shirt
2026-01-01T00:07:17.688000Z,q044,recycled steel saucepan
2026-01-01T00:07:17.812000Z,q016,face moisturiser
2026-01-01T00:07:17.938000Z,q016,face moisturiser
2026-01-01T00:07:18.062000Z,q032,black garden gloves
2026-01-01T00:07:18.188000Z,q005,linen dress
2026-01-01T00:07:18.312000Z,q004,recycled cotton shirt
2026-01-01T00:07:18.438000Z,q002,black cotton shirt
2026-01-01T00:07:18.562000Z,q007,black wireless headphones
2026-01-01T00:07:18.688000Z,q050,travel guide
2026-01-01T00:07:18.812000Z,q007,black wireless headphones
2026-01-01T00:07:18.938000Z,q029,recycled yoga mat
2026-01-01T00:07:19.062000Z,q008,Cirrus wireless headphones
2026-01-01T00:07:19.188000Z,q027,black yoga mat
2026-01-01T00:07:19.312000Z,q041,steel saucepan
2026-01-01T00:07:19.438000Z,q005,linen dress
2026-01-01T00:07:19.562000Z,q029,recycled yoga mat
2026-01-01T00:07:19.688000Z,q006,wireless headphones
2026-01-01T00:07:19.812000Z,q007,black wireless headphones
2026-01-01T00:07:19.938000Z,q002,black cotton shirt
2026-01-01T00:07:20.062000Z,q018,Bloomwell face moisturiser
2026-01-01T00:07:20.188000Z,q012,black desk lamp
2026-01-01T00:07:20.312000Z,q004,recycled cotton shirt
2026-01-01T00:07:20.438000Z,q010,bluetooth speaker
2026-01-01T00:07:20.562000Z,q009,recycled wireless headphones
2026-01-01T00:07:20.688000Z,q010,bluetooth speaker
2026-01-01T00:07:20.812000Z,q001,cotton shirt
2026-01-01T00:07:20.938000Z,q002,black cotton shirt
2026-01-01T00:07:21.062000Z,q008,Cirrus wireless headphones
2026-01-01T00:07:21.188000Z,q044,recycled steel saucepan
2026-01-01T00:07:21.312000Z,q006,wireless headphones
2026-01-01T00:07:21.438000Z,q004,recycled cotton shirt
2026-01-01T00:07:21.562000Z,q007,black wireless headphones
2026-01-01T00:07:21.688000Z,q007,black wireless headphones
2026-01-01T00:07:21.812000Z,q005,linen dress
2026-01-01T00:07:21.938000Z,q036,wooden puzzle
2026-01-01T00:07:22.062000Z,q004,recycled cotton shirt
2026-01-01T00:07:22.188000Z,q005,linen dress
2026-01-01T00:07:22.312000Z,q022,black running shoes
2026-01-01T00:07:22.438000Z,q040,building blocks
2026-01-01T00:07:22.562000Z,q031,garden gloves
2026-01-01T00:07:22.688000Z,q009,recycled wireless headphones
2026-01-01T00:07:22.812000Z,q005,linen dress
2026-01-01T00:07:22.938000Z,q010,bluetooth speaker
2026-01-01T00:07:23.071000Z,q001,cotton shirt
2026-01-01T00:07:23.214000Z,q020,shampoo
2026-01-01T00:07:23.357000Z,q013,Harbour desk lamp
2026-01-01T00:07:23.500000Z,q008,Cirrus wireless headphones
2026-01-01T00:07:23.643000Z,q006,wireless headphones
2026-01-01T00:07:23.786000Z,q001,cotton shirt
2026-01-01T00:07:23.929000Z,q001,cotton shirt
2026-01-01T00:07:24.071000Z,q010,bluetooth speaker
2026-01-01T00:07:24.214000Z,q001,cotton shirt
2026-01-01T00:07:24.357000Z,q007,black wireless headphones
2026-01-01T00:07:24.500000Z,q010,bluetooth speaker
2026-01-01T00:07:24.643000Z,q047,black cookbook
2026-01-01T00:07:24.786000Z,q003,Alder cotton shirt
2026-01-01T00:07:24.929000Z,q002,black cotton shirt
2026-01-01T00:07:25.071000Z,q008,Cirrus wireless headphones
2026-01-01T00:07:25.214000Z,q010,bluetooth speaker
2026-01-01T00:07:25.357000Z,q003,Alder cotton shirt
2026-01-01T00:07:25.500000Z,q034,recycled garden gloves
2026-01-01T00:07:25.643000Z,q002,black cotton shirt
2026-01-01T00:07:25.786000Z,q021,running shoes
2026-01-01T00:07:25.929000Z,q005,linen dress
2026-01-01T00:07:26.071000Z,q011,desk lamp
2026-01-01T00:07:26.214000Z,q006,wireless headphones
2026-01-01T00:07:26.357000Z,q002,black cotton shirt
2026-01-01T00:07:26.500000Z,q006,wireless headphones
2026-01-01T00:07:26.643000Z,q008,Cirrus wireless headphones
2026-01-01T00:07:26.786000Z,q002,black cotton shirt
2026-01-01T00:07:26.929000Z,q039,recycled wooden puzzle
2026-01-01T00:07:27.071000Z,q021,running shoes
2026-01-01T00:07:27.214000Z,q014,recycled desk lamp
2026-01-01T00:07:27.357000Z,q029,recycled yoga mat
2026-01-01T00:07:27.500000Z,q001,cotton shirt
2026-01-01T00:07:27.643000Z,q007,black wireless headphones
2026-01-01T00:07:27.786000Z,q005,linen dress
2026-01-01T00:07:27.929000Z,q006,wireless headphones
2026-01-01T00:07:28.071000Z,q025,walking boots
2026-01-01T00:07:28.214000Z,q004,recycled cotton shirt
2026-01-01T00:07:28.357000Z,q005,linen dress
2026-01-01T00:07:28.500000Z,q014,recycled desk lamp
2026-01-01T00:07:28.643000Z,q005,linen dress
2026-01-01T00:07:28.786000Z,q005,linen dress
2026-01-01T00:07:28.929000Z,q006,wireless headphones
2026-01-01T00:07:29.071000Z,q001,cotton shirt
2026-01-01T00:07:29.214000Z,q007,black wireless headphones
2026-01-01T00:07:29.357000Z,q001,cotton shirt
2026-01-01T00:07:29.500000Z,q006,wireless headphones
2026-01-01T00:07:29.643000Z,q006,wireless headphones
2026-01-01T00:07:29.786000Z,q005,linen dress
2026-01-01T00:07:29.929000Z,q010,bluetooth speaker
2026-01-01T00:07:30.071000Z,q007,black wireless headphones
2026-01-01T00:07:30.214000Z,q006,wireless headphones
2026-01-01T00:07:30.357000Z,q007,black wireless headphones
2026-01-01T00:07:30.500000Z,q003,Alder cotton shirt
2026-01-01T00:07:30.643000Z,q007,black wireless headphones
2026-01-01T00:07:30.786000Z,q009,recycled wireless headphones
2026-01-01T00:07:30.929000Z,q017,black face moisturiser
2026-01-01T00:07:31.071000Z,q009,recycled wireless headphones
2026-01-01T00:07:31.214000Z,q050,travel guide
2026-01-01T00:07:31.357000Z,q035,watering can
2026-01-01T00:07:31.500000Z,q001,cotton shirt
2026-01-01T00:07:31.643000Z,q003,Alder cotton shirt
2026-01-01T00:07:31.786000Z,q001,cotton shirt
2026-01-01T00:07:31.929000Z,q010,bluetooth speaker
2026-01-01T00:07:32.071000Z,q001,cotton shirt
2026-01-01T00:07:32.214000Z,q001,cotton shirt
2026-01-01T00:07:32.357000Z,q015,cotton bedding
2026-01-01T00:07:32.500000Z,q008,Cirrus wireless headphones
2026-01-01T00:07:32.643000Z,q014,recycled desk lamp
2026-01-01T00:07:32.786000Z,q008,Cirrus wireless headphones
2026-01-01T00:07:32.929000Z,q004,recycled cotton shirt
2026-01-01T00:07:33.071000Z,q006,wireless headphones
2026-01-01T00:07:33.214000Z,q010,bluetooth speaker
2026-01-01T00:07:33.357000Z,q009,recycled wireless headphones
2026-01-01T00:07:33.500000Z,q024,recycled running shoes
2026-01-01T00:07:33.643000Z,q025,walking boots
2026-01-01T00:07:33.786000Z,q007,black wireless headphones
2026-01-01T00:07:33.929000Z,q006,wireless headphones
2026-01-01T00:07:34.071000Z,q006,wireless headphones
2026-01-01T00:07:34.214000Z,q003,Alder cotton shirt
2026-01-01T00:07:34.357000Z,q048,Beacon cookbook
2026-01-01T00:07:34.500000Z,q008,Cirrus wireless headphones
2026-01-01T00:07:34.643000Z,q007,black wireless headphones
2026-01-01T00:07:34.786000Z,q006,wireless headphones
2026-01-01T00:07:34.929000Z,q002,black cotton shirt
2026-01-01T00:07:35.071000Z,q003,Alder cotton shirt
2026-01-01T00:07:35.214000Z,q007,black wireless headphones
2026-01-01T00:07:35.357000Z,q036,wooden puzzle
2026-01-01T00:07:35.500000Z,q018,Bloomwell face moisturiser
2026-01-01T00:07:35.643000Z,q006,wireless headphones
2026-01-01T00:07:35.786000Z,q041,steel saucepan
2026-01-01T00:07:35.929000Z,q033,Briar garden gloves
2026-01-01T00:07:36.071000Z,q033,Briar garden gloves
2026-01-01T00:07:36.214000Z,q036,wooden puzzle
2026-01-01T00:07:36.357000Z,q010,bluetooth speaker
2026-01-01T00:07:36.500000Z,q011,desk lamp
2026-01-01T00:07:36.643000Z,q009,recycled wireless headphones
2026-01-01T00:07:36.786000Z,q004,recycled cotton shirt
2026-01-01T00:07:36.929000Z,q002,black cotton shirt
2026-01-01T00:07:37.071000Z,q001,cotton shirt
2026-01-01T00:07:37.214000Z,q007,black wireless headphones
2026-01-01T00:07:37.357000Z,q005,linen dress
2026-01-01T00:07:37.500000Z,q008,Cirrus wireless headphones
2026-01-01T00:07:37.643000Z,q001,cotton shirt
2026-01-01T00:07:37.786000Z,q004,recycled cotton shirt
2026-01-01T00:07:37.929000Z,q010,bluetooth speaker
2026-01-01T00:07:38.083000Z,q020,shampoo
2026-01-01T00:07:38.250000Z,q005,linen dress
2026-01-01T00:07:38.417000Z,q032,black garden gloves
2026-01-01T00:07:38.583000Z,q012,black desk lamp
2026-01-01T00:07:38.750000Z,q008,Cirrus wireless headphones
2026-01-01T00:07:38.917000Z,q046,cookbook
2026-01-01T00:07:39.083000Z,q003,Alder cotton shirt
2026-01-01T00:07:39.250000Z,q004,recycled cotton shirt
2026-01-01T00:07:39.417000Z,q007,black wireless headphones
2026-01-01T00:07:39.583000Z,q008,Cirrus wireless headphones
2026-01-01T00:07:39.750000Z,q041,steel saucepan
2026-01-01T00:07:39.917000Z,q005,linen dress
2026-01-01T00:07:40.083000Z,q010,bluetooth speaker
2026-01-01T00:07:40.250000Z,q006,wireless headphones
2026-01-01T00:07:40.417000Z,q005,linen dress
2026-01-01T00:07:40.583000Z,q009,recycled wireless headphones
2026-01-01T00:07:40.750000Z,q022,black running shoes
2026-01-01T00:07:40.917000Z,q018,Bloomwell face moisturiser
2026-01-01T00:07:41.083000Z,q010,bluetooth speaker
2026-01-01T00:07:41.250000Z,q010,bluetooth speaker
2026-01-01T00:07:41.417000Z,q028,Altis yoga mat
2026-01-01T00:07:41.583000Z,q039,recycled wooden puzzle
2026-01-01T00:07:41.750000Z,q001,cotton shirt
2026-01-01T00:07:41.917000Z,q031,garden gloves
2026-01-01T00:07:42.083000Z,q008,Cirrus wireless headphones
2026-01-01T00:07:42.250000Z,q008,Cirrus wireless headphones
2026-01-01T00:07:42.417000Z,q008,Cirrus wireless headphones
2026-01-01T00:07:42.583000Z,q008,Cirrus wireless headphones
2026-01-01T00:07:42.750000Z,q030,football
2026-01-01T00:07:42.917000Z,q035,watering can
2026-01-01T00:07:43.083000Z,q044,recycled steel saucepan
2026-01-01T00:07:43.250000Z,q003,Alder cotton shirt
2026-01-01T00:07:43.417000Z,q009,recycled wireless headphones
2026-01-01T00:07:43.583000Z,q011,desk lamp
2026-01-01T00:07:43.750000Z,q010,bluetooth speaker
2026-01-01T00:07:43.917000Z,q006,wireless headphones
2026-01-01T00:07:44.083000Z,q007,black wireless headphones
2026-01-01T00:07:44.250000Z,q048,Beacon cookbook
2026-01-01T00:07:44.417000Z,q007,black wireless headphones
2026-01-01T00:07:44.583000Z,q006,wireless headphones
2026-01-01T00:07:44.750000Z,q010,bluetooth speaker
2026-01-01T00:07:44.917000Z,q005,linen dress
2026-01-01T00:07:45.083000Z,q024,recycled running shoes
2026-01-01T00:07:45.250000Z,q001,cotton shirt
2026-01-01T00:07:45.417000Z,q003,Alder cotton shirt
2026-01-01T00:07:45.583000Z,q001,cotton shirt
2026-01-01T00:07:45.750000Z,q021,running shoes
2026-01-01T00:07:45.917000Z,q009,recycled wireless headphones
2026-01-01T00:07:46.083000Z,q006,wireless headphones
2026-01-01T00:07:46.250000Z,q001,cotton shirt
2026-01-01T00:07:46.417000Z,q006,wireless headphones
2026-01-01T00:07:46.583000Z,q001,cotton shirt
2026-01-01T00:07:46.750000Z,q009,recycled wireless headphones
2026-01-01T00:07:46.917000Z,q003,Alder cotton shirt
2026-01-01T00:07:47.083000Z,q020,shampoo
2026-01-01T00:07:47.250000Z,q005,linen dress
2026-01-01T00:07:47.417000Z,q004,recycled cotton shirt
2026-01-01T00:07:47.583000Z,q003,Alder cotton shirt
2026-01-01T00:07:47.750000Z,q007,black wireless headphones
2026-01-01T00:07:47.917000Z,q001,cotton shirt
2026-01-01T00:07:48.083000Z,q002,black cotton shirt
2026-01-01T00:07:48.250000Z,q008,Cirrus wireless headphones
2026-01-01T00:07:48.417000Z,q004,recycled cotton shirt
2026-01-01T00:07:48.583000Z,q028,Altis yoga mat
2026-01-01T00:07:48.750000Z,q029,recycled yoga mat
2026-01-01T00:07:48.917000Z,q009,recycled wireless headphones
2026-01-01T00:07:49.083000Z,q006,wireless headphones
2026-01-01T00:07:49.250000Z,q003,Alder cotton shirt
2026-01-01T00:07:49.417000Z,q010,bluetooth speaker
2026-01-01T00:07:49.583000Z,q044,recycled steel saucepan
2026-01-01T00:07:49.750000Z,q003,Alder cotton shirt
2026-01-01T00:07:49.917000Z,q002,black cotton shirt
2026-01-01T00:07:50.083000Z,q005,linen dress
2026-01-01T00:07:50.250000Z,q003,Alder cotton shirt
2026-01-01T00:07:50.417000Z,q044,recycled steel saucepan
2026-01-01T00:07:50.583000Z,q010,bluetooth speaker
2026-01-01T00:07:50.750000Z,q005,linen dress
2026-01-01T00:07:50.917000Z,q004,recycled cotton shirt
2026-01-01T00:07:51.083000Z,q007,black wireless headphones
2026-01-01T00:07:51.250000Z,q019,recycled face moisturiser
2026-01-01T00:07:51.417000Z,q009,recycled wireless headphones
2026-01-01T00:07:51.583000Z,q050,travel guide
2026-01-01T00:07:51.750000Z,q009,recycled wireless headphones
2026-01-01T00:07:51.917000Z,q002,black cotton shirt
2026-01-01T00:07:52.083000Z,q027,black yoga mat
2026-01-01T00:07:52.250000Z,q007,black wireless headphones
2026-01-01T00:07:52.417000Z,q004,recycled cotton shirt
2026-01-01T00:07:52.583000Z,q013,Harbour desk lamp
2026-01-01T00:07:52.750000Z,q008,Cirrus wireless headphones
2026-01-01T00:07:52.917000Z,q040,building blocks
2026-01-01T00:07:53.083000Z,q007,black wireless headphones
2026-01-01T00:07:53.250000Z,q008,Cirrus wireless headphones
2026-01-01T00:07:53.417000Z,q007,black wireless headphones
2026-01-01T00:07:53.583000Z,q043,Bramble steel saucepan
2026-01-01T00:07:53.750000Z,q006,wireless headphones
2026-01-01T00:07:53.917000Z,q002,black cotton shirt
2026-01-01T00:07:54.083000Z,q010,bluetooth speaker
2026-01-01T00:07:54.250000Z,q048,Beacon cookbook
2026-01-01T00:07:54.417000Z,q009,recycled wireless headphones
2026-01-01T00:07:54.583000Z,q006,wireless headphones
2026-01-01T00:07:54.750000Z,q042,black steel saucepan
2026-01-01T00:07:54.917000Z,q025,walking boots
2026-01-01T00:07:55.100000Z,q004,recycled cotton shirt
2026-01-01T00:07:55.300000Z,q013,Harbour desk lamp
2026-01-01T00:07:55.500000Z,q001,cotton shirt
2026-01-01T00:07:55.700000Z,q008,Cirrus wireless headphones
2026-01-01T00:07:55.900000Z,q012,black desk lamp
2026-01-01T00:07:56.100000Z,q004,recycled cotton shirt
2026-01-01T00:07:56.300000Z,q004,recycled cotton shirt
2026-01-01T00:07:56.500000Z,q005,linen dress
2026-01-01T00:07:56.700000Z,q005,linen dress
2026-01-01T00:07:56.900000Z,q005,linen dress
2026-01-01T00:07:57.100000Z,q005,linen dress
2026-01-01T00:07:57.300000Z,q013,Harbour desk lamp
2026-01-01T00:07:57.500000Z,q004,recycled cotton shirt
2026-01-01T00:07:57.700000Z,q010,bluetooth speaker
2026-01-01T00:07:57.900000Z,q047,black cookbook
2026-01-01T00:07:58.100000Z,q004,recycled cotton shirt
2026-01-01T00:07:58.300000Z,q009,recycled wireless headphones
2026-01-01T00:07:58.500000Z,q010,bluetooth speaker
2026-01-01T00:07:58.700000Z,q001,cotton shirt
2026-01-01T00:07:58.900000Z,q011,desk lamp
2026-01-01T00:07:59.100000Z,q008,Cirrus wireless headphones
2026-01-01T00:07:59.300000Z,q006,wireless headphones
2026-01-01T00:07:59.500000Z,q009,recycled wireless headphones
2026-01-01T00:07:59.700000Z,q005,linen dress
2026-01-01T00:07:59.900000Z,q010,bluetooth speaker
2026-01-01T00:08:00.100000Z,q002,black cotton shirt
2026-01-01T00:08:00.300000Z,q014,recycled desk lamp
2026-01-01T00:08:00.500000Z,q005,linen dress
2026-01-01T00:08:00.700000Z,q019,recycled face moisturiser
2026-01-01T00:08:00.900000Z,q010,bluetooth speaker
2026-01-01T00:08:01.100000Z,q007,black wireless headphones
2026-01-01T00:08:01.300000Z,q002,black cotton shirt
2026-01-01T00:08:01.500000Z,q037,black wooden puzzle
2026-01-01T00:08:01.700000Z,q009,recycled wireless headphones
2026-01-01T00:08:01.900000Z,q001,cotton shirt
2026-01-01T00:08:02.100000Z,q002,black cotton shirt
2026-01-01T00:08:02.300000Z,q048,Beacon cookbook
2026-01-01T00:08:02.500000Z,q008,Cirrus wireless headphones
2026-01-01T00:08:02.700000Z,q010,bluetooth speaker
2026-01-01T00:08:02.900000Z,q001,cotton shirt
2026-01-01T00:08:03.100000Z,q013,Harbour desk lamp
2026-01-01T00:08:03.300000Z,q002,black cotton shirt
2026-01-01T00:08:03.500000Z,q009,recycled wireless headphones
2026-01-01T00:08:03.700000Z,q028,Altis yoga mat
2026-01-01T00:08:03.900000Z,q001,cotton shirt
2026-01-01T00:08:04.100000Z,q036,wooden puzzle
2026-01-01T00:08:04.300000Z,q019,recycled face moisturiser
2026-01-01T00:08:04.500000Z,q005,linen dress
2026-01-01T00:08:04.700000Z,q008,Cirrus wireless headphones
2026-01-01T00:08:04.900000Z,q006,wireless headphones
2026-01-01T00:08:05.100000Z,q008,Cirrus wireless headphones
2026-01-01T00:08:05.300000Z,q004,recycled cotton shirt
2026-01-01T00:08:05.500000Z,q036,wooden puzzle
2026-01-01T00:08:05.700000Z,q004,recycled cotton shirt
2026-01-01T00:08:05.900000Z,q009,recycled wireless headphones
2026-01-01T00:08:06.100000Z,q005,linen dress
2026-01-01T00:08:06.300000Z,q002,black cotton shirt
2026-01-01T00:08:06.500000Z,q044,recycled steel saucepan
2026-01-01T00:08:06.700000Z,q010,bluetooth speaker
2026-01-01T00:08:06.900000Z,q010,bluetooth speaker
2026-01-01T00:08:07.100000Z,q048,Beacon cookbook
2026-01-01T00:08:07.300000Z,q011,desk lamp
2026-01-01T00:08:07.500000Z,q005,linen dress
2026-01-01T00:08:07.700000Z,q003,Alder cotton shirt
2026-01-01T00:08:07.900000Z,q009,recycled wireless headphones
2026-01-01T00:08:08.100000Z,q023,Stridely running shoes
2026-01-01T00:08:08.300000Z,q004,recycled cotton shirt
2026-01-01T00:08:08.500000Z,q009,recycled wireless headphones
2026-01-01T00:08:08.700000Z,q005,linen dress
2026-01-01T00:08:08.900000Z,q001,cotton shirt
2026-01-01T00:08:09.100000Z,q037,black wooden puzzle
2026-01-01T00:08:09.300000Z,q007,black wireless headphones
2026-01-01T00:08:09.500000Z,q005,linen dress
2026-01-01T00:08:09.700000Z,q007,black wireless headphones
2026-01-01T00:08:09.900000Z,q008,Cirrus wireless headphones
2026-01-01T00:08:10.100000Z,q006,wireless headphones
2026-01-01T00:08:10.300000Z,q008,Cirrus wireless headphones
2026-01-01T00:08:10.500000Z,q001,cotton shirt
2026-01-01T00:08:10.700000Z,q041,steel saucepan
2026-01-01T00:08:10.900000Z,q038,Acorn wooden puzzle
2026-01-01T00:08:11.100000Z,q025,walking boots
2026-01-01T00:08:11.300000Z,q010,bluetooth speaker
2026-01-01T00:08:11.500000Z,q006,wireless headphones
2026-01-01T00:08:11.700000Z,q003,Alder cotton shirt
2026-01-01T00:08:11.900000Z,q028,Altis yoga mat
2026-01-01T00:08:12.100000Z,q002,black cotton shirt
2026-01-01T00:08:12.300000Z,q003,Alder cotton shirt
2026-01-01T00:08:12.500000Z,q007,black wireless headphones
2026-01-01T00:08:12.700000Z,q017,black face moisturiser
2026-01-01T00:08:12.900000Z,q009,recycled wireless headphones
2026-01-01T00:08:13.100000Z,q005,linen dress
2026-01-01T00:08:13.300000Z,q010,bluetooth speaker
2026-01-01T00:08:13.500000Z,q041,steel saucepan
2026-01-01T00:08:13.700000Z,q018,Bloomwell face moisturiser
2026-01-01T00:08:13.900000Z,q021,running shoes
2026-01-01T00:08:14.100000Z,q005,linen dress
2026-01-01T00:08:14.300000Z,q001,cotton shirt
2026-01-01T00:08:14.500000Z,q004,recycled cotton shirt
2026-01-01T00:08:14.700000Z,q021,running shoes
2026-01-01T00:08:14.900000Z,q039,recycled wooden puzzle
2026-01-01T00:08:15.100000Z,q005,linen dress
2026-01-01T00:08:15.300000Z,q010,bluetooth speaker
2026-01-01T00:08:15.500000Z,q007,black wireless headphones
2026-01-01T00:08:15.700000Z,q006,wireless headphones
2026-01-01T00:08:15.900000Z,q009,recycled wireless headphones
2026-01-01T00:08:16.100000Z,q001,cotton shirt
2026-01-01T00:08:16.300000Z,q006,wireless headphones
2026-01-01T00:08:16.500000Z,q007,black wireless headphones
2026-01-01T00:08:16.700000Z,q028,Altis yoga mat
2026-01-01T00:08:16.900000Z,q007,black wireless headphones
2026-01-01T00:08:17.100000Z,q007,black wireless headphones
2026-01-01T00:08:17.300000Z,q003,Alder cotton shirt
2026-01-01T00:08:17.500000Z,q001,cotton shirt
2026-01-01T00:08:17.700000Z,q004,recycled cotton shirt
2026-01-01T00:08:17.900000Z,q008,Cirrus wireless headphones
2026-01-01T00:08:18.125000Z,q001,cotton shirt
2026-01-01T00:08:18.375000Z,q045,ceramic mug
2026-01-01T00:08:18.625000Z,q003,Alder cotton shirt
2026-01-01T00:08:18.875000Z,q005,linen dress
2026-01-01T00:08:19.125000Z,q004,recycled cotton shirt
2026-01-01T00:08:19.375000Z,q008,Cirrus wireless headphones
2026-01-01T00:08:19.625000Z,q007,black wireless headphones
2026-01-01T00:08:19.875000Z,q002,black cotton shirt
2026-01-01T00:08:20.125000Z,q049,recycled cookbook
2026-01-01T00:08:20.375000Z,q032,black garden gloves
2026-01-01T00:08:20.625000Z,q050,travel guide
2026-01-01T00:08:20.875000Z,q011,desk lamp
2026-01-01T00:08:21.125000Z,q008,Cirrus wireless headphones
2026-01-01T00:08:21.375000Z,q004,recycled cotton shirt
2026-01-01T00:08:21.625000Z,q005,linen dress
2026-01-01T00:08:21.875000Z,q048,Beacon cookbook
2026-01-01T00:08:22.125000Z,q046,cookbook
2026-01-01T00:08:22.375000Z,q004,recycled cotton shirt
2026-01-01T00:08:22.625000Z,q006,wireless headphones
2026-01-01T00:08:22.875000Z,q010,bluetooth speaker
2026-01-01T00:08:23.125000Z,q001,cotton shirt
2026-01-01T00:08:23.375000Z,q010,bluetooth speaker
2026-01-01T00:08:23.625000Z,q009,recycled wireless headphones
2026-01-01T00:08:23.875000Z,q010,bluetooth speaker
2026-01-01T00:08:24.125000Z,q007,black wireless headphones
2026-01-01T00:08:24.375000Z,q020,shampoo
2026-01-01T00:08:24.625000Z,q005,linen dress
2026-01-01T00:08:24.875000Z,q007,black wireless headphones
2026-01-01T00:08:25.125000Z,q001,cotton shirt
2026-01-01T00:08:25.375000Z,q039,recycled wooden puzzle
2026-01-01T00:08:25.625000Z,q003,Alder cotton shirt
2026-01-01T00:08:25.875000Z,q039,recycled wooden puzzle
2026-01-01T00:08:26.125000Z,q006,wireless headphones
2026-01-01T00:08:26.375000Z,q005,linen dress
2026-01-01T00:08:26.625000Z,q037,black wooden puzzle
2026-01-01T00:08:26.875000Z,q010,bluetooth speaker
2026-01-01T00:08:27.125000Z,q009,recycled wireless headphones
2026-01-01T00:08:27.375000Z,q042,black steel saucepan
2026-01-01T00:08:27.625000Z,q007,black wireless headphones
2026-01-01T00:08:27.875000Z,q002,black cotton shirt
2026-01-01T00:08:28.125000Z,q005,linen dress
2026-01-01T00:08:28.375000Z,q002,black cotton shirt
2026-01-01T00:08:28.625000Z,q016,face moisturiser
2026-01-01T00:08:28.875000Z,q039,recycled wooden puzzle
2026-01-01T00:08:29.125000Z,q009,recycled wireless headphones
2026-01-01T00:08:29.375000Z,q002,black cotton shirt
2026-01-01T00:08:29.625000Z,q037,black wooden puzzle
2026-01-01T00:08:29.875000Z,q027,black yoga mat
2026-01-01T00:08:30.125000Z,q007,black wireless headphones
2026-01-01T00:08:30.375000Z,q002,black cotton shirt
2026-01-01T00:08:30.625000Z,q046,cookbook
2026-01-01T00:08:30.875000Z,q001,cotton shirt
2026-01-01T00:08:31.125000Z,q027,black yoga mat
2026-01-01T00:08:31.375000Z,q004,recycled cotton shirt
2026-01-01T00:08:31.625000Z,q004,recycled cotton shirt
2026-01-01T00:08:31.875000Z,q003,Alder cotton shirt
2026-01-01T00:08:32.125000Z,q001,cotton shirt
2026-01-01T00:08:32.375000Z,q001,cotton shirt
2026-01-01T00:08:32.625000Z,q002,black cotton shirt
2026-01-01T00:08:32.875000Z,q003,Alder cotton shirt
2026-01-01T00:08:33.125000Z,q003,Alder cotton shirt
2026-01-01T00:08:33.375000Z,q008,Cirrus wireless headphones
2026-01-01T00:08:33.625000Z,q002,black cotton shirt
2026-01-01T00:08:33.875000Z,q001,cotton shirt
2026-01-01T00:08:34.125000Z,q029,recycled yoga mat
2026-01-01T00:08:34.375000Z,q007,black wireless headphones
2026-01-01T00:08:34.625000Z,q006,wireless headphones
2026-01-01T00:08:34.875000Z,q034,recycled garden gloves
2026-01-01T00:08:35.125000Z,q003,Alder cotton shirt
2026-01-01T00:08:35.375000Z,q006,wireless headphones
2026-01-01T00:08:35.625000Z,q003,Alder cotton shirt
2026-01-01T00:08:35.875000Z,q004,recycled cotton shirt
2026-01-01T00:08:36.125000Z,q003,Alder cotton shirt
2026-01-01T00:08:36.375000Z,q009,recycled wireless headphones
2026-01-01T00:08:36.625000Z,q042,black steel saucepan
2026-01-01T00:08:36.875000Z,q002,black cotton shirt
2026-01-01T00:08:37.125000Z,q005,linen dress
2026-01-01T00:08:37.375000Z,q004,recycled cotton shirt
2026-01-01T00:08:37.625000Z,q004,recycled cotton shirt
2026-01-01T00:08:37.875000Z,q033,Briar garden gloves
2026-01-01T00:08:38.125000Z,q007,black wireless headphones
2026-01-01T00:08:38.375000Z,q005,linen dress
2026-01-01T00:08:38.625000Z,q038,Acorn wooden puzzle
2026-01-01T00:08:38.875000Z,q026,yoga mat
2026-01-01T00:08:39.125000Z,q008,Cirrus wireless headphones
2026-01-01T00:08:39.375000Z,q010,bluetooth speaker
2026-01-01T00:08:39.625000Z,q010,bluetooth speaker
2026-01-01T00:08:39.875000Z,q050,travel guide
2026-01-01T00:08:40.125000Z,q036,wooden puzzle
2026-01-01T00:08:40.375000Z,q009,recycled wireless headphones
2026-01-01T00:08:40.625000Z,q004,recycled cotton shirt
2026-01-01T00:08:40.875000Z,q007,black wireless headphones
2026-01-01T00:08:41.125000Z,q009,recycled wireless headphones
2026-01-01T00:08:41.375000Z,q008,Cirrus wireless headphones
2026-01-01T00:08:41.625000Z,q001,cotton shirt
2026-01-01T00:08:41.875000Z,q002,black cotton shirt
2026-01-01T00:08:42.125000Z,q008,Cirrus wireless headphones
2026-01-01T00:08:42.375000Z,q001,cotton shirt
2026-01-01T00:08:42.625000Z,q002,black cotton shirt
2026-01-01T00:08:42.875000Z,q001,cotton shirt
2026-01-01T00:08:43.125000Z,q023,Stridely running shoes
2026-01-01T00:08:43.375000Z,q038,Acorn wooden puzzle
2026-01-01T00:08:43.625000Z,q027,black yoga mat
2026-01-01T00:08:43.875000Z,q003,Alder cotton shirt
2026-01-01T00:08:44.125000Z,q039,recycled wooden puzzle
2026-01-01T00:08:44.375000Z,q009,recycled wireless headphones
2026-01-01T00:08:44.625000Z,q008,Cirrus wireless headphones
2026-01-01T00:08:44.875000Z,q003,Alder cotton shirt
2026-01-01T00:08:45.125000Z,q003,Alder cotton shirt
2026-01-01T00:08:45.375000Z,q021,running shoes
2026-01-01T00:08:45.625000Z,q014,recycled desk lamp
2026-01-01T00:08:45.875000Z,q008,Cirrus wireless headphones
2026-01-01T00:08:46.125000Z,q001,cotton shirt
2026-01-01T00:08:46.375000Z,q001,cotton shirt
2026-01-01T00:08:46.625000Z,q022,black running shoes
2026-01-01T00:08:46.875000Z,q010,bluetooth speaker
2026-01-01T00:08:47.125000Z,q005,linen dress
2026-01-01T00:08:47.375000Z,q009,recycled wireless headphones
2026-01-01T00:08:47.625000Z,q003,Alder cotton shirt
2026-01-01T00:08:47.875000Z,q007,black wireless headphones
2026-01-01T00:08:48.125000Z,q008,Cirrus wireless headphones
2026-01-01T00:08:48.375000Z,q048,Beacon cookbook
2026-01-01T00:08:48.625000Z,q003,Alder cotton shirt
2026-01-01T00:08:48.875000Z,q002,black cotton shirt
2026-01-01T00:08:49.125000Z,q022,black running shoes
2026-01-01T00:08:49.375000Z,q034,recycled garden gloves
2026-01-01T00:08:49.625000Z,q001,cotton shirt
2026-01-01T00:08:49.875000Z,q006,wireless headphones
2026-01-01T00:08:50.125000Z,q004,recycled cotton shirt
2026-01-01T00:08:50.375000Z,q009,recycled wireless headphones
2026-01-01T00:08:50.625000Z,q007,black wireless headphones
2026-01-01T00:08:50.875000Z,q005,linen dress
2026-01-01T00:08:51.125000Z,q010,bluetooth speaker
2026-01-01T00:08:51.375000Z,q040,building blocks
2026-01-01T00:08:51.625000Z,q009,recycled wireless headphones
2026-01-01T00:08:51.875000Z,q005,linen dress
2026-01-01T00:08:52.125000Z,q008,Cirrus wireless headphones
2026-01-01T00:08:52.375000Z,q037,black wooden puzzle
2026-01-01T00:08:52.625000Z,q006,wireless headphones
2026-01-01T00:08:52.875000Z,q040,building blocks
2026-01-01T00:08:53.125000Z,q006,wireless headphones
2026-01-01T00:08:53.375000Z,q006,wireless headphones
2026-01-01T00:08:53.625000Z,q003,Alder cotton shirt
2026-01-01T00:08:53.875000Z,q008,Cirrus wireless headphones
2026-01-01T00:08:54.125000Z,q033,Briar garden gloves
2026-01-01T00:08:54.375000Z,q003,Alder cotton shirt
2026-01-01T00:08:54.625000Z,q009,recycled wireless headphones
2026-01-01T00:08:54.875000Z,q049,recycled cookbook
2026-01-01T00:08:55.125000Z,q016,face moisturiser
2026-01-01T00:08:55.375000Z,q018,Bloomwell face moisturiser
2026-01-01T00:08:55.625000Z,q009,recycled wireless headphones
2026-01-01T00:08:55.875000Z,q006,wireless headphones
2026-01-01T00:08:56.125000Z,q009,recycled wireless headphones
2026-01-01T00:08:56.375000Z,q007,black wireless headphones
2026-01-01T00:08:56.625000Z,q047,black cookbook
2026-01-01T00:08:56.875000Z,q004,recycled cotton shirt
2026-01-01T00:08:57.125000Z,q023,Stridely running shoes
2026-01-01T00:08:57.375000Z,q005,linen dress
2026-01-01T00:08:57.625000Z,q008,Cirrus wireless headphones
2026-01-01T00:08:57.875000Z,q043,Bramble steel saucepan
2026-01-01T00:08:58.125000Z,q028,Altis yoga mat
2026-01-01T00:08:58.375000Z,q006,wireless headphones
2026-01-01T00:08:58.625000Z,q023,Stridely running shoes
2026-01-01T00:08:58.875000Z,q003,Alder cotton shirt
2026-01-01T00:08:59.125000Z,q050,travel guide
2026-01-01T00:08:59.375000Z,q010,bluetooth speaker
2026-01-01T00:08:59.625000Z,q010,bluetooth speaker
2026-01-01T00:08:59.875000Z,q010,bluetooth speaker
2026-01-01T00:09:00.056000Z,q004,recycled cotton shirt
2026-01-01T00:09:00.167000Z,q002,black cotton shirt
2026-01-01T00:09:00.278000Z,q004,recycled cotton shirt
2026-01-01T00:09:00.389000Z,q005,linen dress
2026-01-01T00:09:00.500000Z,q042,black steel saucepan
2026-01-01T00:09:00.611000Z,q010,bluetooth speaker
2026-01-01T00:09:00.722000Z,q018,Bloomwell face moisturiser
2026-01-01T00:09:00.833000Z,q003,Alder cotton shirt
2026-01-01T00:09:00.944000Z,q007,black wireless headphones
2026-01-01T00:09:01.056000Z,q001,cotton shirt
2026-01-01T00:09:01.167000Z,q018,Bloomwell face moisturiser
2026-01-01T00:09:01.278000Z,q003,Alder cotton shirt
2026-01-01T00:09:01.389000Z,q003,Alder cotton shirt
2026-01-01T00:09:01.500000Z,q005,linen dress
2026-01-01T00:09:01.611000Z,q010,bluetooth speaker
2026-01-01T00:09:01.722000Z,q009,recycled wireless headphones
2026-01-01T00:09:01.833000Z,q004,recycled cotton shirt
2026-01-01T00:09:01.944000Z,q028,Altis yoga mat
2026-01-01T00:09:02.056000Z,q010,bluetooth speaker
2026-01-01T00:09:02.167000Z,q008,Cirrus wireless headphones
2026-01-01T00:09:02.278000Z,q004,recycled cotton shirt
2026-01-01T00:09:02.389000Z,q001,cotton shirt
2026-01-01T00:09:02.500000Z,q042,black steel saucepan
2026-01-01T00:09:02.611000Z,q002,black cotton shirt
2026-01-01T00:09:02.722000Z,q009,recycled wireless headphones
2026-01-01T00:09:02.833000Z,q008,Cirrus wireless headphones
2026-01-01T00:09:02.944000Z,q006,wireless headphones
2026-01-01T00:09:03.056000Z,q004,recycled cotton shirt
2026-01-01T00:09:03.167000Z,q002,black cotton shirt
2026-01-01T00:09:03.278000Z,q041,steel saucepan
2026-01-01T00:09:03.389000Z,q006,wireless headphones
2026-01-01T00:09:03.500000Z,q008,Cirrus wireless headphones
2026-01-01T00:09:03.611000Z,q007,black wireless headphones
2026-01-01T00:09:03.722000Z,q002,black cotton shirt
2026-01-01T00:09:03.833000Z,q005,linen dress
2026-01-01T00:09:03.944000Z,q049,recycled cookbook
2026-01-01T00:09:04.056000Z,q005,linen dress
2026-01-01T00:09:04.167000Z,q008,Cirrus wireless headphones
2026-01-01T00:09:04.278000Z,q005,linen dress
2026-01-01T00:09:04.389000Z,q005,linen dress
2026-01-01T00:09:04.500000Z,q007,black wireless headphones
2026-01-01T00:09:04.611000Z,q004,recycled cotton shirt
2026-01-01T00:09:04.722000Z,q008,Cirrus wireless headphones
2026-01-01T00:09:04.833000Z,q004,recycled cotton shirt
2026-01-01T00:09:04.944000Z,q034,recycled garden gloves
2026-01-01T00:09:05.056000Z,q007,black wireless headphones
2026-01-01T00:09:05.167000Z,q019,recycled face moisturiser
2026-01-01T00:09:05.278000Z,q001,cotton shirt
2026-01-01T00:09:05.389000Z,q004,recycled cotton shirt
2026-01-01T00:09:05.500000Z,q013,Harbour desk lamp
2026-01-01T00:09:05.611000Z,q043,Bramble steel saucepan
2026-01-01T00:09:05.722000Z,q008,Cirrus wireless headphones
2026-01-01T00:09:05.833000Z,q004,recycled cotton shirt
2026-01-01T00:09:05.944000Z,q004,recycled cotton shirt
2026-01-01T00:09:06.056000Z,q017,black face moisturiser
2026-01-01T00:09:06.167000Z,q003,Alder cotton shirt
2026-01-01T00:09:06.278000Z,q034,recycled garden gloves
2026-01-01T00:09:06.389000Z,q029,recycled yoga mat
2026-01-01T00:09:06.500000Z,q014,recycled desk lamp
2026-01-01T00:09:06.611000Z,q002,black cotton shirt
2026-01-01T00:09:06.722000Z,q010,bluetooth speaker
2026-01-01T00:09:06.833000Z,q008,Cirrus wireless headphones
2026-01-01T00:09:06.944000Z,q041,steel saucepan
2026-01-01T00:09:07.056000Z,q008,Cirrus wireless headphones
2026-01-01T00:09:07.167000Z,q010,bluetooth speaker
2026-01-01T00:09:07.278000Z,q010,bluetooth speaker
2026-01-01T00:09:07.389000Z,q003,Alder cotton shirt
2026-01-01T00:09:07.500000Z,q008,Cirrus wireless headphones
2026-01-01T00:09:07.611000Z,q005,linen dress
2026-01-01T00:09:07.722000Z,q007,black wireless headphones
2026-01-01T00:09:07.833000Z,q025,walking boots
2026-01-01T00:09:07.944000Z,q008,Cirrus wireless headphones
2026-01-01T00:09:08.056000Z,q001,cotton shirt
2026-01-01T00:09:08.167000Z,q002,black cotton shirt
2026-01-01T00:09:08.278000Z,q010,bluetooth speaker
2026-01-01T00:09:08.389000Z,q008,Cirrus wireless headphones
2026-01-01T00:09:08.500000Z,q006,wireless headphones
2026-01-01T00:09:08.611000Z,q047,black cookbook
2026-01-01T00:09:08.722000Z,q007,black wireless headphones
2026-01-01T00:09:08.833000Z,q035,watering can
2026-01-01T00:09:08.944000Z,q004,recycled cotton shirt
2026-01-01T00:09:09.056000Z,q002,black cotton shirt
2026-01-01T00:09:09.167000Z,q006,wireless headphones
2026-01-01T00:09:09.278000Z,q007,black wireless headphones
2026-01-01T00:09:09.389000Z,q037,black wooden puzzle
2026-01-01T00:09:09.500000Z,q007,black wireless headphones
2026-01-01T00:09:09.611000Z,q009,recycled wireless headphones
2026-01-01T00:09:09.722000Z,q043,Bramble steel saucepan
2026-01-01T00:09:09.833000Z,q011,desk lamp
2026-01-01T00:09:09.944000Z,q009,recycled wireless headphones
2026-01-01T00:09:10.125000Z,q004,recycled cotton shirt
2026-01-01T00:09:10.375000Z,q008,Cirrus wireless headphones
2026-01-01T00:09:10.625000Z,q019,recycled face moisturiser
2026-01-01T00:09:10.875000Z,q002,black cotton shirt
2026-01-01T00:09:11.125000Z,q012,black desk lamp
2026-01-01T00:09:11.375000Z,q021,running shoes
2026-01-01T00:09:11.625000Z,q010,bluetooth speaker
2026-01-01T00:09:11.875000Z,q006,wireless headphones
2026-01-01T00:09:12.125000Z,q008,Cirrus wireless headphones
2026-01-01T00:09:12.375000Z,q004,recycled cotton shirt
2026-01-01T00:09:12.625000Z,q010,bluetooth speaker
2026-01-01T00:09:12.875000Z,q002,black cotton shirt
2026-01-01T00:09:13.100000Z,q007,black wireless headphones
2026-01-01T00:09:13.300000Z,q018,Bloomwell face moisturiser
2026-01-01T00:09:13.500000Z,q006,wireless headphones
2026-01-01T00:09:13.700000Z,q007,black wireless headphones
2026-01-01T00:09:13.900000Z,q045,ceramic mug
2026-01-01T00:09:14.100000Z,q007,black wireless headphones
2026-01-01T00:09:14.300000Z,q032,black garden gloves
2026-01-01T00:09:14.500000Z,q009,recycled wireless headphones
2026-01-01T00:09:14.700000Z,q009,recycled wireless headphones
2026-01-01T00:09:14.900000Z,q005,linen dress
2026-01-01T00:09:15.100000Z,q013,Harbour desk lamp
2026-01-01T00:09:15.300000Z,q009,recycled wireless headphones
2026-01-01T00:09:15.500000Z,q001,cotton shirt
2026-01-01T00:09:15.700000Z,q034,recycled garden gloves
2026-01-01T00:09:15.900000Z,q006,wireless headphones
2026-01-01T00:09:16.100000Z,q024,recycled running shoes
2026-01-01T00:09:16.300000Z,q044,recycled steel saucepan
2026-01-01T00:09:16.500000Z,q007,black wireless headphones
2026-01-01T00:09:16.700000Z,q004,recycled cotton shirt
2026-01-01T00:09:16.900000Z,q003,Alder cotton shirt
2026-01-01T00:09:17.100000Z,q004,recycled cotton shirt
2026-01-01T00:09:17.300000Z,q007,black wireless headphones
2026-01-01T00:09:17.500000Z,q002,black cotton shirt
2026-01-01T00:09:17.700000Z,q046,cookbook
2026-01-01T00:09:17.900000Z,q003,Alder cotton shirt
2026-01-01T00:09:18.100000Z,q002,black cotton shirt
2026-01-01T00:09:18.300000Z,q025,walking boots
2026-01-01T00:09:18.500000Z,q013,Harbour desk lamp
2026-01-01T00:09:18.700000Z,q009,recycled wireless headphones
2026-01-01T00:09:18.900000Z,q010,bluetooth speaker
2026-01-01T00:09:19.100000Z,q004,recycled cotton shirt
2026-01-01T00:09:19.300000Z,q046,cookbook
2026-01-01T00:09:19.500000Z,q001,cotton shirt
2026-01-01T00:09:19.700000Z,q006,wireless headphones
2026-01-01T00:09:19.900000Z,q001,cotton shirt
2026-01-01T00:09:20.100000Z,q001,cotton shirt
2026-01-01T00:09:20.300000Z,q009,recycled wireless headphones
2026-01-01T00:09:20.500000Z,q007,black wireless headphones
2026-01-01T00:09:20.700000Z,q008,Cirrus wireless headphones
2026-01-01T00:09:20.900000Z,q019,recycled face moisturiser
2026-01-01T00:09:21.100000Z,q014,recycled desk lamp
2026-01-01T00:09:21.300000Z,q002,black cotton shirt
2026-01-01T00:09:21.500000Z,q012,black desk lamp
2026-01-01T00:09:21.700000Z,q003,Alder cotton shirt
2026-01-01T00:09:21.900000Z,q032,black garden gloves
2026-01-01T00:09:22.100000Z,q001,cotton shirt
2026-01-01T00:09:22.300000Z,q004,recycled cotton shirt
2026-01-01T00:09:22.500000Z,q020,shampoo
2026-01-01T00:09:22.700000Z,q004,recycled cotton shirt
2026-01-01T00:09:22.900000Z,q039,recycled wooden puzzle
2026-01-01T00:09:23.100000Z,q001,cotton shirt
2026-01-01T00:09:23.300000Z,q030,football
2026-01-01T00:09:23.500000Z,q006,wireless headphones
2026-01-01T00:09:23.700000Z,q014,recycled desk lamp
2026-01-01T00:09:23.900000Z,q004,recycled cotton shirt
2026-01-01T00:09:24.100000Z,q001,cotton shirt
2026-01-01T00:09:24.300000Z,q002,black cotton shirt
2026-01-01T00:09:24.500000Z,q002,black cotton shirt
2026-01-01T00:09:24.700000Z,q010,bluetooth speaker
2026-01-01T00:09:24.900000Z,q008,Cirrus wireless headphones
2026-01-01T00:09:25.100000Z,q019,recycled face moisturiser
2026-01-01T00:09:25.300000Z,q009,recycled wireless headphones
2026-01-01T00:09:25.500000Z,q005,linen dress
2026-01-01T00:09:25.700000Z,q006,wireless headphones
2026-01-01T00:09:25.900000Z,q044,recycled steel saucepan
2026-01-01T00:09:26.100000Z,q018,Bloomwell face moisturiser
2026-01-01T00:09:26.300000Z,q003,Alder cotton shirt
2026-01-01T00:09:26.500000Z,q002,black cotton shirt
2026-01-01T00:09:26.700000Z,q023,Stridely running shoes
2026-01-01T00:09:26.900000Z,q010,bluetooth speaker
2026-01-01T00:09:27.100000Z,q009,recycled wireless headphones
2026-01-01T00:09:27.300000Z,q002,black cotton shirt
2026-01-01T00:09:27.500000Z,q002,black cotton shirt
2026-01-01T00:09:27.700000Z,q010,bluetooth speaker
2026-01-01T00:09:27.900000Z,q007,black wireless headphones
2026-01-01T00:09:28.100000Z,q050,travel guide
2026-01-01T00:09:28.300000Z,q005,linen dress
2026-01-01T00:09:28.500000Z,q039,recycled wooden puzzle
2026-01-01T00:09:28.700000Z,q009,recycled wireless headphones
2026-01-01T00:09:28.900000Z,q010,bluetooth speaker
2026-01-01T00:09:29.100000Z,q002,black cotton shirt
2026-01-01T00:09:29.300000Z,q010,bluetooth speaker
2026-01-01T00:09:29.500000Z,q010,bluetooth speaker
2026-01-01T00:09:29.700000Z,q022,black running shoes
2026-01-01T00:09:29.900000Z,q033,Briar garden gloves
2026-01-01T00:09:30.100000Z,q016,face moisturiser
2026-01-01T00:09:30.300000Z,q005,linen dress
2026-01-01T00:09:30.500000Z,q008,Cirrus wireless headphones
2026-01-01T00:09:30.700000Z,q009,recycled wireless headphones
2026-01-01T00:09:30.900000Z,q018,Bloomwell face moisturiser
2026-01-01T00:09:31.100000Z,q001,cotton shirt
2026-01-01T00:09:31.300000Z,q014,recycled desk lamp
2026-01-01T00:09:31.500000Z,q004,recycled cotton shirt
2026-01-01T00:09:31.700000Z,q006,wireless headphones
2026-01-01T00:09:31.900000Z,q033,Briar garden gloves
2026-01-01T00:09:32.100000Z,q010,bluetooth speaker
2026-01-01T00:09:32.300000Z,q009,recycled wireless headphones
2026-01-01T00:09:32.500000Z,q002,black cotton shirt
2026-01-01T00:09:32.700000Z,q010,bluetooth speaker
2026-01-01T00:09:32.900000Z,q008,Cirrus wireless headphones
2026-01-01T00:09:33.100000Z,q045,ceramic mug
2026-01-01T00:09:33.300000Z,q004,recycled cotton shirt
2026-01-01T00:09:33.500000Z,q028,Altis yoga mat
2026-01-01T00:09:33.700000Z,q002,black cotton shirt
2026-01-01T00:09:33.900000Z,q018,Bloomwell face moisturiser
2026-01-01T00:09:34.100000Z,q007,black wireless headphones
2026-01-01T00:09:34.300000Z,q018,Bloomwell face moisturiser
2026-01-01T00:09:34.500000Z,q003,Alder cotton shirt
2026-01-01T00:09:34.700000Z,q003,Alder cotton shirt
2026-01-01T00:09:34.900000Z,q005,linen dress
2026-01-01T00:09:35.100000Z,q002,black cotton shirt
2026-01-01T00:09:35.300000Z,q009,recycled wireless headphones
2026-01-01T00:09:35.500000Z,q006,wireless headphones
2026-01-01T00:09:35.700000Z,q028,Altis yoga mat
2026-01-01T00:09:35.900000Z,q019,recycled face moisturiser
2026-01-01T00:09:36.083000Z,q007,black wireless headphones
2026-01-01T00:09:36.250000Z,q027,black yoga mat
2026-01-01T00:09:36.417000Z,q021,running shoes
2026-01-01T00:09:36.583000Z,q007,black wireless headphones
2026-01-01T00:09:36.750000Z,q002,black cotton shirt
2026-01-01T00:09:36.917000Z,q010,bluetooth speaker
2026-01-01T00:09:37.083000Z,q009,recycled wireless headphones
2026-01-01T00:09:37.250000Z,q028,Altis yoga mat
2026-01-01T00:09:37.417000Z,q002,black cotton shirt
2026-01-01T00:09:37.583000Z,q006,wireless headphones
2026-01-01T00:09:37.750000Z,q009,recycled wireless headphones
2026-01-01T00:09:37.917000Z,q002,black cotton shirt
2026-01-01T00:09:38.083000Z,q003,Alder cotton shirt
2026-01-01T00:09:38.250000Z,q003,Alder cotton shirt
2026-01-01T00:09:38.417000Z,q009,recycled wireless headphones
2026-01-01T00:09:38.583000Z,q008,Cirrus wireless headphones
2026-01-01T00:09:38.750000Z,q001,cotton shirt
2026-01-01T00:09:38.917000Z,q001,cotton shirt
2026-01-01T00:09:39.083000Z,q024,recycled running shoes
2026-01-01T00:09:39.250000Z,q006,wireless headphones
2026-01-01T00:09:39.417000Z,q005,linen dress
2026-01-01T00:09:39.583000Z,q019,recycled face moisturiser
2026-01-01T00:09:39.750000Z,q037,black wooden puzzle
2026-01-01T00:09:39.917000Z,q005,linen dress
2026-01-01T00:09:40.083000Z,q001,cotton shirt
2026-01-01T00:09:40.250000Z,q048,Beacon cookbook
2026-01-01T00:09:40.417000Z,q006,wireless headphones
2026-01-01T00:09:40.583000Z,q039,recycled wooden puzzle
2026-01-01T00:09:40.750000Z,q010,bluetooth speaker
2026-01-01T00:09:40.917000Z,q048,Beacon cookbook
2026-01-01T00:09:41.083000Z,q036,wooden puzzle
2026-01-01T00:09:41.250000Z,q013,Harbour desk lamp
2026-01-01T00:09:41.417000Z,q007,black wireless headphones
2026-01-01T00:09:41.583000Z,q010,bluetooth speaker
2026-01-01T00:09:41.750000Z,q004,recycled cotton shirt
2026-01-01T00:09:41.917000Z,q001,cotton shirt
2026-01-01T00:09:42.083000Z,q002,black cotton shirt
2026-01-01T00:09:42.250000Z,q043,Bramble steel saucepan
2026-01-01T00:09:42.417000Z,q003,Alder cotton shirt
2026-01-01T00:09:42.583000Z,q024,recycled running shoes
2026-01-01T00:09:42.750000Z,q002,black cotton shirt
2026-01-01T00:09:42.917000Z,q033,Briar garden gloves
2026-01-01T00:09:43.083000Z,q005,linen dress
2026-01-01T00:09:43.250000Z,q004,recycled cotton shirt
2026-01-01T00:09:43.417000Z,q009,recycled wireless headphones
2026-01-01T00:09:43.583000Z,q007,black wireless headphones
2026-01-01T00:09:43.750000Z,q009,recycled wireless headphones
2026-01-01T00:09:43.917000Z,q004,recycled cotton shirt
2026-01-01T00:09:44.083000Z,q010,bluetooth speaker
2026-01-01T00:09:44.250000Z,q015,cotton bedding
2026-01-01T00:09:44.417000Z,q029,recycled yoga mat
2026-01-01T00:09:44.583000Z,q001,cotton shirt
2026-01-01T00:09:44.750000Z,q008,Cirrus wireless headphones
2026-01-01T00:09:44.917000Z,q037,black wooden puzzle
2026-01-01T00:09:45.083000Z,q004,recycled cotton shirt
2026-01-01T00:09:45.250000Z,q006,wireless headphones
2026-01-01T00:09:45.417000Z,q036,wooden puzzle
2026-01-01T00:09:45.583000Z,q012,black desk lamp
2026-01-01T00:09:45.750000Z,q003,Alder cotton shirt
2026-01-01T00:09:45.917000Z,q012,black desk lamp
2026-01-01T00:09:46.083000Z,q009,recycled wireless headphones
2026-01-01T00:09:46.250000Z,q011,desk lamp
2026-01-01T00:09:46.417000Z,q007,black wireless headphones
2026-01-01T00:09:46.583000Z,q003,Alder cotton shirt
2026-01-01T00:09:46.750000Z,q007,black wireless headphones
2026-01-01T00:09:46.917000Z,q017,black face moisturiser
2026-01-01T00:09:47.083000Z,q008,Cirrus wireless headphones
2026-01-01T00:09:47.250000Z,q010,bluetooth speaker
2026-01-01T00:09:47.417000Z,q006,wireless headphones
2026-01-01T00:09:47.583000Z,q007,black wireless headphones
2026-01-01T00:09:47.750000Z,q007,black wireless headphones
2026-01-01T00:09:47.917000Z,q050,travel guide
2026-01-01T00:09:48.083000Z,q009,recycled wireless headphones
2026-01-01T00:09:48.250000Z,q001,cotton shirt
2026-01-01T00:09:48.417000Z,q004,recycled cotton shirt
2026-01-01T00:09:48.583000Z,q009,recycled wireless headphones
2026-01-01T00:09:48.750000Z,q018,Bloomwell face moisturiser
2026-01-01T00:09:48.917000Z,q034,recycled garden gloves
2026-01-01T00:09:49.083000Z,q001,cotton shirt
2026-01-01T00:09:49.250000Z,q018,Bloomwell face moisturiser
2026-01-01T00:09:49.417000Z,q005,linen dress
2026-01-01T00:09:49.583000Z,q040,building blocks
2026-01-01T00:09:49.750000Z,q049,recycled cookbook
2026-01-01T00:09:49.917000Z,q010,bluetooth speaker
2026-01-01T00:09:50.083000Z,q002,black cotton shirt
2026-01-01T00:09:50.250000Z,q006,wireless headphones
2026-01-01T00:09:50.417000Z,q010,bluetooth speaker
2026-01-01T00:09:50.583000Z,q043,Bramble steel saucepan
2026-01-01T00:09:50.750000Z,q009,recycled wireless headphones
2026-01-01T00:09:50.917000Z,q007,black wireless headphones
2026-01-01T00:09:51.083000Z,q004,recycled cotton shirt
2026-01-01T00:09:51.250000Z,q003,Alder cotton shirt
2026-01-01T00:09:51.417000Z,q014,recycled desk lamp
2026-01-01T00:09:51.583000Z,q016,face moisturiser
2026-01-01T00:09:51.750000Z,q024,recycled running shoes
2026-01-01T00:09:51.917000Z,q004,recycled cotton shirt
2026-01-01T00:09:52.083000Z,q004,recycled cotton shirt
2026-01-01T00:09:52.250000Z,q002,black cotton shirt
2026-01-01T00:09:52.417000Z,q009,recycled wireless headphones
2026-01-01T00:09:52.583000Z,q005,linen dress
2026-01-01T00:09:52.750000Z,q010,bluetooth speaker
2026-01-01T00:09:52.917000Z,q010,bluetooth speaker
2026-01-01T00:09:53.071000Z,q002,black cotton shirt
2026-01-01T00:09:53.214000Z,q006,wireless headphones
2026-01-01T00:09:53.357000Z,q001,cotton shirt
2026-01-01T00:09:53.500000Z,q004,recycled cotton shirt
2026-01-01T00:09:53.643000Z,q050,travel guide
2026-01-01T00:09:53.786000Z,q049,recycled cookbook
2026-01-01T00:09:53.929000Z,q009,recycled wireless headphones
2026-01-01T00:09:54.071000Z,q042,black steel saucepan
2026-01-01T00:09:54.214000Z,q006,wireless headphones
2026-01-01T00:09:54.357000Z,q017,black face moisturiser
2026-01-01T00:09:54.500000Z,q002,black cotton shirt
2026-01-01T00:09:54.643000Z,q010,bluetooth speaker
2026-01-01T00:09:54.786000Z,q003,Alder cotton shirt
2026-01-01T00:09:54.929000Z,q007,black wireless headphones
2026-01-01T00:09:55.071000Z,q038,Acorn wooden puzzle
2026-01-01T00:09:55.214000Z,q002,black cotton shirt
2026-01-01T00:09:55.357000Z,q005,linen dress
2026-01-01T00:09:55.500000Z,q042,black steel saucepan
2026-01-01T00:09:55.643000Z,q006,wireless headphones
2026-01-01T00:09:55.786000Z,q002,black cotton shirt
2026-01-01T00:09:55.929000Z,q009,recycled wireless headphones
2026-01-01T00:09:56.071000Z,q009,recycled wireless headphones
2026-01-01T00:09:56.214000Z,q002,black cotton shirt
2026-01-01T00:09:56.357000Z,q001,cotton shirt
2026-01-01T00:09:56.500000Z,q045,ceramic mug
2026-01-01T00:09:56.643000Z,q024,recycled running shoes
2026-01-01T00:09:56.786000Z,q026,yoga mat
2026-01-01T00:09:56.929000Z,q002,black cotton shirt
2026-01-01T00:09:57.071000Z,q004,recycled cotton shirt
2026-01-01T00:09:57.214000Z,q042,black steel saucepan
2026-01-01T00:09:57.357000Z,q008,Cirrus wireless headphones
2026-01-01T00:09:57.500000Z,q039,recycled wooden puzzle
2026-01-01T00:09:57.643000Z,q007,black wireless headphones
2026-01-01T00:09:57.786000Z,q004,recycled cotton shirt
2026-01-01T00:09:57.929000Z,q003,Alder cotton shirt
2026-01-01T00:09:58.071000Z,q008,Cirrus wireless headphones
2026-01-01T00:09:58.214000Z,q006,wireless headphones
2026-01-01T00:09:58.357000Z,q023,Stridely running shoes
2026-01-01T00:09:58.500000Z,q009,recycled wireless headphones
2026-01-01T00:09:58.643000Z,q030,football
2026-01-01T00:09:58.786000Z,q009,recycled wireless headphones
2026-01-01T00:09:58.929000Z,q005,linen dress
2026-01-01T00:09:59.071000Z,q024,recycled running shoes
2026-01-01T00:09:59.214000Z,q040,building blocks
2026-01-01T00:09:59.357000Z,q002,black cotton shirt
2026-01-01T00:09:59.500000Z,q025,walking boots
2026-01-01T00:09:59.643000Z,q002,black cotton shirt
2026-01-01T00:09:59.786000Z,q039,recycled wooden puzzle
2026-01-01T00:09:59.929000Z,q008,Cirrus wireless headphones
