timestamp,query_id,query
2026-01-01T00:00:00.042000Z,q0048,plush bear
2026-01-01T00:00:00.125000Z,q0030,work gloves
2026-01-01T00:00:00.208000Z,q0016,vitamin tablets
2026-01-01T00:00:00.292000Z,q0031,steel saucepan
2026-01-01T00:00:00.375000Z,q0570,Alder running shorts
2026-01-01T00:00:00.458000Z,q0033,cutlery set
2026-01-01T00:00:00.542000Z,q0028,tool box
2026-01-01T00:00:00.625000Z,q0506,white breakfast oats
2026-01-01T00:00:00.708000Z,q0563,Alder sandals
2026-01-01T00:00:00.792000Z,q0009,body wash
2026-01-01T00:00:00.875000Z,q0765,Vela crime novel
2026-01-01T00:00:00.958000Z,q0995,archived lunar model 15
2026-01-01T00:00:01.042000Z,q0028,tool box
2026-01-01T00:00:01.125000Z,q0017,first aid kit
2026-01-01T00:00:01.208000Z,q0032,ceramic mug
2026-01-01T00:00:01.292000Z,q0893,cotton pet bowl
2026-01-01T00:00:01.375000Z,q0033,cutlery set
2026-01-01T00:00:01.458000Z,q0506,white breakfast oats
2026-01-01T00:00:01.542000Z,q0762,Vela travel guide
2026-01-01T00:00:01.625000Z,q0432,red ground coffee
2026-01-01T00:00:01.708000Z,q0258,green cutlery set
2026-01-01T00:00:01.792000Z,q0013,children storybook
2026-01-01T00:00:01.875000Z,q0037,walking boots
2026-01-01T00:00:01.958000Z,q0027,paint brush
2026-01-01T00:00:02.042000Z,q0034,chopping board
2026-01-01T00:00:02.125000Z,q0640,Harbour leather shoes
2026-01-01T00:00:02.208000Z,q0028,tool box
2026-01-01T00:00:02.292000Z,q0693,Linden sleep mask
2026-01-01T00:00:02.375000Z,q0032,ceramic mug
2026-01-01T00:00:02.458000Z,q0001,cotton shirt
2026-01-01T00:00:02.542000Z,q0217,blue cat toy
2026-01-01T00:00:02.625000Z,q0037,walking boots
2026-01-01T00:00:02.708000Z,q0144,black bird feeder
2026-01-01T00:00:02.792000Z,q0029,wall shelf
2026-01-01T00:00:02.875000Z,q0011,cookbook
2026-01-01T00:00:02.958000Z,q0015,crime novel
2026-01-01T00:00:03.042000Z,q0013,children storybook
2026-01-01T00:00:03.125000Z,q0020,electric toothbrush
2026-01-01T00:00:03.208000Z,q0027,paint brush
2026-01-01T00:00:03.292000Z,q0020,electric toothbrush
2026-01-01T00:00:03.375000Z,q0674,Harbour sketch pad
2026-01-01T00:00:03.458000Z,q0205,blue usb c charger
2026-01-01T00:00:03.542000Z,q0007,shampoo
2026-01-01T00:00:03.625000Z,q0627,Harbour paint brush
2026-01-01T00:00:03.708000Z,q0977,premium linen dress
2026-01-01T00:00:03.792000Z,q0041,yoga mat
2026-01-01T00:00:03.875000Z,q0880,cotton usb c charger
2026-01-01T00:00:03.958000Z,q0971,recycled notebook
2026-01-01T00:00:04.042000Z,q0049,craft kit
2026-01-01T00:00:04.125000Z,q0007,shampoo
2026-01-01T00:00:04.208000Z,q0010,sunscreen
2026-01-01T00:00:04.292000Z,q0323,grey bath towel
2026-01-01T00:00:04.375000Z,q0016,vitamin tablets
2026-01-01T00:00:04.458000Z,q0046,wooden puzzle
2026-01-01T00:00:04.542000Z,q0017,first aid kit
2026-01-01T00:00:04.625000Z,q0017,first aid kit
2026-01-01T00:00:04.708000Z,q0009,body wash
2026-01-01T00:00:04.792000Z,q0048,plush bear
2026-01-01T00:00:04.875000Z,q0849,cotton storage basket
2026-01-01T00:00:04.958000Z,q0004,wool jumper
2026-01-01T00:00:05.042000Z,q0016,vitamin tablets
2026-01-01T00:00:05.125000Z,q0005,rain jacket
2026-01-01T00:00:05.208000Z,q0618,Harbour sleep mask
2026-01-01T00:00:05.292000Z,q0485,white glass storage jar
2026-01-01T00:00:05.375000Z,q0023,bath towel
2026-01-01T00:00:05.458000Z,q0010,sunscreen
2026-01-01T00:00:05.542000Z,q0019,heat pad
2026-01-01T00:00:05.625000Z,q0014,gardening book
2026-01-01T00:00:05.708000Z,q0357,grey ground coffee
2026-01-01T00:00:05.792000Z,q0011,cookbook
2026-01-01T00:00:05.875000Z,q0070,pet blanket
2026-01-01T00:00:05.958000Z,q0024,storage basket
2026-01-01T00:00:06.042000Z,q0036,running shoes
2026-01-01T00:00:06.125000Z,q0012,travel guide
2026-01-01T00:00:06.208000Z,q0012,travel guide
2026-01-01T00:00:06.292000Z,q0044,resistance bands
2026-01-01T00:00:06.375000Z,q0038,sandals
2026-01-01T00:00:06.458000Z,q0005,rain jacket
2026-01-01T00:00:06.542000Z,q0047,building blocks
2026-01-01T00:00:06.625000Z,q0003,denim jeans
2026-01-01T00:00:06.708000Z,q0277,green bluetooth speaker
2026-01-01T00:00:06.792000Z,q0100,black throw blanket
2026-01-01T00:00:06.875000Z,q0517,white cat toy
2026-01-01T00:00:06.958000Z,q0044,resistance bands
2026-01-01T00:00:07.042000Z,q0007,shampoo
2026-01-01T00:00:07.125000Z,q0166,blue vitamin tablets
2026-01-01T00:00:07.208000Z,q0014,gardening book
2026-01-01T00:00:07.292000Z,q0007,shampoo
2026-01-01T00:00:07.375000Z,q0020,electric toothbrush
2026-01-01T00:00:07.458000Z,q0021,desk lamp
2026-01-01T00:00:07.542000Z,q0024,storage basket
2026-01-01T00:00:07.625000Z,q0003,denim jeans
2026-01-01T00:00:07.708000Z,q0045,running shorts
2026-01-01T00:00:07.792000Z,q0005,rain jacket
2026-01-01T00:00:07.875000Z,q0240,green crime novel
2026-01-01T00:00:07.958000Z,q0130,black usb c charger
2026-01-01T00:00:08.038000Z,q0003,denim jeans
2026-01-01T00:00:08.115000Z,q0475,white throw blanket
2026-01-01T00:00:08.192000Z,q0015,crime novel
2026-01-01T00:00:08.269000Z,q0105,black work gloves
2026-01-01T00:00:08.346000Z,q0953,recycled tablet
2026-01-01T00:00:08.423000Z,q0035,glass storage jar
2026-01-01T00:00:08.500000Z,q0040,leather shoes
2026-01-01T00:00:08.577000Z,q0034,chopping board
2026-01-01T00:00:08.654000Z,q0015,crime novel
2026-01-01T00:00:08.731000Z,q0031,steel saucepan
2026-01-01T00:00:08.808000Z,q0028,tool box
2026-01-01T00:00:08.885000Z,q0048,plush bear
2026-01-01T00:00:08.962000Z,q0182,blue ceramic mug
2026-01-01T00:00:09.038000Z,q0047,building blocks
2026-01-01T00:00:09.115000Z,q0004,wool jumper
2026-01-01T00:00:09.192000Z,q0045,running shorts
2026-01-01T00:00:09.269000Z,q0030,work gloves
2026-01-01T00:00:09.346000Z,q0316,grey vitamin tablets
2026-01-01T00:00:09.423000Z,q0037,walking boots
2026-01-01T00:00:09.500000Z,q0065,solar lights
2026-01-01T00:00:09.577000Z,q0001,cotton shirt
2026-01-01T00:00:09.654000Z,q0824,Vela sketch pad
2026-01-01T00:00:09.731000Z,q0046,wooden puzzle
2026-01-01T00:00:09.808000Z,q0677,Linden linen dress
2026-01-01T00:00:09.885000Z,q0022,cotton bedding
2026-01-01T00:00:09.962000Z,q0019,heat pad
2026-01-01T00:00:10.062000Z,q0026,cordless drill
2026-01-01T00:00:10.188000Z,q0002,linen dress
2026-01-01T00:00:10.312000Z,q0003,denim jeans
2026-01-01T00:00:10.438000Z,q0021,desk lamp
2026-01-01T00:00:10.562000Z,q0005,rain jacket
2026-01-01T00:00:10.688000Z,q0001,cotton shirt
2026-01-01T00:00:10.812000Z,q0678,Linden denim jeans
2026-01-01T00:00:10.938000Z,q0363,grey plant pot
2026-01-01T00:00:11.062000Z,q0932,recycled ceramic mug
2026-01-01T00:00:11.188000Z,q0042,football
2026-01-01T00:00:11.312000Z,q0313,grey children storybook
2026-01-01T00:00:11.438000Z,q0012,travel guide
2026-01-01T00:00:11.562000Z,q0011,cookbook
2026-01-01T00:00:11.688000Z,q0048,plush bear
2026-01-01T00:00:11.812000Z,q0030,work gloves
2026-01-01T00:00:11.938000Z,q0030,work gloves
2026-01-01T00:00:12.062000Z,q0026,cordless drill
2026-01-01T00:00:12.188000Z,q0038,sandals
2026-01-01T00:00:12.312000Z,q0002,linen dress
2026-01-01T00:00:12.438000Z,q0046,wooden puzzle
2026-01-01T00:00:12.562000Z,q0001,cotton shirt
2026-01-01T00:00:12.688000Z,q0637,Harbour walking boots
2026-01-01T00:00:12.812000Z,q0021,desk lamp
2026-01-01T00:00:12.938000Z,q0045,running shorts
2026-01-01T00:00:13.062000Z,q0004,wool jumper
2026-01-01T00:00:13.188000Z,q0881,cotton breakfast oats
2026-01-01T00:00:13.312000Z,q0044,resistance bands
2026-01-01T00:00:13.438000Z,q0039,slippers
2026-01-01T00:00:13.562000Z,q0024,storage basket
2026-01-01T00:00:13.688000Z,q0117,black football
2026-01-01T00:00:13.812000Z,q0005,rain jacket
2026-01-01T00:00:13.938000Z,q0022,cotton bedding
2026-01-01T00:00:14.062000Z,q0002,linen dress
2026-01-01T00:00:14.188000Z,q0240,green crime novel
2026-01-01T00:00:14.312000Z,q0208,blue herbal tea
2026-01-01T00:00:14.438000Z,q0699,Linden storage basket
2026-01-01T00:00:14.562000Z,q0037,walking boots
2026-01-01T00:00:14.688000Z,q0035,glass storage jar
2026-01-01T00:00:14.812000Z,q0039,slippers
2026-01-01T00:00:14.938000Z,q0681,Linden face moisturiser
2026-01-01T00:00:15.062000Z,q0040,leather shoes
2026-01-01T00:00:15.188000Z,q0013,children storybook
2026-01-01T00:00:15.312000Z,q0032,ceramic mug
2026-01-01T00:00:15.438000Z,q0046,wooden puzzle
2026-01-01T00:00:15.562000Z,q0511,white garden gloves
2026-01-01T00:00:15.688000Z,q0011,cookbook
2026-01-01T00:00:15.812000Z,q0028,tool box
2026-01-01T00:00:15.938000Z,q0541,Alder vitamin tablets
2026-01-01T00:00:16.062000Z,q0016,vitamin tablets
2026-01-01T00:00:16.188000Z,q0048,plush bear
2026-01-01T00:00:16.312000Z,q0029,wall shelf
2026-01-01T00:00:16.438000Z,q0032,ceramic mug
2026-01-01T00:00:16.562000Z,q0041,yoga mat
2026-01-01T00:00:16.688000Z,q0028,tool box
2026-01-01T00:00:16.812000Z,q0027,paint brush
2026-01-01T00:00:16.938000Z,q0049,craft kit
2026-01-01T00:00:17.062000Z,q0049,craft kit
2026-01-01T00:00:17.188000Z,q0049,craft kit
2026-01-01T00:00:17.312000Z,q0050,toy train
2026-01-01T00:00:17.438000Z,q0025,throw blanket
2026-01-01T00:00:17.562000Z,q0935,recycled glass storage jar
2026-01-01T00:00:17.688000Z,q0752,Vela linen dress
2026-01-01T00:00:17.812000Z,q0995,archived lunar model 15
2026-01-01T00:00:17.938000Z,q0044,resistance bands
2026-01-01T00:00:18.062000Z,q0931,recycled steel saucepan
2026-01-01T00:00:18.188000Z,q0001,cotton shirt
2026-01-01T00:00:18.312000Z,q0041,yoga mat
2026-01-01T00:00:18.438000Z,q0644,Harbour resistance bands
2026-01-01T00:00:18.562000Z,q0026,cordless drill
2026-01-01T00:00:18.688000Z,q0015,crime novel
2026-01-01T00:00:18.812000Z,q0397,red cotton bedding
2026-01-01T00:00:18.938000Z,q0577,Alder bluetooth speaker
2026-01-01T00:00:19.062000Z,q0864,cotton slippers
2026-01-01T00:00:19.188000Z,q0232,green shampoo
2026-01-01T00:00:19.312000Z,q0015,crime novel
2026-01-01T00:00:19.438000Z,q0010,sunscreen
2026-01-01T00:00:19.562000Z,q0042,football
2026-01-01T00:00:19.688000Z,q0049,craft kit
2026-01-01T00:00:19.812000Z,q0012,travel guide
2026-01-01T00:00:19.938000Z,q0022,cotton bedding
2026-01-01T00:00:20.062000Z,q0003,denim jeans
2026-01-01T00:00:20.188000Z,q0500,white toy train
2026-01-01T00:00:20.312000Z,q0032,ceramic mug
2026-01-01T00:00:20.438000Z,q0008,hand cream
2026-01-01T00:00:20.562000Z,q0036,running shoes
2026-01-01T00:00:20.688000Z,q0658,Harbour herbal tea
2026-01-01T00:00:20.812000Z,q0003,denim jeans
2026-01-01T00:00:20.938000Z,q0028,tool box
2026-01-01T00:00:21.062000Z,q0042,football
2026-01-01T00:00:21.188000Z,q0974,recycled sketch pad
2026-01-01T00:00:21.312000Z,q0008,hand cream
2026-01-01T00:00:21.438000Z,q0014,gardening book
2026-01-01T00:00:21.562000Z,q0011,cookbook
2026-01-01T00:00:21.688000Z,q0029,wall shelf
2026-01-01T00:00:21.812000Z,q0040,leather shoes
2026-01-01T00:00:21.938000Z,q0568,Alder water bottle
2026-01-01T00:00:22.062000Z,q0034,chopping board
2026-01-01T00:00:22.188000Z,q0028,tool box
2026-01-01T00:00:22.312000Z,q0045,running shorts
2026-01-01T00:00:22.438000Z,q0047,building blocks
2026-01-01T00:00:22.562000Z,q0012,travel guide
2026-01-01T00:00:22.688000Z,q0034,chopping board
2026-01-01T00:00:22.812000Z,q0043,water bottle
2026-01-01T00:00:22.938000Z,q0610,Harbour sunscreen
2026-01-01T00:00:23.062000Z,q0887,cotton watering can
2026-01-01T00:00:23.188000Z,q0033,cutlery set
2026-01-01T00:00:23.312000Z,q0011,cookbook
2026-01-01T00:00:23.438000Z,q0020,electric toothbrush
2026-01-01T00:00:23.562000Z,q0020,electric toothbrush
2026-01-01T00:00:23.688000Z,q0010,sunscreen
2026-01-01T00:00:23.812000Z,q0044,resistance bands
2026-01-01T00:00:23.938000Z,q0021,desk lamp
2026-01-01T00:00:24.062000Z,q0009,body wash
2026-01-01T00:00:24.188000Z,q0001,cotton shirt
2026-01-01T00:00:24.312000Z,q0011,cookbook
2026-01-01T00:00:24.438000Z,q0048,plush bear
2026-01-01T00:00:24.562000Z,q0032,ceramic mug
2026-01-01T00:00:24.688000Z,q0032,ceramic mug
2026-01-01T00:00:24.812000Z,q0007,shampoo
2026-01-01T00:00:24.938000Z,q0037,walking boots
2026-01-01T00:00:25.062000Z,q0878,cotton tablet
2026-01-01T00:00:25.188000Z,q0543,Alder sleep mask
2026-01-01T00:00:25.312000Z,q0030,work gloves
2026-01-01T00:00:25.438000Z,q0043,water bottle
2026-01-01T00:00:25.562000Z,q0527,Alder linen dress
2026-01-01T00:00:25.688000Z,q0005,rain jacket
2026-01-01T00:00:25.812000Z,q0004,wool jumper
2026-01-01T00:00:25.938000Z,q0887,cotton watering can
2026-01-01T00:00:26.056000Z,q0041,yoga mat
2026-01-01T00:00:26.167000Z,q0020,electric toothbrush
2026-01-01T00:00:26.278000Z,q0527,Alder linen dress
2026-01-01T00:00:26.389000Z,q0046,wooden puzzle
2026-01-01T00:00:26.500000Z,q0021,desk lamp
2026-01-01T00:00:26.611000Z,q0032,ceramic mug
2026-01-01T00:00:26.722000Z,q0032,ceramic mug
2026-01-01T00:00:26.833000Z,q0032,ceramic mug
2026-01-01T00:00:26.944000Z,q0758,Vela hand cream
2026-01-01T00:00:27.056000Z,q0009,body wash
2026-01-01T00:00:27.167000Z,q0039,slippers
2026-01-01T00:00:27.278000Z,q0001,cotton shirt
2026-01-01T00:00:27.389000Z,q0005,rain jacket
2026-01-01T00:00:27.500000Z,q0016,vitamin tablets
2026-01-01T00:00:27.611000Z,q0817,Vela cat toy
2026-01-01T00:00:27.722000Z,q0024,storage basket
2026-01-01T00:00:27.833000Z,q0223,blue desk organiser
2026-01-01T00:00:27.944000Z,q0013,children storybook
2026-01-01T00:00:28.056000Z,q0017,first aid kit
2026-01-01T00:00:28.167000Z,q0047,building blocks
2026-01-01T00:00:28.278000Z,q0162,blue travel guide
2026-01-01T00:00:28.389000Z,q0006,face moisturiser
2026-01-01T00:00:28.500000Z,q0994,archived lunar model 14
2026-01-01T00:00:28.611000Z,q0006,face moisturiser
2026-01-01T00:00:28.722000Z,q0042,football
2026-01-01T00:00:28.833000Z,q0030,work gloves
2026-01-01T00:00:28.944000Z,q0019,heat pad
2026-01-01T00:00:29.056000Z,q0280,green usb c charger
2026-01-01T00:00:29.167000Z,q0028,tool box
2026-01-01T00:00:29.278000Z,q0014,gardening book
2026-01-01T00:00:29.389000Z,q0140,black solar lights
2026-01-01T00:00:29.500000Z,q0917,recycled first aid kit
2026-01-01T00:00:29.611000Z,q0002,linen dress
2026-01-01T00:00:29.722000Z,q0019,heat pad
2026-01-01T00:00:29.833000Z,q0683,Linden hand cream
2026-01-01T00:00:29.944000Z,q0012,travel guide
2026-01-01T00:00:30.056000Z,q0029,wall shelf
2026-01-01T00:00:30.167000Z,q0043,water bottle
2026-01-01T00:00:30.278000Z,q0032,ceramic mug
2026-01-01T00:00:30.389000Z,q0029,wall shelf
2026-01-01T00:00:30.500000Z,q0041,yoga mat
2026-01-01T00:00:30.611000Z,q0137,black watering can
2026-01-01T00:00:30.722000Z,q0671,Harbour notebook
2026-01-01T00:00:30.833000Z,q0188,blue sandals
2026-01-01T00:00:30.944000Z,q0050,toy train
2026-01-01T00:00:31.056000Z,q0009,body wash
2026-01-01T00:00:31.167000Z,q0416,red yoga mat
2026-01-01T00:00:31.278000Z,q0427,red bluetooth speaker
2026-01-01T00:00:31.389000Z,q0033,cutlery set
2026-01-01T00:00:31.500000Z,q0011,cookbook
2026-01-01T00:00:31.611000Z,q0166,blue vitamin tablets
2026-01-01T00:00:31.722000Z,q0265,green leather shoes
2026-01-01T00:00:31.833000Z,q0006,face moisturiser
2026-01-01T00:00:31.944000Z,q0029,wall shelf
2026-01-01T00:00:32.056000Z,q0043,water bottle
2026-01-01T00:00:32.167000Z,q0016,vitamin tablets
2026-01-01T00:00:32.278000Z,q0008,hand cream
2026-01-01T00:00:32.389000Z,q0001,cotton shirt
2026-01-01T00:00:32.500000Z,q0007,shampoo
2026-01-01T00:00:32.611000Z,q0709,Linden chopping board
2026-01-01T00:00:32.722000Z,q0001,cotton shirt
2026-01-01T00:00:32.833000Z,q0627,Harbour paint brush
2026-01-01T00:00:32.944000Z,q0035,glass storage jar
2026-01-01T00:00:33.056000Z,q0504,white smart watch
2026-01-01T00:00:33.167000Z,q0045,running shorts
2026-01-01T00:00:33.278000Z,q0040,leather shoes
2026-01-01T00:00:33.389000Z,q0429,red smart watch
2026-01-01T00:00:33.500000Z,q0015,crime novel
2026-01-01T00:00:33.611000Z,q0036,running shoes
2026-01-01T00:00:33.722000Z,q0028,tool box
2026-01-01T00:00:33.833000Z,q0011,cookbook
2026-01-01T00:00:33.944000Z,q0024,storage basket
2026-01-01T00:00:34.056000Z,q0039,slippers
2026-01-01T00:00:34.167000Z,q0021,desk lamp
2026-01-01T00:00:34.278000Z,q0030,work gloves
2026-01-01T00:00:34.389000Z,q0041,yoga mat
2026-01-01T00:00:34.500000Z,q0687,Linden travel guide
2026-01-01T00:00:34.611000Z,q0905,recycled rain jacket
2026-01-01T00:00:34.722000Z,q0025,throw blanket
2026-01-01T00:00:34.833000Z,q0857,cotton ceramic mug
2026-01-01T00:00:34.944000Z,q0017,first aid kit
2026-01-01T00:00:35.056000Z,q0025,throw blanket
2026-01-01T00:00:35.167000Z,q0040,leather shoes
2026-01-01T00:00:35.278000Z,q0005,rain jacket
2026-01-01T00:00:35.389000Z,q0043,water bottle
2026-01-01T00:00:35.500000Z,q0506,white breakfast oats
2026-01-01T00:00:35.611000Z,q0361,grey garden gloves
2026-01-01T00:00:35.722000Z,q0015,crime novel
2026-01-01T00:00:35.833000Z,q0005,rain jacket
2026-01-01T00:00:35.944000Z,q0016,vitamin tablets
2026-01-01T00:00:36.056000Z,q0057,ground coffee
2026-01-01T00:00:36.167000Z,q0929,recycled wall shelf
2026-01-01T00:00:36.278000Z,q0318,grey sleep mask
2026-01-01T00:00:36.389000Z,q0035,glass storage jar
2026-01-01T00:00:36.500000Z,q0834,cotton body wash
2026-01-01T00:00:36.611000Z,q0044,resistance bands
2026-01-01T00:00:36.722000Z,q0009,body wash
2026-01-01T00:00:36.833000Z,q0270,green running shorts
2026-01-01T00:00:36.944000Z,q0025,throw blanket
2026-01-01T00:00:37.056000Z,q0006,face moisturiser
2026-01-01T00:00:37.167000Z,q0025,throw blanket
2026-01-01T00:00:37.278000Z,q0991,archived lunar model 11
2026-01-01T00:00:37.389000Z,q0046,wooden puzzle
2026-01-01T00:00:37.500000Z,q0372,grey ballpoint pens
2026-01-01T00:00:37.611000Z,q0278,green tablet
2026-01-01T00:00:37.722000Z,q0295,green pet blanket
2026-01-01T00:00:37.833000Z,q0541,Alder vitamin tablets
2026-01-01T00:00:37.944000Z,q0043,water bottle
2026-01-01T00:00:38.056000Z,q0047,building blocks
2026-01-01T00:00:38.167000Z,q0912,recycled travel guide
2026-01-01T00:00:38.278000Z,q0032,ceramic mug
2026-01-01T00:00:38.389000Z,q0404,red wall shelf
2026-01-01T00:00:38.500000Z,q0033,cutlery set
2026-01-01T00:00:38.611000Z,q0004,wool jumper
2026-01-01T00:00:38.722000Z,q0045,running shorts
2026-01-01T00:00:38.833000Z,q0706,Linden steel saucepan
2026-01-01T00:00:38.944000Z,q0866,cotton yoga mat
2026-01-01T00:00:39.056000Z,q0952,recycled bluetooth speaker
2026-01-01T00:00:39.167000Z,q0010,sunscreen
2026-01-01T00:00:39.278000Z,q0015,crime novel
2026-01-01T00:00:39.389000Z,q0042,football
2026-01-01T00:00:39.500000Z,q0014,gardening book
2026-01-01T00:00:39.611000Z,q0007,shampoo
2026-01-01T00:00:39.722000Z,q0697,Linden cotton bedding
2026-01-01T00:00:39.833000Z,q0035,glass storage jar
2026-01-01T00:00:39.944000Z,q0042,football
2026-01-01T00:00:40.056000Z,q0038,sandals
2026-01-01T00:00:40.167000Z,q0037,walking boots
2026-01-01T00:00:40.278000Z,q0020,electric toothbrush
2026-01-01T00:00:40.389000Z,q0011,cookbook
2026-01-01T00:00:40.500000Z,q0751,Vela cotton shirt
2026-01-01T00:00:40.611000Z,q0016,vitamin tablets
2026-01-01T00:00:40.722000Z,q0037,walking boots
2026-01-01T00:00:40.833000Z,q0049,craft kit
2026-01-01T00:00:40.944000Z,q0930,recycled work gloves
2026-01-01T00:00:41.056000Z,q0004,wool jumper
2026-01-01T00:00:41.167000Z,q0031,steel saucepan
2026-01-01T00:00:41.278000Z,q0546,Alder desk lamp
2026-01-01T00:00:41.389000Z,q0216,blue dog lead
2026-01-01T00:00:41.500000Z,q0016,vitamin tablets
2026-01-01T00:00:41.611000Z,q0010,sunscreen
2026-01-01T00:00:41.722000Z,q0390,red crime novel
2026-01-01T00:00:41.833000Z,q0327,grey paint brush
2026-01-01T00:00:41.944000Z,q0510,white olive oil
2026-01-01T00:00:42.056000Z,q0002,linen dress
2026-01-01T00:00:42.167000Z,q0003,denim jeans
2026-01-01T00:00:42.278000Z,q0025,throw blanket
2026-01-01T00:00:42.389000Z,q0006,face moisturiser
2026-01-01T00:00:42.500000Z,q0049,craft kit
2026-01-01T00:00:42.611000Z,q0014,gardening book
2026-01-01T00:00:42.722000Z,q0039,slippers
2026-01-01T00:00:42.833000Z,q0284,green pasta sauce
2026-01-01T00:00:42.944000Z,q0009,body wash
2026-01-01T00:00:43.056000Z,q0459,white body wash
2026-01-01T00:00:43.167000Z,q0045,running shorts
2026-01-01T00:00:43.278000Z,q0024,storage basket
2026-01-01T00:00:43.389000Z,q0046,wooden puzzle
2026-01-01T00:00:43.500000Z,q0009,body wash
2026-01-01T00:00:43.611000Z,q0412,red walking boots
2026-01-01T00:00:43.722000Z,q0302,grey linen dress
2026-01-01T00:00:43.833000Z,q0023,bath towel
2026-01-01T00:00:43.944000Z,q0001,cotton shirt
2026-01-01T00:00:44.056000Z,q0032,ceramic mug
2026-01-01T00:00:44.167000Z,q0028,tool box
2026-01-01T00:00:44.278000Z,q0035,glass storage jar
2026-01-01T00:00:44.389000Z,q0018,sleep mask
2026-01-01T00:00:44.500000Z,q0004,wool jumper
2026-01-01T00:00:44.611000Z,q0023,bath towel
2026-01-01T00:00:44.722000Z,q0154,blue wool jumper
2026-01-01T00:00:44.833000Z,q0009,body wash
2026-01-01T00:00:44.944000Z,q0043,water bottle
2026-01-01T00:00:45.056000Z,q0033,cutlery set
2026-01-01T00:00:45.167000Z,q0026,cordless drill
2026-01-01T00:00:45.278000Z,q0050,toy train
2026-01-01T00:00:45.389000Z,q0020,electric toothbrush
2026-01-01T00:00:45.500000Z,q0443,red pet bowl
2026-01-01T00:00:45.611000Z,q0042,football
2026-01-01T00:00:45.722000Z,q0048,plush bear
2026-01-01T00:00:45.833000Z,q0791,Vela yoga mat
2026-01-01T00:00:45.944000Z,q0019,heat pad
2026-01-01T00:00:46.056000Z,q0006,face moisturiser
2026-01-01T00:00:46.167000Z,q0003,denim jeans
2026-01-01T00:00:46.278000Z,q0490,white leather shoes
2026-01-01T00:00:46.389000Z,q0746,Linden notebook
2026-01-01T00:00:46.500000Z,q0037,walking boots
2026-01-01T00:00:46.611000Z,q0462,white travel guide
2026-01-01T00:00:46.722000Z,q0038,sandals
2026-01-01T00:00:46.833000Z,q0004,wool jumper
2026-01-01T00:00:46.944000Z,q0364,grey pruning shears
2026-01-01T00:00:47.056000Z,q0002,linen dress
2026-01-01T00:00:47.167000Z,q0050,toy train
2026-01-01T00:00:47.278000Z,q0752,Vela linen dress
2026-01-01T00:00:47.389000Z,q0007,shampoo
2026-01-01T00:00:47.500000Z,q0029,wall shelf
2026-01-01T00:00:47.611000Z,q0400,red throw blanket
2026-01-01T00:00:47.722000Z,q0458,white hand cream
2026-01-01T00:00:47.833000Z,q0001,cotton shirt
2026-01-01T00:00:47.944000Z,q0008,hand cream
2026-01-01T00:00:48.050000Z,q0024,storage basket
2026-01-01T00:00:48.150000Z,q0188,blue sandals
2026-01-01T00:00:48.250000Z,q0846,cotton desk lamp
2026-01-01T00:00:48.350000Z,q0229,green wool jumper
2026-01-01T00:00:48.450000Z,q0043,water bottle
2026-01-01T00:00:48.550000Z,q0003,denim jeans
2026-01-01T00:00:48.650000Z,q0009,body wash
2026-01-01T00:00:48.750000Z,q0039,slippers
2026-01-01T00:00:48.850000Z,q0021,desk lamp
2026-01-01T00:00:48.950000Z,q0081,black face moisturiser
2026-01-01T00:00:49.050000Z,q0027,paint brush
2026-01-01T00:00:49.150000Z,q0518,white pet bowl
2026-01-01T00:00:49.250000Z,q0845,cotton electric toothbrush
2026-01-01T00:00:49.350000Z,q0992,archived lunar model 12
2026-01-01T00:00:49.450000Z,q0028,tool box
2026-01-01T00:00:49.550000Z,q0032,ceramic mug
2026-01-01T00:00:49.650000Z,q0028,tool box
2026-01-01T00:00:49.750000Z,q0035,glass storage jar
2026-01-01T00:00:49.850000Z,q0010,sunscreen
2026-01-01T00:00:49.950000Z,q0030,work gloves
2026-01-01T00:00:50.050000Z,q0333,grey cutlery set
2026-01-01T00:00:50.150000Z,q0043,water bottle
2026-01-01T00:00:50.250000Z,q0834,cotton body wash
2026-01-01T00:00:50.350000Z,q0006,face moisturiser
2026-01-01T00:00:50.450000Z,q0115,black leather shoes
2026-01-01T00:00:50.550000Z,q0596,Alder notebook
2026-01-01T00:00:50.650000Z,q0011,cookbook
2026-01-01T00:00:50.750000Z,q0030,work gloves
2026-01-01T00:00:50.850000Z,q0010,sunscreen
2026-01-01T00:00:50.950000Z,q0325,grey throw blanket
2026-01-01T00:00:51.050000Z,q0045,running shorts
2026-01-01T00:00:51.150000Z,q0035,glass storage jar
2026-01-01T00:00:51.250000Z,q0008,hand cream
2026-01-01T00:00:51.350000Z,q0007,shampoo
2026-01-01T00:00:51.450000Z,q0010,sunscreen
2026-01-01T00:00:51.550000Z,q0020,electric toothbrush
2026-01-01T00:00:51.650000Z,q0030,work gloves
2026-01-01T00:00:51.750000Z,q0009,body wash
2026-01-01T00:00:51.850000Z,q0371,grey notebook
2026-01-01T00:00:51.950000Z,q0025,throw blanket
2026-01-01T00:00:52.050000Z,q0037,walking boots
2026-01-01T00:00:52.150000Z,q0613,Harbour children storybook
2026-01-01T00:00:52.250000Z,q0004,wool jumper
2026-01-01T00:00:52.350000Z,q0045,running shorts
2026-01-01T00:00:52.450000Z,q0048,plush bear
2026-01-01T00:00:52.550000Z,q0008,hand cream
2026-01-01T00:00:52.650000Z,q0007,shampoo
2026-01-01T00:00:52.750000Z,q0005,rain jacket
2026-01-01T00:00:52.850000Z,q0024,storage basket
2026-01-01T00:00:52.950000Z,q0012,travel guide
2026-01-01T00:00:53.050000Z,q0004,wool jumper
2026-01-01T00:00:53.150000Z,q0529,Alder wool jumper
2026-01-01T00:00:53.250000Z,q0124,black craft kit
2026-01-01T00:00:53.350000Z,q0027,paint brush
2026-01-01T00:00:53.450000Z,q0007,shampoo
2026-01-01T00:00:53.550000Z,q0040,leather shoes
2026-01-01T00:00:53.650000Z,q0026,cordless drill
2026-01-01T00:00:53.750000Z,q0029,wall shelf
2026-01-01T00:00:53.850000Z,q0003,denim jeans
2026-01-01T00:00:53.950000Z,q0651,Harbour wireless headphones
2026-01-01T00:00:54.050000Z,q0210,blue olive oil
2026-01-01T00:00:54.150000Z,q0026,cordless drill
2026-01-01T00:00:54.250000Z,q0526,Alder cotton shirt
2026-01-01T00:00:54.350000Z,q0578,Alder tablet
2026-01-01T00:00:54.450000Z,q0015,crime novel
2026-01-01T00:00:54.550000Z,q0044,resistance bands
2026-01-01T00:00:54.650000Z,q0635,Harbour glass storage jar
2026-01-01T00:00:54.750000Z,q0020,electric toothbrush
2026-01-01T00:00:54.850000Z,q0029,wall shelf
2026-01-01T00:00:54.950000Z,q0034,chopping board
2026-01-01T00:00:55.050000Z,q0031,steel saucepan
2026-01-01T00:00:55.150000Z,q0031,steel saucepan
2026-01-01T00:00:55.250000Z,q0019,heat pad
2026-01-01T00:00:55.350000Z,q0013,children storybook
2026-01-01T00:00:55.450000Z,q0002,linen dress
2026-01-01T00:00:55.550000Z,q0033,cutlery set
2026-01-01T00:00:55.650000Z,q0669,Harbour bird feeder
2026-01-01T00:00:55.750000Z,q0034,chopping board
2026-01-01T00:00:55.850000Z,q0017,first aid kit
2026-01-01T00:00:55.950000Z,q0042,football
2026-01-01T00:00:56.050000Z,q0041,yoga mat
2026-01-01T00:00:56.150000Z,q0286,green garden gloves
2026-01-01T00:00:56.250000Z,q0040,leather shoes
2026-01-01T00:00:56.350000Z,q0042,football
2026-01-01T00:00:56.450000Z,q0030,work gloves
2026-01-01T00:00:56.550000Z,q0038,sandals
2026-01-01T00:00:56.650000Z,q0672,Harbour ballpoint pens
2026-01-01T00:00:56.750000Z,q0752,Vela linen dress
2026-01-01T00:00:56.850000Z,q0722,Linden building blocks
2026-01-01T00:00:56.950000Z,q0049,craft kit
2026-01-01T00:00:57.050000Z,q0041,yoga mat
2026-01-01T00:00:57.150000Z,q0037,walking boots
2026-01-01T00:00:57.250000Z,q0026,cordless drill
2026-01-01T00:00:57.350000Z,q0018,sleep mask
2026-01-01T00:00:57.450000Z,q0925,recycled throw blanket
2026-01-01T00:00:57.550000Z,q0008,hand cream
2026-01-01T00:00:57.650000Z,q0014,gardening book
2026-01-01T00:00:57.750000Z,q0598,Alder desk organiser
2026-01-01T00:00:57.850000Z,q0002,linen dress
2026-01-01T00:00:57.950000Z,q0021,desk lamp
2026-01-01T00:00:58.050000Z,q0664,Harbour pruning shears
2026-01-01T00:00:58.150000Z,q0014,gardening book
2026-01-01T00:00:58.250000Z,q0013,children storybook
2026-01-01T00:00:58.350000Z,q0045,running shorts
2026-01-01T00:00:58.450000Z,q0043,water bottle
2026-01-01T00:00:58.550000Z,q0391,red vitamin tablets
2026-01-01T00:00:58.650000Z,q0699,Linden storage basket
2026-01-01T00:00:58.750000Z,q0348,grey plush bear
2026-01-01T00:00:58.850000Z,q0794,Vela resistance bands
2026-01-01T00:00:58.950000Z,q0032,ceramic mug
2026-01-01T00:00:59.050000Z,q0027,paint brush
2026-01-01T00:00:59.150000Z,q0054,smart watch
2026-01-01T00:00:59.250000Z,q0004,wool jumper
2026-01-01T00:00:59.350000Z,q0049,craft kit
2026-01-01T00:00:59.450000Z,q0040,leather shoes
2026-01-01T00:00:59.550000Z,q0019,heat pad
2026-01-01T00:00:59.650000Z,q0749,Linden sketch pad
2026-01-01T00:00:59.750000Z,q0952,recycled bluetooth speaker
2026-01-01T00:00:59.850000Z,q0029,wall shelf
2026-01-01T00:00:59.950000Z,q0031,steel saucepan
2026-01-01T00:01:00.050000Z,q0357,grey ground coffee
2026-01-01T00:01:00.150000Z,q0025,throw blanket
2026-01-01T00:01:00.250000Z,q0050,toy train
2026-01-01T00:01:00.350000Z,q0039,slippers
2026-01-01T00:01:00.450000Z,q0009,body wash
2026-01-01T00:01:00.550000Z,q0006,face moisturiser
2026-01-01T00:01:00.650000Z,q0022,cotton bedding
2026-01-01T00:01:00.750000Z,q0049,craft kit
2026-01-01T00:01:00.850000Z,q0020,electric toothbrush
2026-01-01T00:01:00.950000Z,q0047,building blocks
2026-01-01T00:01:01.050000Z,q0026,cordless drill
2026-01-01T00:01:01.150000Z,q0029,wall shelf
2026-01-01T00:01:01.250000Z,q0001,cotton shirt
2026-01-01T00:01:01.350000Z,q0009,body wash
2026-01-01T00:01:01.450000Z,q0658,Harbour herbal tea
2026-01-01T00:01:01.550000Z,q0027,paint brush
2026-01-01T00:01:01.650000Z,q0001,cotton shirt
2026-01-01T00:01:01.750000Z,q0006,face moisturiser
2026-01-01T00:01:01.850000Z,q0712,Linden walking boots
2026-01-01T00:01:01.950000Z,q0031,steel saucepan
2026-01-01T00:01:02.050000Z,q0433,red herbal tea
2026-01-01T00:01:02.150000Z,q0014,gardening book
2026-01-01T00:01:02.250000Z,q0050,toy train
2026-01-01T00:01:02.350000Z,q0024,storage basket
2026-01-01T00:01:02.450000Z,q0920,recycled electric toothbrush
2026-01-01T00:01:02.550000Z,q0014,gardening book
2026-01-01T00:01:02.650000Z,q0047,building blocks
2026-01-01T00:01:02.750000Z,q0048,plush bear
2026-01-01T00:01:02.850000Z,q0451,white cotton shirt
2026-01-01T00:01:02.950000Z,q0011,cookbook
2026-01-01T00:01:03.050000Z,q0022,cotton bedding
2026-01-01T00:01:03.150000Z,q0955,recycled usb c charger
2026-01-01T00:01:03.250000Z,q0047,building blocks
2026-01-01T00:01:03.350000Z,q0013,children storybook
2026-01-01T00:01:03.450000Z,q0035,glass storage jar
2026-01-01T00:01:03.550000Z,q0011,cookbook
2026-01-01T00:01:03.650000Z,q0298,green desk organiser
2026-01-01T00:01:03.750000Z,q0008,hand cream
2026-01-01T00:01:03.850000Z,q0022,cotton bedding
2026-01-01T00:01:03.950000Z,q0015,crime novel
2026-01-01T00:01:04.050000Z,q0049,craft kit
2026-01-01T00:01:04.150000Z,q0002,linen dress
2026-01-01T00:01:04.250000Z,q0020,electric toothbrush
2026-01-01T00:01:04.350000Z,q0028,tool box
2026-01-01T00:01:04.450000Z,q0007,shampoo
2026-01-01T00:01:04.550000Z,q0025,throw blanket
2026-01-01T00:01:04.650000Z,q0041,yoga mat
2026-01-01T00:01:04.750000Z,q0031,steel saucepan
2026-01-01T00:01:04.850000Z,q0044,resistance bands
2026-01-01T00:01:04.950000Z,q0028,tool box
2026-01-01T00:01:05.050000Z,q0038,sandals
2026-01-01T00:01:05.150000Z,q0183,blue cutlery set
2026-01-01T00:01:05.250000Z,q0005,rain jacket
2026-01-01T00:01:05.350000Z,q0047,building blocks
2026-01-01T00:01:05.450000Z,q0040,leather shoes
2026-01-01T00:01:05.550000Z,q0046,wooden puzzle
2026-01-01T00:01:05.650000Z,q0662,Harbour watering can
2026-01-01T00:01:05.750000Z,q0036,running shoes
2026-01-01T00:01:05.850000Z,q0778,Vela tool box
2026-01-01T00:01:05.950000Z,q0024,storage basket
2026-01-01T00:01:06.050000Z,q0045,running shorts
2026-01-01T00:01:06.150000Z,q0023,bath towel
2026-01-01T00:01:06.250000Z,q0048,plush bear
2026-01-01T00:01:06.350000Z,q0556,Alder steel saucepan
2026-01-01T00:01:06.450000Z,q0003,denim jeans
2026-01-01T00:01:06.550000Z,q0693,Linden sleep mask
2026-01-01T00:01:06.650000Z,q0029,wall shelf
2026-01-01T00:01:06.750000Z,q0262,green walking boots
2026-01-01T00:01:06.850000Z,q0002,linen dress
2026-01-01T00:01:06.950000Z,q0026,cordless drill
2026-01-01T00:01:07.050000Z,q0386,red cookbook
2026-01-01T00:01:07.150000Z,q0027,paint brush
2026-01-01T00:01:07.250000Z,q0047,building blocks
2026-01-01T00:01:07.350000Z,q0004,wool jumper
2026-01-01T00:01:07.450000Z,q0356,grey breakfast oats
2026-01-01T00:01:07.550000Z,q0387,red travel guide
2026-01-01T00:01:07.650000Z,q0027,paint brush
2026-01-01T00:01:07.750000Z,q0022,cotton bedding
2026-01-01T00:01:07.850000Z,q0701,Linden cordless drill
2026-01-01T00:01:07.950000Z,q0024,storage basket
2026-01-01T00:01:08.050000Z,q0035,glass storage jar
2026-01-01T00:01:08.150000Z,q0010,sunscreen
2026-01-01T00:01:08.250000Z,q0016,vitamin tablets
2026-01-01T00:01:08.350000Z,q0876,cotton wireless headphones
2026-01-01T00:01:08.450000Z,q0025,throw blanket
2026-01-01T00:01:08.550000Z,q0037,walking boots
2026-01-01T00:01:08.650000Z,q0014,gardening book
2026-01-01T00:01:08.750000Z,q0019,heat pad
2026-01-01T00:01:08.850000Z,q0035,glass storage jar
2026-01-01T00:01:08.950000Z,q0209,blue pasta sauce
2026-01-01T00:01:09.050000Z,q0879,cotton smart watch
2026-01-01T00:01:09.150000Z,q0077,black linen dress
2026-01-01T00:01:09.250000Z,q0731,Linden breakfast oats
2026-01-01T00:01:09.350000Z,q0670,Harbour pet blanket
2026-01-01T00:01:09.450000Z,q0545,Alder electric toothbrush
2026-01-01T00:01:09.550000Z,q0020,electric toothbrush
2026-01-01T00:01:09.650000Z,q0048,plush bear
2026-01-01T00:01:09.750000Z,q0025,throw blanket
2026-01-01T00:01:09.850000Z,q0002,linen dress
2026-01-01T00:01:09.950000Z,q0612,Harbour travel guide
2026-01-01T00:01:10.050000Z,q0037,walking boots
2026-01-01T00:01:10.150000Z,q0415,red leather shoes
2026-01-01T00:01:10.250000Z,q0033,cutlery set
2026-01-01T00:01:10.350000Z,q0622,Harbour cotton bedding
2026-01-01T00:01:10.450000Z,q0046,wooden puzzle
2026-01-01T00:01:10.550000Z,q0029,wall shelf
2026-01-01T00:01:10.650000Z,q0016,vitamin tablets
2026-01-01T00:01:10.750000Z,q0004,wool jumper
2026-01-01T00:01:10.850000Z,q0010,sunscreen
2026-01-01T00:01:10.950000Z,q0226,green cotton shirt
2026-01-01T00:01:11.050000Z,q0001,cotton shirt
2026-01-01T00:01:11.150000Z,q0019,heat pad
2026-01-01T00:01:11.250000Z,q0741,Linden dog lead
2026-01-01T00:01:11.350000Z,q0003,denim jeans
2026-01-01T00:01:11.450000Z,q0044,resistance bands
2026-01-01T00:01:11.550000Z,q0015,crime novel
2026-01-01T00:01:11.650000Z,q0029,wall shelf
2026-01-01T00:01:11.750000Z,q0029,wall shelf
2026-01-01T00:01:11.850000Z,q0026,cordless drill
2026-01-01T00:01:11.950000Z,q0028,tool box
2026-01-01T00:01:12.050000Z,q0047,building blocks
2026-01-01T00:01:12.150000Z,q0493,white water bottle
2026-01-01T00:01:12.250000Z,q0020,electric toothbrush
2026-01-01T00:01:12.350000Z,q0339,grey slippers
2026-01-01T00:01:12.450000Z,q0014,gardening book
2026-01-01T00:01:12.550000Z,q0010,sunscreen
2026-01-01T00:01:12.650000Z,q0033,cutlery set
2026-01-01T00:01:12.750000Z,q0029,wall shelf
2026-01-01T00:01:12.850000Z,q0168,blue sleep mask
2026-01-01T00:01:12.950000Z,q0039,slippers
2026-01-01T00:01:13.050000Z,q0023,bath towel
2026-01-01T00:01:13.150000Z,q0041,yoga mat
2026-01-01T00:01:13.250000Z,q0033,cutlery set
2026-01-01T00:01:13.350000Z,q0029,wall shelf
2026-01-01T00:01:13.450000Z,q0014,gardening book
2026-01-01T00:01:13.550000Z,q0655,Harbour usb c charger
2026-01-01T00:01:13.650000Z,q0040,leather shoes
2026-01-01T00:01:13.750000Z,q0166,blue vitamin tablets
2026-01-01T00:01:13.850000Z,q0911,recycled cookbook
2026-01-01T00:01:13.950000Z,q0402,red paint brush
2026-01-01T00:01:14.050000Z,q0014,gardening book
2026-01-01T00:01:14.150000Z,q0161,blue cookbook
2026-01-01T00:01:14.250000Z,q0029,wall shelf
2026-01-01T00:01:14.350000Z,q0009,body wash
2026-01-01T00:01:14.450000Z,q0043,water bottle
2026-01-01T00:01:14.550000Z,q0035,glass storage jar
2026-01-01T00:01:14.650000Z,q0025,throw blanket
2026-01-01T00:01:14.750000Z,q0021,desk lamp
2026-01-01T00:01:14.850000Z,q0644,Harbour resistance bands
2026-01-01T00:01:14.950000Z,q0035,glass storage jar
2026-01-01T00:01:15.050000Z,q0015,crime novel
2026-01-01T00:01:15.150000Z,q0014,gardening book
2026-01-01T00:01:15.250000Z,q0040,leather shoes
2026-01-01T00:01:15.350000Z,q0022,cotton bedding
2026-01-01T00:01:15.450000Z,q0033,cutlery set
2026-01-01T00:01:15.550000Z,q0012,travel guide
2026-01-01T00:01:15.650000Z,q0031,steel saucepan
2026-01-01T00:01:15.750000Z,q0043,water bottle
2026-01-01T00:01:15.850000Z,q0037,walking boots
2026-01-01T00:01:15.950000Z,q0011,cookbook
2026-01-01T00:01:16.050000Z,q0033,cutlery set
2026-01-01T00:01:16.150000Z,q0031,steel saucepan
2026-01-01T00:01:16.250000Z,q0048,plush bear
2026-01-01T00:01:16.350000Z,q0200,blue toy train
2026-01-01T00:01:16.450000Z,q0046,wooden puzzle
2026-01-01T00:01:16.550000Z,q0940,recycled leather shoes
2026-01-01T00:01:16.650000Z,q0479,white wall shelf
2026-01-01T00:01:16.750000Z,q0869,cotton resistance bands
2026-01-01T00:01:16.850000Z,q0844,cotton heat pad
2026-01-01T00:01:16.950000Z,q0885,cotton olive oil
2026-01-01T00:01:17.050000Z,q0185,blue glass storage jar
2026-01-01T00:01:17.150000Z,q0010,sunscreen
2026-01-01T00:01:17.250000Z,q0819,Vela bird feeder
2026-01-01T00:01:17.350000Z,q0041,yoga mat
2026-01-01T00:01:17.450000Z,q0177,blue paint brush
2026-01-01T00:01:17.550000Z,q0008,hand cream
2026-01-01T00:01:17.650000Z,q0025,throw blanket
2026-01-01T00:01:17.750000Z,q0117,black football
2026-01-01T00:01:17.850000Z,q0218,blue pet bowl
2026-01-01T00:01:17.950000Z,q0028,tool box
2026-01-01T00:01:18.050000Z,q0035,glass storage jar
2026-01-01T00:01:18.150000Z,q0881,cotton breakfast oats
2026-01-01T00:01:18.250000Z,q0001,cotton shirt
2026-01-01T00:01:18.350000Z,q0010,sunscreen
2026-01-01T00:01:18.450000Z,q0030,work gloves
2026-01-01T00:01:18.550000Z,q0960,recycled olive oil
2026-01-01T00:01:18.650000Z,q0016,vitamin tablets
2026-01-01T00:01:18.750000Z,q0007,shampoo
2026-01-01T00:01:18.850000Z,q0006,face moisturiser
2026-01-01T00:01:18.950000Z,q0022,cotton bedding
2026-01-01T00:01:19.050000Z,q0035,glass storage jar
2026-01-01T00:01:19.150000Z,q0014,gardening book
2026-01-01T00:01:19.250000Z,q0017,first aid kit
2026-01-01T00:01:19.350000Z,q0039,slippers
2026-01-01T00:01:19.450000Z,q0008,hand cream
2026-01-01T00:01:19.550000Z,q0041,yoga mat
2026-01-01T00:01:19.650000Z,q0029,wall shelf
2026-01-01T00:01:19.750000Z,q0463,white children storybook
2026-01-01T00:01:19.850000Z,q0210,blue olive oil
2026-01-01T00:01:19.950000Z,q0008,hand cream
2026-01-01T00:01:20.050000Z,q0016,vitamin tablets
2026-01-01T00:01:20.150000Z,q0099,black storage basket
2026-01-01T00:01:20.250000Z,q0044,resistance bands
2026-01-01T00:01:20.350000Z,q0035,glass storage jar
2026-01-01T00:01:20.450000Z,q0028,tool box
2026-01-01T00:01:20.550000Z,q0001,cotton shirt
2026-01-01T00:01:20.650000Z,q0195,blue running shorts
2026-01-01T00:01:20.750000Z,q0018,sleep mask
2026-01-01T00:01:20.850000Z,q0011,cookbook
2026-01-01T00:01:20.950000Z,q0002,linen dress
2026-01-01T00:01:21.050000Z,q0011,cookbook
2026-01-01T00:01:21.150000Z,q0026,cordless drill
2026-01-01T00:01:21.250000Z,q0046,wooden puzzle
2026-01-01T00:01:21.350000Z,q0030,work gloves
2026-01-01T00:01:21.450000Z,q0034,chopping board
2026-01-01T00:01:21.550000Z,q0005,rain jacket
2026-01-01T00:01:21.650000Z,q0196,blue wooden puzzle
2026-01-01T00:01:21.750000Z,q0047,building blocks
2026-01-01T00:01:21.850000Z,q0013,children storybook
2026-01-01T00:01:21.950000Z,q0165,blue crime novel
2026-01-01T00:01:22.050000Z,q0009,body wash
2026-01-01T00:01:22.150000Z,q0033,cutlery set
2026-01-01T00:01:22.250000Z,q0031,steel saucepan
2026-01-01T00:01:22.350000Z,q0036,running shoes
2026-01-01T00:01:22.450000Z,q0039,slippers
2026-01-01T00:01:22.550000Z,q0030,work gloves
2026-01-01T00:01:22.650000Z,q0004,wool jumper
2026-01-01T00:01:22.750000Z,q0037,walking boots
2026-01-01T00:01:22.850000Z,q0226,green cotton shirt
2026-01-01T00:01:22.950000Z,q0046,wooden puzzle
2026-01-01T00:01:23.050000Z,q0023,bath towel
2026-01-01T00:01:23.150000Z,q0036,running shoes
2026-01-01T00:01:23.250000Z,q0007,shampoo
2026-01-01T00:01:23.350000Z,q0007,shampoo
2026-01-01T00:01:23.450000Z,q0367,grey cat toy
2026-01-01T00:01:23.550000Z,q0007,shampoo
2026-01-01T00:01:23.650000Z,q0012,travel guide
2026-01-01T00:01:23.750000Z,q0016,vitamin tablets
2026-01-01T00:01:23.850000Z,q0491,white yoga mat
2026-01-01T00:01:23.950000Z,q0678,Linden denim jeans
2026-01-01T00:01:24.050000Z,q0022,cotton bedding
2026-01-01T00:01:24.150000Z,q0086,black cookbook
2026-01-01T00:01:24.250000Z,q0002,linen dress
2026-01-01T00:01:24.350000Z,q0046,wooden puzzle
2026-01-01T00:01:24.450000Z,q0002,linen dress
2026-01-01T00:01:24.550000Z,q0016,vitamin tablets
2026-01-01T00:01:24.650000Z,q0012,travel guide
2026-01-01T00:01:24.750000Z,q0045,running shorts
2026-01-01T00:01:24.850000Z,q0258,green cutlery set
2026-01-01T00:01:24.950000Z,q0049,craft kit
2026-01-01T00:01:25.050000Z,q0042,football
2026-01-01T00:01:25.150000Z,q0033,cutlery set
2026-01-01T00:01:25.250000Z,q0791,Vela yoga mat
2026-01-01T00:01:25.350000Z,q0037,walking boots
2026-01-01T00:01:25.450000Z,q0044,resistance bands
2026-01-01T00:01:25.550000Z,q0030,work gloves
2026-01-01T00:01:25.650000Z,q0035,glass storage jar
2026-01-01T00:01:25.750000Z,q0040,leather shoes
2026-01-01T00:01:25.850000Z,q0544,Alder heat pad
2026-01-01T00:01:25.950000Z,q0827,cotton linen dress
2026-01-01T00:01:26.050000Z,q0327,grey paint brush
2026-01-01T00:01:26.150000Z,q0034,chopping board
2026-01-01T00:01:26.250000Z,q0022,cotton bedding
2026-01-01T00:01:26.350000Z,q0035,glass storage jar
2026-01-01T00:01:26.450000Z,q0022,cotton bedding
2026-01-01T00:01:26.550000Z,q0005,rain jacket
2026-01-01T00:01:26.650000Z,q0030,work gloves
2026-01-01T00:01:26.750000Z,q0024,storage basket
2026-01-01T00:01:26.850000Z,q0025,throw blanket
2026-01-01T00:01:26.950000Z,q0039,slippers
2026-01-01T00:01:27.050000Z,q0010,sunscreen
2026-01-01T00:01:27.150000Z,q0050,toy train
2026-01-01T00:01:27.250000Z,q0808,Vela herbal tea
2026-01-01T00:01:27.350000Z,q0020,electric toothbrush
2026-01-01T00:01:27.450000Z,q0041,yoga mat
2026-01-01T00:01:27.550000Z,q0005,rain jacket
2026-01-01T00:01:27.650000Z,q0024,storage basket
2026-01-01T00:01:27.750000Z,q0018,sleep mask
2026-01-01T00:01:27.850000Z,q0016,vitamin tablets
2026-01-01T00:01:27.950000Z,q0001,cotton shirt
2026-01-01T00:01:28.050000Z,q0013,children storybook
2026-01-01T00:01:28.150000Z,q0803,Vela tablet
2026-01-01T00:01:28.250000Z,q0013,children storybook
2026-01-01T00:01:28.350000Z,q0014,gardening book
2026-01-01T00:01:28.450000Z,q0047,building blocks
2026-01-01T00:01:28.550000Z,q0023,bath towel
2026-01-01T00:01:28.650000Z,q0024,storage basket
2026-01-01T00:01:28.750000Z,q0039,slippers
2026-01-01T00:01:28.850000Z,q0037,walking boots
2026-01-01T00:01:28.950000Z,q0009,body wash
2026-01-01T00:01:29.050000Z,q0512,white watering can
2026-01-01T00:01:29.150000Z,q0043,water bottle
2026-01-01T00:01:29.250000Z,q0042,football
2026-01-01T00:01:29.350000Z,q0004,wool jumper
2026-01-01T00:01:29.450000Z,q0906,recycled face moisturiser
2026-01-01T00:01:29.550000Z,q0300,green sticky notes
2026-01-01T00:01:29.650000Z,q0011,cookbook
2026-01-01T00:01:29.750000Z,q0017,first aid kit
2026-01-01T00:01:29.850000Z,q0119,black resistance bands
2026-01-01T00:01:29.950000Z,q0928,recycled tool box
2026-01-01T00:01:30.050000Z,q0987,archived lunar model 7
2026-01-01T00:01:30.150000Z,q0013,children storybook
2026-01-01T00:01:30.250000Z,q0049,craft kit
2026-01-01T00:01:30.350000Z,q0032,ceramic mug
2026-01-01T00:01:30.450000Z,q0004,wool jumper
2026-01-01T00:01:30.550000Z,q0032,ceramic mug
2026-01-01T00:01:30.650000Z,q0046,wooden puzzle
2026-01-01T00:01:30.750000Z,q0005,rain jacket
2026-01-01T00:01:30.850000Z,q0029,wall shelf
2026-01-01T00:01:30.950000Z,q0022,cotton bedding
2026-01-01T00:01:31.050000Z,q0037,walking boots
2026-01-01T00:01:31.150000Z,q0007,shampoo
2026-01-01T00:01:31.250000Z,q0201,blue wireless headphones
2026-01-01T00:01:31.350000Z,q0246,green desk lamp
2026-01-01T00:01:31.450000Z,q0014,gardening book
2026-01-01T00:01:31.550000Z,q0036,running shoes
2026-01-01T00:01:31.650000Z,q0482,white ceramic mug
2026-01-01T00:01:31.750000Z,q0021,desk lamp
2026-01-01T00:01:31.850000Z,q0289,green pruning shears
2026-01-01T00:01:31.950000Z,q0009,body wash
2026-01-01T00:01:32.050000Z,q0025,throw blanket
2026-01-01T00:01:32.150000Z,q0092,black first aid kit
2026-01-01T00:01:32.250000Z,q0047,building blocks
2026-01-01T00:01:32.350000Z,q0001,cotton shirt
2026-01-01T00:01:32.450000Z,q0071,notebook
2026-01-01T00:01:32.550000Z,q0024,storage basket
2026-01-01T00:01:32.650000Z,q0026,cordless drill
2026-01-01T00:01:32.750000Z,q0034,chopping board
2026-01-01T00:01:32.850000Z,q0193,blue water bottle
2026-01-01T00:01:32.950000Z,q0034,chopping board
2026-01-01T00:01:33.050000Z,q0415,red leather shoes
2026-01-01T00:01:33.150000Z,q0313,grey children storybook
2026-01-01T00:01:33.250000Z,q0430,red usb c charger
2026-01-01T00:01:33.350000Z,q0002,linen dress
2026-01-01T00:01:33.450000Z,q0095,black electric toothbrush
2026-01-01T00:01:33.550000Z,q0001,cotton shirt
2026-01-01T00:01:33.650000Z,q0016,vitamin tablets
2026-01-01T00:01:33.750000Z,q0781,Vela steel saucepan
2026-01-01T00:01:33.850000Z,q0041,yoga mat
2026-01-01T00:01:33.950000Z,q0033,cutlery set
2026-01-01T00:01:34.050000Z,q0027,paint brush
2026-01-01T00:01:34.150000Z,q0027,paint brush
2026-01-01T00:01:34.250000Z,q0017,first aid kit
2026-01-01T00:01:34.350000Z,q0714,Linden slippers
2026-01-01T00:01:34.450000Z,q0021,desk lamp
2026-01-01T00:01:34.550000Z,q0989,archived lunar model 9
2026-01-01T00:01:34.650000Z,q0030,work gloves
2026-01-01T00:01:34.750000Z,q0788,Vela sandals
2026-01-01T00:01:34.850000Z,q0199,blue craft kit
2026-01-01T00:01:34.950000Z,q0045,running shorts
2026-01-01T00:01:35.050000Z,q0018,sleep mask
2026-01-01T00:01:35.150000Z,q0008,hand cream
2026-01-01T00:01:35.250000Z,q0008,hand cream
2026-01-01T00:01:35.350000Z,q0620,Harbour electric toothbrush
2026-01-01T00:01:35.450000Z,q0032,ceramic mug
2026-01-01T00:01:35.550000Z,q0040,leather shoes
2026-01-01T00:01:35.650000Z,q0548,Alder bath towel
2026-01-01T00:01:35.750000Z,q0049,craft kit
2026-01-01T00:01:35.850000Z,q0041,yoga mat
2026-01-01T00:01:35.950000Z,q0234,green body wash
2026-01-01T00:01:36.050000Z,q0376,red cotton shirt
2026-01-01T00:01:36.150000Z,q0937,recycled walking boots
2026-01-01T00:01:36.250000Z,q0033,cutlery set
2026-01-01T00:01:36.350000Z,q0024,storage basket
2026-01-01T00:01:36.450000Z,q0026,cordless drill
2026-01-01T00:01:36.550000Z,q0037,walking boots
2026-01-01T00:01:36.650000Z,q0013,children storybook
2026-01-01T00:01:36.750000Z,q0033,cutlery set
2026-01-01T00:01:36.850000Z,q0045,running shorts
2026-01-01T00:01:36.950000Z,q0630,Harbour work gloves
2026-01-01T00:01:37.050000Z,q0042,football
2026-01-01T00:01:37.150000Z,q0034,chopping board
2026-01-01T00:01:37.250000Z,q0578,Alder tablet
2026-01-01T00:01:37.350000Z,q0039,slippers
2026-01-01T00:01:37.450000Z,q0034,chopping board
2026-01-01T00:01:37.550000Z,q0017,first aid kit
2026-01-01T00:01:37.650000Z,q0019,heat pad
2026-01-01T00:01:37.750000Z,q0035,glass storage jar
2026-01-01T00:01:37.850000Z,q0033,cutlery set
2026-01-01T00:01:37.950000Z,q0007,shampoo
2026-01-01T00:01:38.050000Z,q0044,resistance bands
2026-01-01T00:01:38.150000Z,q0028,tool box
2026-01-01T00:01:38.250000Z,q0021,desk lamp
2026-01-01T00:01:38.350000Z,q0561,Alder running shoes
2026-01-01T00:01:38.450000Z,q0042,football
2026-01-01T00:01:38.550000Z,q0045,running shorts
2026-01-01T00:01:38.650000Z,q0029,wall shelf
2026-01-01T00:01:38.750000Z,q0548,Alder bath towel
2026-01-01T00:01:38.850000Z,q0044,resistance bands
2026-01-01T00:01:38.950000Z,q0001,cotton shirt
2026-01-01T00:01:39.050000Z,q0035,glass storage jar
2026-01-01T00:01:39.150000Z,q0018,sleep mask
2026-01-01T00:01:39.250000Z,q0356,grey breakfast oats
2026-01-01T00:01:39.350000Z,q0932,recycled ceramic mug
2026-01-01T00:01:39.450000Z,q0033,cutlery set
2026-01-01T00:01:39.550000Z,q0191,blue yoga mat
2026-01-01T00:01:39.650000Z,q0009,body wash
2026-01-01T00:01:39.750000Z,q0097,black cotton bedding
2026-01-01T00:01:39.850000Z,q0023,bath towel
2026-01-01T00:01:39.950000Z,q0039,slippers
2026-01-01T00:01:40.050000Z,q0349,grey craft kit
2026-01-01T00:01:40.150000Z,q0009,body wash
2026-01-01T00:01:40.250000Z,q0047,building blocks
2026-01-01T00:01:40.350000Z,q0004,wool jumper
2026-01-01T00:01:40.450000Z,q0038,sandals
2026-01-01T00:01:40.550000Z,q0049,craft kit
2026-01-01T00:01:40.650000Z,q0031,steel saucepan
2026-01-01T00:01:40.750000Z,q0039,slippers
2026-01-01T00:01:40.850000Z,q0012,travel guide
2026-01-01T00:01:40.950000Z,q0032,ceramic mug
2026-01-01T00:01:41.050000Z,q0050,toy train
2026-01-01T00:01:41.150000Z,q0312,grey travel guide
2026-01-01T00:01:41.250000Z,q0039,slippers
2026-01-01T00:01:41.350000Z,q0037,walking boots
2026-01-01T00:01:41.450000Z,q0028,tool box
2026-01-01T00:01:41.550000Z,q0010,sunscreen
2026-01-01T00:01:41.650000Z,q0013,children storybook
2026-01-01T00:01:41.750000Z,q0013,children storybook
2026-01-01T00:01:41.850000Z,q0030,work gloves
2026-01-01T00:01:41.950000Z,q0666,Harbour dog lead
2026-01-01T00:01:42.050000Z,q0944,recycled resistance bands
2026-01-01T00:01:42.150000Z,q0031,steel saucepan
2026-01-01T00:01:42.250000Z,q0232,green shampoo
2026-01-01T00:01:42.350000Z,q0029,wall shelf
2026-01-01T00:01:42.450000Z,q0854,cotton wall shelf
2026-01-01T00:01:42.550000Z,q0043,water bottle
2026-01-01T00:01:42.650000Z,q0452,white linen dress
2026-01-01T00:01:42.750000Z,q0048,plush bear
2026-01-01T00:01:42.850000Z,q0013,children storybook
2026-01-01T00:01:42.950000Z,q1000,archived lunar model 20
2026-01-01T00:01:43.056000Z,q0023,bath towel
2026-01-01T00:01:43.167000Z,q0023,bath towel
2026-01-01T00:01:43.278000Z,q0011,cookbook
2026-01-01T00:01:43.389000Z,q0007,shampoo
2026-01-01T00:01:43.500000Z,q0007,shampoo
2026-01-01T00:01:43.611000Z,q0025,throw blanket
2026-01-01T00:01:43.722000Z,q0016,vitamin tablets
2026-01-01T00:01:43.833000Z,q0013,children storybook
2026-01-01T00:01:43.944000Z,q0050,toy train
2026-01-01T00:01:44.056000Z,q0031,steel saucepan
2026-01-01T00:01:44.167000Z,q0952,recycled bluetooth speaker
2026-01-01T00:01:44.278000Z,q0063,plant pot
2026-01-01T00:01:44.389000Z,q0026,cordless drill
2026-01-01T00:01:44.500000Z,q0018,sleep mask
2026-01-01T00:01:44.611000Z,q0290,green solar lights
2026-01-01T00:01:44.722000Z,q0030,work gloves
2026-01-01T00:01:44.833000Z,q0002,linen dress
2026-01-01T00:01:44.944000Z,q0714,Linden slippers
2026-01-01T00:01:45.056000Z,q0024,storage basket
2026-01-01T00:01:45.167000Z,q0031,steel saucepan
2026-01-01T00:01:45.278000Z,q0456,white face moisturiser
2026-01-01T00:01:45.389000Z,q0019,heat pad
2026-01-01T00:01:45.500000Z,q0025,throw blanket
2026-01-01T00:01:45.611000Z,q0375,grey sticky notes
2026-01-01T00:01:45.722000Z,q0022,cotton bedding
2026-01-01T00:01:45.833000Z,q0043,water bottle
2026-01-01T00:01:45.944000Z,q0049,craft kit
2026-01-01T00:01:46.056000Z,q0045,running shorts
2026-01-01T00:01:46.167000Z,q0488,white sandals
2026-01-01T00:01:46.278000Z,q0125,black toy train
2026-01-01T00:01:46.389000Z,q0015,crime novel
2026-01-01T00:01:46.500000Z,q0040,leather shoes
2026-01-01T00:01:46.611000Z,q0016,vitamin tablets
2026-01-01T00:01:46.722000Z,q0050,toy train
2026-01-01T00:01:46.833000Z,q0149,black sketch pad
2026-01-01T00:01:46.944000Z,q0109,black chopping board
2026-01-01T00:01:47.056000Z,q0001,cotton shirt
2026-01-01T00:01:47.167000Z,q0011,cookbook
2026-01-01T00:01:47.278000Z,q0050,toy train
2026-01-01T00:01:47.389000Z,q0380,red rain jacket
2026-01-01T00:01:47.500000Z,q0045,running shorts
2026-01-01T00:01:47.611000Z,q0020,electric toothbrush
2026-01-01T00:01:47.722000Z,q0013,children storybook
2026-01-01T00:01:47.833000Z,q0902,recycled linen dress
2026-01-01T00:01:47.944000Z,q0690,Linden crime novel
2026-01-01T00:01:48.056000Z,q0599,Alder sketch pad
2026-01-01T00:01:48.167000Z,q0928,recycled tool box
2026-01-01T00:01:48.278000Z,q0024,storage basket
2026-01-01T00:01:48.389000Z,q0864,cotton slippers
2026-01-01T00:01:48.500000Z,q0030,work gloves
2026-01-01T00:01:48.611000Z,q0044,resistance bands
2026-01-01T00:01:48.722000Z,q0018,sleep mask
2026-01-01T00:01:48.833000Z,q0431,red breakfast oats
2026-01-01T00:01:48.944000Z,q0025,throw blanket
2026-01-01T00:01:49.056000Z,q0045,running shorts
2026-01-01T00:01:49.167000Z,q0046,wooden puzzle
2026-01-01T00:01:49.278000Z,q0015,crime novel
2026-01-01T00:01:49.389000Z,q0506,white breakfast oats
2026-01-01T00:01:49.500000Z,q0029,wall shelf
2026-01-01T00:01:49.611000Z,q0001,cotton shirt
2026-01-01T00:01:49.722000Z,q0464,white gardening book
2026-01-01T00:01:49.833000Z,q0319,grey heat pad
2026-01-01T00:01:49.944000Z,q0044,resistance bands
2026-01-01T00:01:50.056000Z,q0347,grey building blocks
2026-01-01T00:01:50.167000Z,q0423,red plush bear
2026-01-01T00:01:50.278000Z,q0026,cordless drill
2026-01-01T00:01:50.389000Z,q0721,Linden wooden puzzle
2026-01-01T00:01:50.500000Z,q0001,cotton shirt
2026-01-01T00:01:50.611000Z,q0009,body wash
2026-01-01T00:01:50.722000Z,q0037,walking boots
2026-01-01T00:01:50.833000Z,q0047,building blocks
2026-01-01T00:01:50.944000Z,q0026,cordless drill
2026-01-01T00:01:51.056000Z,q0790,Vela leather shoes
2026-01-01T00:01:51.167000Z,q0795,Vela running shorts
2026-01-01T00:01:51.278000Z,q0015,crime novel
2026-01-01T00:01:51.389000Z,q0034,chopping board
2026-01-01T00:01:51.500000Z,q0034,chopping board
2026-01-01T00:01:51.611000Z,q0039,slippers
2026-01-01T00:01:51.722000Z,q0008,hand cream
2026-01-01T00:01:51.833000Z,q0193,blue water bottle
2026-01-01T00:01:51.944000Z,q0001,cotton shirt
2026-01-01T00:01:52.056000Z,q0043,water bottle
2026-01-01T00:01:52.167000Z,q0036,running shoes
2026-01-01T00:01:52.278000Z,q0004,wool jumper
2026-01-01T00:01:52.389000Z,q0038,sandals
2026-01-01T00:01:52.500000Z,q0018,sleep mask
2026-01-01T00:01:52.611000Z,q0010,sunscreen
2026-01-01T00:01:52.722000Z,q0252,green paint brush
2026-01-01T00:01:52.833000Z,q0014,gardening book
2026-01-01T00:01:52.944000Z,q0567,Alder football
2026-01-01T00:01:53.056000Z,q0022,cotton bedding
2026-01-01T00:01:53.167000Z,q0874,cotton craft kit
2026-01-01T00:01:53.278000Z,q0434,red pasta sauce
2026-01-01T00:01:53.389000Z,q0039,slippers
2026-01-01T00:01:53.500000Z,q0031,steel saucepan
2026-01-01T00:01:53.611000Z,q0010,sunscreen
2026-01-01T00:01:53.722000Z,q0034,chopping board
2026-01-01T00:01:53.833000Z,q0036,running shoes
2026-01-01T00:01:53.944000Z,q0237,green travel guide
2026-01-01T00:01:54.056000Z,q0037,walking boots
2026-01-01T00:01:54.167000Z,q0049,craft kit
2026-01-01T00:01:54.278000Z,q0003,denim jeans
2026-01-01T00:01:54.389000Z,q0034,chopping board
2026-01-01T00:01:54.500000Z,q0040,leather shoes
2026-01-01T00:01:54.611000Z,q0022,cotton bedding
2026-01-01T00:01:54.722000Z,q0049,craft kit
2026-01-01T00:01:54.833000Z,q0039,slippers
2026-01-01T00:01:54.944000Z,q0016,vitamin tablets
2026-01-01T00:01:55.056000Z,q0031,steel saucepan
2026-01-01T00:01:55.167000Z,q0162,blue travel guide
2026-01-01T00:01:55.278000Z,q0650,Harbour toy train
2026-01-01T00:01:55.389000Z,q0038,sandals
2026-01-01T00:01:55.500000Z,q0028,tool box
2026-01-01T00:01:55.611000Z,q0009,body wash
2026-01-01T00:01:55.722000Z,q0491,white yoga mat
2026-01-01T00:01:55.833000Z,q0048,plush bear
2026-01-01T00:01:55.944000Z,q0455,white rain jacket
2026-01-01T00:01:56.056000Z,q0678,Linden denim jeans
2026-01-01T00:01:56.167000Z,q0007,shampoo
2026-01-01T00:01:56.278000Z,q0028,tool box
2026-01-01T00:01:56.389000Z,q0012,travel guide
2026-01-01T00:01:56.500000Z,q0963,recycled plant pot
2026-01-01T00:01:56.611000Z,q0010,sunscreen
2026-01-01T00:01:56.722000Z,q0028,tool box
2026-01-01T00:01:56.833000Z,q0034,chopping board
2026-01-01T00:01:56.944000Z,q0013,children storybook
2026-01-01T00:01:57.056000Z,q0045,running shorts
2026-01-01T00:01:57.167000Z,q0018,sleep mask
2026-01-01T00:01:57.278000Z,q0048,plush bear
2026-01-01T00:01:57.389000Z,q0173,blue bath towel
2026-01-01T00:01:57.500000Z,q0012,travel guide
2026-01-01T00:01:57.611000Z,q0013,children storybook
2026-01-01T00:01:57.722000Z,q0621,Harbour desk lamp
2026-01-01T00:01:57.833000Z,q0048,plush bear
2026-01-01T00:01:57.944000Z,q0753,Vela denim jeans
2026-01-01T00:01:58.056000Z,q0585,Alder olive oil
2026-01-01T00:01:58.167000Z,q0281,green breakfast oats
2026-01-01T00:01:58.278000Z,q0012,travel guide
2026-01-01T00:01:58.389000Z,q0020,electric toothbrush
2026-01-01T00:01:58.500000Z,q0310,grey sunscreen
2026-01-01T00:01:58.611000Z,q0031,steel saucepan
2026-01-01T00:01:58.722000Z,q0043,water bottle
2026-01-01T00:01:58.833000Z,q0036,running shoes
2026-01-01T00:01:58.944000Z,q0489,white slippers
2026-01-01T00:01:59.056000Z,q0043,water bottle
2026-01-01T00:01:59.167000Z,q0026,cordless drill
2026-01-01T00:01:59.278000Z,q0043,water bottle
2026-01-01T00:01:59.389000Z,q0009,body wash
2026-01-01T00:01:59.500000Z,q0025,throw blanket
2026-01-01T00:01:59.611000Z,q0021,desk lamp
2026-01-01T00:01:59.722000Z,q0034,chopping board
2026-01-01T00:01:59.833000Z,q0009,body wash
2026-01-01T00:01:59.944000Z,q0037,walking boots
2026-01-01T00:02:00.056000Z,q0039,slippers
2026-01-01T00:02:00.167000Z,q0037,walking boots
2026-01-01T00:02:00.278000Z,q0001,cotton shirt
2026-01-01T00:02:00.389000Z,q0026,cordless drill
2026-01-01T00:02:00.500000Z,q0021,desk lamp
2026-01-01T00:02:00.611000Z,q0029,wall shelf
2026-01-01T00:02:00.722000Z,q0014,gardening book
2026-01-01T00:02:00.833000Z,q0048,plush bear
2026-01-01T00:02:00.944000Z,q0003,denim jeans
2026-01-01T00:02:01.056000Z,q0820,Vela pet blanket
2026-01-01T00:02:01.167000Z,q0043,water bottle
2026-01-01T00:02:01.278000Z,q0013,children storybook
2026-01-01T00:02:01.389000Z,q0373,grey desk organiser
2026-01-01T00:02:01.500000Z,q0024,storage basket
2026-01-01T00:02:01.611000Z,q0426,red wireless headphones
2026-01-01T00:02:01.722000Z,q0028,tool box
2026-01-01T00:02:01.833000Z,q0005,rain jacket
2026-01-01T00:02:01.944000Z,q0611,Harbour cookbook
2026-01-01T00:02:02.056000Z,q0607,Harbour shampoo
2026-01-01T00:02:02.167000Z,q0009,body wash
2026-01-01T00:02:02.278000Z,q0032,ceramic mug
2026-01-01T00:02:02.389000Z,q0047,building blocks
2026-01-01T00:02:02.500000Z,q0433,red herbal tea
2026-01-01T00:02:02.611000Z,q0045,running shorts
2026-01-01T00:02:02.722000Z,q0470,white electric toothbrush
2026-01-01T00:02:02.833000Z,q0050,toy train
2026-01-01T00:02:02.944000Z,q0035,glass storage jar
2026-01-01T00:02:03.056000Z,q0199,blue craft kit
2026-01-01T00:02:03.167000Z,q0040,leather shoes
2026-01-01T00:02:03.278000Z,q0010,sunscreen
2026-01-01T00:02:03.389000Z,q0013,children storybook
2026-01-01T00:02:03.500000Z,q0045,running shorts
2026-01-01T00:02:03.611000Z,q0664,Harbour pruning shears
2026-01-01T00:02:03.722000Z,q0011,cookbook
2026-01-01T00:02:03.833000Z,q0010,sunscreen
2026-01-01T00:02:03.944000Z,q0008,hand cream
2026-01-01T00:02:04.056000Z,q0003,denim jeans
2026-01-01T00:02:04.167000Z,q0047,building blocks
2026-01-01T00:02:04.278000Z,q0043,water bottle
2026-01-01T00:02:04.389000Z,q0408,red cutlery set
2026-01-01T00:02:04.500000Z,q0004,wool jumper
2026-01-01T00:02:04.611000Z,q0007,shampoo
2026-01-01T00:02:04.722000Z,q0967,recycled cat toy
2026-01-01T00:02:04.833000Z,q0010,sunscreen
2026-01-01T00:02:04.944000Z,q0951,recycled wireless headphones
2026-01-01T00:02:05.062000Z,q0517,white cat toy
2026-01-01T00:02:05.188000Z,q0485,white glass storage jar
2026-01-01T00:02:05.312000Z,q0042,football
2026-01-01T00:02:05.438000Z,q0017,first aid kit
2026-01-01T00:02:05.562000Z,q0003,denim jeans
2026-01-01T00:02:05.688000Z,q0003,denim jeans
2026-01-01T00:02:05.812000Z,q0001,cotton shirt
2026-01-01T00:02:05.938000Z,q0019,heat pad
2026-01-01T00:02:06.062000Z,q0032,ceramic mug
2026-01-01T00:02:06.188000Z,q0035,glass storage jar
2026-01-01T00:02:06.312000Z,q0877,cotton bluetooth speaker
2026-01-01T00:02:06.438000Z,q0008,hand cream
2026-01-01T00:02:06.562000Z,q0019,heat pad
2026-01-01T00:02:06.688000Z,q0707,Linden ceramic mug
2026-01-01T00:02:06.812000Z,q0039,slippers
2026-01-01T00:02:06.938000Z,q0040,leather shoes
2026-01-01T00:02:07.062000Z,q0039,slippers
2026-01-01T00:02:07.188000Z,q0154,blue wool jumper
2026-01-01T00:02:07.312000Z,q0027,paint brush
2026-01-01T00:02:07.438000Z,q0050,toy train
2026-01-01T00:02:07.562000Z,q0016,vitamin tablets
2026-01-01T00:02:07.688000Z,q0039,slippers
2026-01-01T00:02:07.812000Z,q0066,dog lead
2026-01-01T00:02:07.938000Z,q0035,glass storage jar
2026-01-01T00:02:08.062000Z,q0006,face moisturiser
2026-01-01T00:02:08.188000Z,q0003,denim jeans
2026-01-01T00:02:08.312000Z,q0031,steel saucepan
2026-01-01T00:02:08.438000Z,q0016,vitamin tablets
2026-01-01T00:02:08.562000Z,q0034,chopping board
2026-01-01T00:02:08.688000Z,q0040,leather shoes
2026-01-01T00:02:08.812000Z,q0008,hand cream
2026-01-01T00:02:08.938000Z,q0040,leather shoes
2026-01-01T00:02:09.062000Z,q0016,vitamin tablets
2026-01-01T00:02:09.188000Z,q0388,red children storybook
2026-01-01T00:02:09.312000Z,q0019,heat pad
2026-01-01T00:02:09.438000Z,q0666,Harbour dog lead
2026-01-01T00:02:09.562000Z,q0446,red notebook
2026-01-01T00:02:09.688000Z,q0048,plush bear
2026-01-01T00:02:09.812000Z,q0031,steel saucepan
2026-01-01T00:02:09.938000Z,q0046,wooden puzzle
2026-01-01T00:02:10.062000Z,q0040,leather shoes
2026-01-01T00:02:10.188000Z,q0315,grey crime novel
2026-01-01T00:02:10.312000Z,q0740,Linden solar lights
2026-01-01T00:02:10.438000Z,q0668,Harbour pet bowl
2026-01-01T00:02:10.562000Z,q0290,green solar lights
2026-01-01T00:02:10.688000Z,q0538,Alder children storybook
2026-01-01T00:02:10.812000Z,q0035,glass storage jar
2026-01-01T00:02:10.938000Z,q0031,steel saucepan
2026-01-01T00:02:11.062000Z,q0027,paint brush
2026-01-01T00:02:11.188000Z,q0021,desk lamp
2026-01-01T00:02:11.312000Z,q0251,green cordless drill
2026-01-01T00:02:11.438000Z,q0029,wall shelf
2026-01-01T00:02:11.562000Z,q0006,face moisturiser
2026-01-01T00:02:11.688000Z,q0026,cordless drill
2026-01-01T00:02:11.812000Z,q0011,cookbook
2026-01-01T00:02:11.938000Z,q0230,green rain jacket
2026-01-01T00:02:12.062000Z,q0017,first aid kit
2026-01-01T00:02:12.188000Z,q0017,first aid kit
2026-01-01T00:02:12.312000Z,q0041,yoga mat
2026-01-01T00:02:12.438000Z,q0011,cookbook
2026-01-01T00:02:12.562000Z,q0009,body wash
2026-01-01T00:02:12.688000Z,q0046,wooden puzzle
2026-01-01T00:02:12.812000Z,q0015,crime novel
2026-01-01T00:02:12.938000Z,q0040,leather shoes
2026-01-01T00:02:13.062000Z,q0030,work gloves
2026-01-01T00:02:13.188000Z,q0020,electric toothbrush
2026-01-01T00:02:13.312000Z,q0029,wall shelf
2026-01-01T00:02:13.438000Z,q0009,body wash
2026-01-01T00:02:13.562000Z,q0048,plush bear
2026-01-01T00:02:13.688000Z,q0014,gardening book
2026-01-01T00:02:13.812000Z,q0042,football
2026-01-01T00:02:13.938000Z,q0790,Vela leather shoes
2026-01-01T00:02:14.062000Z,q0033,cutlery set
2026-01-01T00:02:14.188000Z,q0015,crime novel
2026-01-01T00:02:14.312000Z,q0004,wool jumper
2026-01-01T00:02:14.438000Z,q0227,green linen dress
2026-01-01T00:02:14.562000Z,q0012,travel guide
2026-01-01T00:02:14.688000Z,q0013,children storybook
2026-01-01T00:02:14.812000Z,q0284,green pasta sauce
2026-01-01T00:02:14.938000Z,q0016,vitamin tablets
2026-01-01T00:02:15.062000Z,q0513,white plant pot
2026-01-01T00:02:15.188000Z,q0789,Vela slippers
2026-01-01T00:02:15.312000Z,q0295,green pet blanket
2026-01-01T00:02:15.438000Z,q0005,rain jacket
2026-01-01T00:02:15.562000Z,q0021,desk lamp
2026-01-01T00:02:15.688000Z,q0046,wooden puzzle
2026-01-01T00:02:15.812000Z,q0004,wool jumper
2026-01-01T00:02:15.938000Z,q0040,leather shoes
2026-01-01T00:02:16.062000Z,q0473,white bath towel
2026-01-01T00:02:16.188000Z,q0917,recycled first aid kit
2026-01-01T00:02:16.312000Z,q0041,yoga mat
2026-01-01T00:02:16.438000Z,q0997,archived lunar model 17
2026-01-01T00:02:16.562000Z,q0003,denim jeans
2026-01-01T00:02:16.688000Z,q0037,walking boots
2026-01-01T00:02:16.812000Z,q0031,steel saucepan
2026-01-01T00:02:16.938000Z,q0189,blue slippers
2026-01-01T00:02:17.062000Z,q0011,cookbook
2026-01-01T00:02:17.188000Z,q0475,white throw blanket
2026-01-01T00:02:17.312000Z,q0655,Harbour usb c charger
2026-01-01T00:02:17.438000Z,q0250,green throw blanket
2026-01-01T00:02:17.562000Z,q0033,cutlery set
2026-01-01T00:02:17.688000Z,q0026,cordless drill
2026-01-01T00:02:17.812000Z,q0044,resistance bands
2026-01-01T00:02:17.938000Z,q0012,travel guide
2026-01-01T00:02:18.062000Z,q0046,wooden puzzle
2026-01-01T00:02:18.188000Z,q0172,blue cotton bedding
2026-01-01T00:02:18.312000Z,q0032,ceramic mug
2026-01-01T00:02:18.438000Z,q0010,sunscreen
2026-01-01T00:02:18.562000Z,q0027,paint brush
2026-01-01T00:02:18.688000Z,q0031,steel saucepan
2026-01-01T00:02:18.812000Z,q0037,walking boots
2026-01-01T00:02:18.938000Z,q0017,first aid kit
2026-01-01T00:02:19.062000Z,q0016,vitamin tablets
2026-01-01T00:02:19.188000Z,q0040,leather shoes
2026-01-01T00:02:19.312000Z,q0019,heat pad
2026-01-01T00:02:19.438000Z,q0049,craft kit
2026-01-01T00:02:19.562000Z,q0676,Linden cotton shirt
2026-01-01T00:02:19.688000Z,q0001,cotton shirt
2026-01-01T00:02:19.812000Z,q0026,cordless drill
2026-01-01T00:02:19.938000Z,q0832,cotton shampoo
2026-01-01T00:02:20.062000Z,q0040,leather shoes
2026-01-01T00:02:20.188000Z,q0048,plush bear
2026-01-01T00:02:20.312000Z,q0036,running shoes
2026-01-01T00:02:20.438000Z,q0444,red bird feeder
2026-01-01T00:02:20.562000Z,q0050,toy train
2026-01-01T00:02:20.688000Z,q0005,rain jacket
2026-01-01T00:02:20.812000Z,q0029,wall shelf
2026-01-01T00:02:20.938000Z,q0914,recycled gardening book
2026-01-01T00:02:21.062000Z,q0021,desk lamp
2026-01-01T00:02:21.188000Z,q0046,wooden puzzle
2026-01-01T00:02:21.312000Z,q0007,shampoo
2026-01-01T00:02:21.438000Z,q0023,bath towel
2026-01-01T00:02:21.562000Z,q0027,paint brush
2026-01-01T00:02:21.688000Z,q0034,chopping board
2026-01-01T00:02:21.812000Z,q0512,white watering can
2026-01-01T00:02:21.938000Z,q0359,grey pasta sauce
2026-01-01T00:02:22.062000Z,q0224,blue sketch pad
2026-01-01T00:02:22.188000Z,q0009,body wash
2026-01-01T00:02:22.312000Z,q0036,running shoes
2026-01-01T00:02:22.438000Z,q0040,leather shoes
2026-01-01T00:02:22.562000Z,q0572,Alder building blocks
2026-01-01T00:02:22.688000Z,q0033,cutlery set
2026-01-01T00:02:22.812000Z,q0030,work gloves
2026-01-01T00:02:22.938000Z,q0015,crime novel
2026-01-01T00:02:23.071000Z,q0043,water bottle
2026-01-01T00:02:23.214000Z,q0697,Linden cotton bedding
2026-01-01T00:02:23.357000Z,q0022,cotton bedding
2026-01-01T00:02:23.500000Z,q0050,toy train
2026-01-01T00:02:23.643000Z,q0027,paint brush
2026-01-01T00:02:23.786000Z,q0309,grey body wash
2026-01-01T00:02:23.929000Z,q0961,recycled garden gloves
2026-01-01T00:02:24.071000Z,q0832,cotton shampoo
2026-01-01T00:02:24.214000Z,q0841,cotton vitamin tablets
2026-01-01T00:02:24.357000Z,q0464,white gardening book
2026-01-01T00:02:24.500000Z,q0036,running shoes
2026-01-01T00:02:24.643000Z,q0556,Alder steel saucepan
2026-01-01T00:02:24.786000Z,q0004,wool jumper
2026-01-01T00:02:24.929000Z,q0005,rain jacket
2026-01-01T00:02:25.071000Z,q0006,face moisturiser
2026-01-01T00:02:25.214000Z,q0007,shampoo
2026-01-01T00:02:25.357000Z,q0005,rain jacket
2026-01-01T00:02:25.500000Z,q0039,slippers
2026-01-01T00:02:25.643000Z,q0761,Vela cookbook
2026-01-01T00:02:25.786000Z,q0771,Vela desk lamp
2026-01-01T00:02:25.929000Z,q0043,water bottle
2026-01-01T00:02:26.071000Z,q0024,storage basket
2026-01-01T00:02:26.214000Z,q0011,cookbook
2026-01-01T00:02:26.357000Z,q0979,premium wool jumper
2026-01-01T00:02:26.500000Z,q0008,hand cream
2026-01-01T00:02:26.643000Z,q0050,toy train
2026-01-01T00:02:26.786000Z,q0032,ceramic mug
2026-01-01T00:02:26.929000Z,q0048,plush bear
2026-01-01T00:02:27.071000Z,q0001,cotton shirt
2026-01-01T00:02:27.214000Z,q0046,wooden puzzle
2026-01-01T00:02:27.357000Z,q0031,steel saucepan
2026-01-01T00:02:27.500000Z,q0152,blue linen dress
2026-01-01T00:02:27.643000Z,q0405,red work gloves
2026-01-01T00:02:27.786000Z,q0024,storage basket
2026-01-01T00:02:27.929000Z,q0003,denim jeans
2026-01-01T00:02:28.071000Z,q0027,paint brush
2026-01-01T00:02:28.214000Z,q0002,linen dress
2026-01-01T00:02:28.357000Z,q0042,football
2026-01-01T00:02:28.500000Z,q0195,blue running shorts
2026-01-01T00:02:28.643000Z,q0050,toy train
2026-01-01T00:02:28.786000Z,q0045,running shorts
2026-01-01T00:02:28.929000Z,q0003,denim jeans
2026-01-01T00:02:29.071000Z,q0050,toy train
2026-01-01T00:02:29.214000Z,q0007,shampoo
2026-01-01T00:02:29.357000Z,q0019,heat pad
2026-01-01T00:02:29.500000Z,q0023,bath towel
2026-01-01T00:02:29.643000Z,q0049,craft kit
2026-01-01T00:02:29.786000Z,q0728,Linden tablet
2026-01-01T00:02:29.929000Z,q0019,heat pad
2026-01-01T00:02:30.071000Z,q0015,crime novel
2026-01-01T00:02:30.214000Z,q0841,cotton vitamin tablets
2026-01-01T00:02:30.357000Z,q0016,vitamin tablets
2026-01-01T00:02:30.500000Z,q0893,cotton pet bowl
2026-01-01T00:02:30.643000Z,q0009,body wash
2026-01-01T00:02:30.786000Z,q0044,resistance bands
2026-01-01T00:02:30.929000Z,q0385,red sunscreen
2026-01-01T00:02:31.071000Z,q0011,cookbook
2026-01-01T00:02:31.214000Z,q0045,running shorts
2026-01-01T00:02:31.357000Z,q0156,blue face moisturiser
2026-01-01T00:02:31.500000Z,q0017,first aid kit
2026-01-01T00:02:31.643000Z,q0030,work gloves
2026-01-01T00:02:31.786000Z,q0922,recycled cotton bedding
2026-01-01T00:02:31.929000Z,q0021,desk lamp
2026-01-01T00:02:32.071000Z,q0018,sleep mask
2026-01-01T00:02:32.214000Z,q0016,vitamin tablets
2026-01-01T00:02:32.357000Z,q0045,running shorts
2026-01-01T00:02:32.500000Z,q0038,sandals
2026-01-01T00:02:32.643000Z,q0032,ceramic mug
2026-01-01T00:02:32.786000Z,q0008,hand cream
2026-01-01T00:02:32.929000Z,q0043,water bottle
2026-01-01T00:02:33.071000Z,q0515,white solar lights
2026-01-01T00:02:33.214000Z,q0004,wool jumper
2026-01-01T00:02:33.357000Z,q0874,cotton craft kit
2026-01-01T00:02:33.500000Z,q0029,wall shelf
2026-01-01T00:02:33.643000Z,q0029,wall shelf
2026-01-01T00:02:33.786000Z,q0011,cookbook
2026-01-01T00:02:33.929000Z,q0020,electric toothbrush
2026-01-01T00:02:34.071000Z,q0009,body wash
2026-01-01T00:02:34.214000Z,q0389,red gardening book
2026-01-01T00:02:34.357000Z,q0141,black dog lead
2026-01-01T00:02:34.500000Z,q0803,Vela tablet
2026-01-01T00:02:34.643000Z,q0419,red resistance bands
2026-01-01T00:02:34.786000Z,q0032,ceramic mug
2026-01-01T00:02:34.929000Z,q0043,water bottle
2026-01-01T00:02:35.071000Z,q0017,first aid kit
2026-01-01T00:02:35.214000Z,q0040,leather shoes
2026-01-01T00:02:35.357000Z,q0015,crime novel
2026-01-01T00:02:35.500000Z,q0026,cordless drill
2026-01-01T00:02:35.643000Z,q0004,wool jumper
2026-01-01T00:02:35.786000Z,q0046,wooden puzzle
2026-01-01T00:02:35.929000Z,q0034,chopping board
2026-01-01T00:02:36.071000Z,q0188,blue sandals
2026-01-01T00:02:36.214000Z,q0785,Vela glass storage jar
2026-01-01T00:02:36.357000Z,q0001,cotton shirt
2026-01-01T00:02:36.500000Z,q0007,shampoo
2026-01-01T00:02:36.643000Z,q0020,electric toothbrush
2026-01-01T00:02:36.786000Z,q0007,shampoo
2026-01-01T00:02:36.929000Z,q0494,white resistance bands
2026-01-01T00:02:37.071000Z,q0028,tool box
2026-01-01T00:02:37.214000Z,q0480,white work gloves
2026-01-01T00:02:37.357000Z,q0941,recycled yoga mat
2026-01-01T00:02:37.500000Z,q0025,throw blanket
2026-01-01T00:02:37.643000Z,q0010,sunscreen
2026-01-01T00:02:37.786000Z,q0042,football
2026-01-01T00:02:37.929000Z,q0370,grey pet blanket
2026-01-01T00:02:38.083000Z,q0615,Harbour crime novel
2026-01-01T00:02:38.250000Z,q0034,chopping board
2026-01-01T00:02:38.417000Z,q0007,shampoo
2026-01-01T00:02:38.583000Z,q0029,wall shelf
2026-01-01T00:02:38.750000Z,q0023,bath towel
2026-01-01T00:02:38.917000Z,q0043,water bottle
2026-01-01T00:02:39.083000Z,q0141,black dog lead
2026-01-01T00:02:39.250000Z,q0166,blue vitamin tablets
2026-01-01T00:02:39.417000Z,q0002,linen dress
2026-01-01T00:02:39.583000Z,q0030,work gloves
2026-01-01T00:02:39.750000Z,q0042,football
2026-01-01T00:02:39.917000Z,q0029,wall shelf
2026-01-01T00:02:40.083000Z,q0436,red garden gloves
2026-01-01T00:02:40.250000Z,q0021,desk lamp
2026-01-01T00:02:40.417000Z,q0042,football
2026-01-01T00:02:40.583000Z,q0048,plush bear
2026-01-01T00:02:40.750000Z,q0020,electric toothbrush
2026-01-01T00:02:40.917000Z,q0016,vitamin tablets
2026-01-01T00:02:41.083000Z,q0422,red building blocks
2026-01-01T00:02:41.250000Z,q0102,black paint brush
2026-01-01T00:02:41.417000Z,q0447,red ballpoint pens
2026-01-01T00:02:41.583000Z,q0025,throw blanket
2026-01-01T00:02:41.750000Z,q0049,craft kit
2026-01-01T00:02:41.917000Z,q0058,herbal tea
2026-01-01T00:02:42.083000Z,q0028,tool box
2026-01-01T00:02:42.250000Z,q0872,cotton building blocks
2026-01-01T00:02:42.417000Z,q0040,leather shoes
2026-01-01T00:02:42.583000Z,q0031,steel saucepan
2026-01-01T00:02:42.750000Z,q0460,white sunscreen
2026-01-01T00:02:42.917000Z,q0025,throw blanket
2026-01-01T00:02:43.083000Z,q0050,toy train
2026-01-01T00:02:43.250000Z,q0042,football
2026-01-01T00:02:43.417000Z,q0026,cordless drill
2026-01-01T00:02:43.583000Z,q0031,steel saucepan
2026-01-01T00:02:43.750000Z,q0001,cotton shirt
2026-01-01T00:02:43.917000Z,q0009,body wash
2026-01-01T00:02:44.083000Z,q0015,crime novel
2026-01-01T00:02:44.250000Z,q0046,wooden puzzle
2026-01-01T00:02:44.417000Z,q0351,grey wireless headphones
2026-01-01T00:02:44.583000Z,q0039,slippers
2026-01-01T00:02:44.750000Z,q0005,rain jacket
2026-01-01T00:02:44.917000Z,q0006,face moisturiser
2026-01-01T00:02:45.083000Z,q0039,slippers
2026-01-01T00:02:45.250000Z,q0032,ceramic mug
2026-01-01T00:02:45.417000Z,q0042,football
2026-01-01T00:02:45.583000Z,q0045,running shorts
2026-01-01T00:02:45.750000Z,q0004,wool jumper
2026-01-01T00:02:45.917000Z,q0144,black bird feeder
2026-01-01T00:02:46.083000Z,q0249,green storage basket
2026-01-01T00:02:46.250000Z,q0045,running shorts
2026-01-01T00:02:46.417000Z,q0039,slippers
2026-01-01T00:02:46.583000Z,q0044,resistance bands
2026-01-01T00:02:46.750000Z,q0862,cotton walking boots
2026-01-01T00:02:46.917000Z,q0018,sleep mask
2026-01-01T00:02:47.083000Z,q0049,craft kit
2026-01-01T00:02:47.250000Z,q0490,white leather shoes
2026-01-01T00:02:47.417000Z,q0200,blue toy train
2026-01-01T00:02:47.583000Z,q0226,green cotton shirt
2026-01-01T00:02:47.750000Z,q0003,denim jeans
2026-01-01T00:02:47.917000Z,q0170,blue electric toothbrush
2026-01-01T00:02:48.083000Z,q0050,toy train
2026-01-01T00:02:48.250000Z,q0031,steel saucepan
2026-01-01T00:02:48.417000Z,q0001,cotton shirt
2026-01-01T00:02:48.583000Z,q0621,Harbour desk lamp
2026-01-01T00:02:48.750000Z,q0011,cookbook
2026-01-01T00:02:48.917000Z,q0036,running shoes
2026-01-01T00:02:49.083000Z,q0015,crime novel
2026-01-01T00:02:49.250000Z,q0175,blue throw blanket
2026-01-01T00:02:49.417000Z,q0026,cordless drill
2026-01-01T00:02:49.583000Z,q0040,leather shoes
2026-01-01T00:02:49.750000Z,q0021,desk lamp
2026-01-01T00:02:49.917000Z,q0006,face moisturiser
2026-01-01T00:02:50.083000Z,q0011,cookbook
2026-01-01T00:02:50.250000Z,q0009,body wash
2026-01-01T00:02:50.417000Z,q0002,linen dress
2026-01-01T00:02:50.583000Z,q0028,tool box
2026-01-01T00:02:50.750000Z,q0161,blue cookbook
2026-01-01T00:02:50.917000Z,q0017,first aid kit
2026-01-01T00:02:51.083000Z,q0007,shampoo
2026-01-01T00:02:51.250000Z,q0126,black wireless headphones
2026-01-01T00:02:51.417000Z,q0022,cotton bedding
2026-01-01T00:02:51.583000Z,q0012,travel guide
2026-01-01T00:02:51.750000Z,q0319,grey heat pad
2026-01-01T00:02:51.917000Z,q0041,yoga mat
2026-01-01T00:02:52.083000Z,q0047,building blocks
2026-01-01T00:02:52.250000Z,q0684,Linden body wash
2026-01-01T00:02:52.417000Z,q0013,children storybook
2026-01-01T00:02:52.583000Z,q0023,bath towel
2026-01-01T00:02:52.750000Z,q0607,Harbour shampoo
2026-01-01T00:02:52.917000Z,q0015,crime novel
2026-01-01T00:02:53.083000Z,q0745,Linden pet blanket
2026-01-01T00:02:53.250000Z,q0701,Linden cordless drill
2026-01-01T00:02:53.417000Z,q0005,rain jacket
2026-01-01T00:02:53.583000Z,q0012,travel guide
2026-01-01T00:02:53.750000Z,q0003,denim jeans
2026-01-01T00:02:53.917000Z,q0044,resistance bands
2026-01-01T00:02:54.083000Z,q0018,sleep mask
2026-01-01T00:02:54.250000Z,q0013,children storybook
2026-01-01T00:02:54.417000Z,q0024,storage basket
2026-01-01T00:02:54.583000Z,q0014,gardening book
2026-01-01T00:02:54.750000Z,q0320,grey electric toothbrush
2026-01-01T00:02:54.917000Z,q0034,chopping board
2026-01-01T00:02:55.083000Z,q0639,Harbour slippers
2026-01-01T00:02:55.250000Z,q0012,travel guide
2026-01-01T00:02:55.417000Z,q0037,walking boots
2026-01-01T00:02:55.583000Z,q0560,Alder glass storage jar
2026-01-01T00:02:55.750000Z,q0007,shampoo
2026-01-01T00:02:55.917000Z,q0220,blue pet blanket
2026-01-01T00:02:56.100000Z,q0393,red sleep mask
2026-01-01T00:02:56.300000Z,q0019,heat pad
2026-01-01T00:02:56.500000Z,q0050,toy train
2026-01-01T00:02:56.700000Z,q0012,travel guide
2026-01-01T00:02:56.900000Z,q0043,water bottle
2026-01-01T00:02:57.100000Z,q0021,desk lamp
2026-01-01T00:02:57.300000Z,q0038,sandals
2026-01-01T00:02:57.500000Z,q0496,white wooden puzzle
2026-01-01T00:02:57.700000Z,q0015,crime novel
2026-01-01T00:02:57.900000Z,q0018,sleep mask
2026-01-01T00:02:58.100000Z,q0026,cordless drill
2026-01-01T00:02:58.300000Z,q0015,crime novel
2026-01-01T00:02:58.500000Z,q0004,wool jumper
2026-01-01T00:02:58.700000Z,q0018,sleep mask
2026-01-01T00:02:58.900000Z,q0050,toy train
2026-01-01T00:02:59.100000Z,q0039,slippers
2026-01-01T00:02:59.300000Z,q0006,face moisturiser
2026-01-01T00:02:59.500000Z,q0027,paint brush
2026-01-01T00:02:59.700000Z,q0274,green craft kit
2026-01-01T00:02:59.900000Z,q0038,sandals
2026-01-01T00:03:00.050000Z,q0002,linen dress
2026-01-01T00:03:00.150000Z,q0350,grey toy train
2026-01-01T00:03:00.250000Z,q0551,Alder cordless drill
2026-01-01T00:03:00.350000Z,q0044,resistance bands
2026-01-01T00:03:00.450000Z,q0002,linen dress
2026-01-01T00:03:00.550000Z,q0029,wall shelf
2026-01-01T00:03:00.650000Z,q0611,Harbour cookbook
2026-01-01T00:03:00.750000Z,q0050,toy train
2026-01-01T00:03:00.850000Z,q0037,walking boots
2026-01-01T00:03:00.950000Z,q0021,desk lamp
2026-01-01T00:03:01.050000Z,q0267,green football
2026-01-01T00:03:01.150000Z,q0782,Vela ceramic mug
2026-01-01T00:03:01.250000Z,q0046,wooden puzzle
2026-01-01T00:03:01.350000Z,q0883,cotton herbal tea
2026-01-01T00:03:01.450000Z,q0873,cotton plush bear
2026-01-01T00:03:01.550000Z,q0004,wool jumper
2026-01-01T00:03:01.650000Z,q0026,cordless drill
2026-01-01T00:03:01.750000Z,q0025,throw blanket
2026-01-01T00:03:01.850000Z,q0070,pet blanket
2026-01-01T00:03:01.950000Z,q0007,shampoo
2026-01-01T00:03:02.050000Z,q0910,recycled sunscreen
2026-01-01T00:03:02.150000Z,q0004,wool jumper
2026-01-01T00:03:02.250000Z,q0044,resistance bands
2026-01-01T00:03:02.350000Z,q0019,heat pad
2026-01-01T00:03:02.450000Z,q0729,Linden smart watch
2026-01-01T00:03:02.550000Z,q0031,steel saucepan
2026-01-01T00:03:02.650000Z,q0021,desk lamp
2026-01-01T00:03:02.750000Z,q0005,rain jacket
2026-01-01T00:03:02.850000Z,q0461,white cookbook
2026-01-01T00:03:02.950000Z,q0049,craft kit
2026-01-01T00:03:03.050000Z,q0002,linen dress
2026-01-01T00:03:03.150000Z,q0041,yoga mat
2026-01-01T00:03:03.250000Z,q0543,Alder sleep mask
2026-01-01T00:03:03.350000Z,q0027,paint brush
2026-01-01T00:03:03.450000Z,q0195,blue running shorts
2026-01-01T00:03:03.550000Z,q0701,Linden cordless drill
2026-01-01T00:03:03.650000Z,q0013,children storybook
2026-01-01T00:03:03.750000Z,q0018,sleep mask
2026-01-01T00:03:03.850000Z,q0022,cotton bedding
2026-01-01T00:03:03.950000Z,q0045,running shorts
2026-01-01T00:03:04.050000Z,q0034,chopping board
2026-01-01T00:03:04.150000Z,q0039,slippers
2026-01-01T00:03:04.250000Z,q0023,bath towel
2026-01-01T00:03:04.350000Z,q0614,Harbour gardening book
2026-01-01T00:03:04.450000Z,q0266,green yoga mat
2026-01-01T00:03:04.550000Z,q0013,children storybook
2026-01-01T00:03:04.650000Z,q0011,cookbook
2026-01-01T00:03:04.750000Z,q0045,running shorts
2026-01-01T00:03:04.850000Z,q0005,rain jacket
2026-01-01T00:03:04.950000Z,q0001,cotton shirt
2026-01-01T00:03:05.050000Z,q0021,desk lamp
2026-01-01T00:03:05.150000Z,q0040,leather shoes
2026-01-01T00:03:05.250000Z,q0737,Linden watering can
2026-01-01T00:03:05.350000Z,q0032,ceramic mug
2026-01-01T00:03:05.450000Z,q0046,wooden puzzle
2026-01-01T00:03:05.550000Z,q0013,children storybook
2026-01-01T00:03:05.650000Z,q0675,Harbour sticky notes
2026-01-01T00:03:05.750000Z,q0020,electric toothbrush
2026-01-01T00:03:05.850000Z,q0023,bath towel
2026-01-01T00:03:05.950000Z,q0021,desk lamp
2026-01-01T00:03:06.050000Z,q0555,Alder work gloves
2026-01-01T00:03:06.150000Z,q0022,cotton bedding
2026-01-01T00:03:06.250000Z,q0024,storage basket
2026-01-01T00:03:06.350000Z,q0018,sleep mask
2026-01-01T00:03:06.450000Z,q0002,linen dress
2026-01-01T00:03:06.550000Z,q0031,steel saucepan
2026-01-01T00:03:06.650000Z,q0045,running shorts
2026-01-01T00:03:06.750000Z,q0009,body wash
2026-01-01T00:03:06.850000Z,q0833,cotton hand cream
2026-01-01T00:03:06.950000Z,q0019,heat pad
2026-01-01T00:03:07.050000Z,q0945,recycled running shorts
2026-01-01T00:03:07.150000Z,q0033,cutlery set
2026-01-01T00:03:07.250000Z,q0003,denim jeans
2026-01-01T00:03:07.350000Z,q0008,hand cream
2026-01-01T00:03:07.450000Z,q0911,recycled cookbook
2026-01-01T00:03:07.550000Z,q0011,cookbook
2026-01-01T00:03:07.650000Z,q0037,walking boots
2026-01-01T00:03:07.750000Z,q0953,recycled tablet
2026-01-01T00:03:07.850000Z,q0010,sunscreen
2026-01-01T00:03:07.950000Z,q0710,Linden glass storage jar
2026-01-01T00:03:08.050000Z,q0740,Linden solar lights
2026-01-01T00:03:08.150000Z,q0033,cutlery set
2026-01-01T00:03:08.250000Z,q0042,football
2026-01-01T00:03:08.350000Z,q0025,throw blanket
2026-01-01T00:03:08.450000Z,q0036,running shoes
2026-01-01T00:03:08.550000Z,q0012,travel guide
2026-01-01T00:03:08.650000Z,q0736,Linden garden gloves
2026-01-01T00:03:08.750000Z,q0047,building blocks
2026-01-01T00:03:08.850000Z,q0049,craft kit
2026-01-01T00:03:08.950000Z,q0042,football
2026-01-01T00:03:09.050000Z,q0004,wool jumper
2026-01-01T00:03:09.150000Z,q0825,Vela sticky notes
2026-01-01T00:03:09.250000Z,q0029,wall shelf
2026-01-01T00:03:09.350000Z,q0008,hand cream
2026-01-01T00:03:09.450000Z,q0008,hand cream
2026-01-01T00:03:09.550000Z,q0279,green smart watch
2026-01-01T00:03:09.650000Z,q0029,wall shelf
2026-01-01T00:03:09.750000Z,q0038,sandals
2026-01-01T00:03:09.850000Z,q0038,sandals
2026-01-01T00:03:09.950000Z,q0050,toy train
2026-01-01T00:03:10.100000Z,q0027,paint brush
2026-01-01T00:03:10.300000Z,q0031,steel saucepan
2026-01-01T00:03:10.500000Z,q0016,vitamin tablets
2026-01-01T00:03:10.700000Z,q0002,linen dress
2026-01-01T00:03:10.900000Z,q0039,slippers
2026-01-01T00:03:11.100000Z,q0086,black cookbook
2026-01-01T00:03:11.300000Z,q0004,wool jumper
2026-01-01T00:03:11.500000Z,q0148,black desk organiser
2026-01-01T00:03:11.700000Z,q0567,Alder football
2026-01-01T00:03:11.900000Z,q0008,hand cream
2026-01-01T00:03:12.100000Z,q0598,Alder desk organiser
2026-01-01T00:03:12.300000Z,q0020,electric toothbrush
2026-01-01T00:03:12.500000Z,q0029,wall shelf
2026-01-01T00:03:12.700000Z,q0020,electric toothbrush
2026-01-01T00:03:12.900000Z,q0028,tool box
2026-01-01T00:03:13.100000Z,q0638,Harbour sandals
2026-01-01T00:03:13.300000Z,q0796,Vela wooden puzzle
2026-01-01T00:03:13.500000Z,q0028,tool box
2026-01-01T00:03:13.700000Z,q0034,chopping board
2026-01-01T00:03:13.900000Z,q0016,vitamin tablets
2026-01-01T00:03:14.100000Z,q0037,walking boots
2026-01-01T00:03:14.300000Z,q0573,Alder plush bear
2026-01-01T00:03:14.500000Z,q0019,heat pad
2026-01-01T00:03:14.700000Z,q0042,football
2026-01-01T00:03:14.900000Z,q0049,craft kit
2026-01-01T00:03:15.100000Z,q0007,shampoo
2026-01-01T00:03:15.300000Z,q0737,Linden watering can
2026-01-01T00:03:15.500000Z,q0030,work gloves
2026-01-01T00:03:15.700000Z,q0606,Harbour face moisturiser
2026-01-01T00:03:15.900000Z,q0047,building blocks
2026-01-01T00:03:16.100000Z,q0016,vitamin tablets
2026-01-01T00:03:16.300000Z,q0006,face moisturiser
2026-01-01T00:03:16.500000Z,q0776,Vela cordless drill
2026-01-01T00:03:16.700000Z,q0923,recycled bath towel
2026-01-01T00:03:16.900000Z,q0162,blue travel guide
2026-01-01T00:03:17.100000Z,q0010,sunscreen
2026-01-01T00:03:17.300000Z,q0038,sandals
2026-01-01T00:03:17.500000Z,q0001,cotton shirt
2026-01-01T00:03:17.700000Z,q0588,Alder plant pot
2026-01-01T00:03:17.900000Z,q0837,cotton travel guide
2026-01-01T00:03:18.125000Z,q0020,electric toothbrush
2026-01-01T00:03:18.375000Z,q0031,steel saucepan
2026-01-01T00:03:18.625000Z,q0925,recycled throw blanket
2026-01-01T00:03:18.875000Z,q0030,work gloves
2026-01-01T00:03:19.125000Z,q0022,cotton bedding
2026-01-01T00:03:19.375000Z,q0850,cotton throw blanket
2026-01-01T00:03:19.625000Z,q0012,travel guide
2026-01-01T00:03:19.875000Z,q0020,electric toothbrush
2026-01-01T00:03:20.125000Z,q0047,building blocks
2026-01-01T00:03:20.375000Z,q0014,gardening book
2026-01-01T00:03:20.625000Z,q0014,gardening book
2026-01-01T00:03:20.875000Z,q0037,walking boots
2026-01-01T00:03:21.125000Z,q0025,throw blanket
2026-01-01T00:03:21.375000Z,q0727,Linden bluetooth speaker
2026-01-01T00:03:21.625000Z,q0008,hand cream
2026-01-01T00:03:21.875000Z,q0404,red wall shelf
2026-01-01T00:03:22.125000Z,q0028,tool box
2026-01-01T00:03:22.375000Z,q0029,wall shelf
2026-01-01T00:03:22.625000Z,q0758,Vela hand cream
2026-01-01T00:03:22.875000Z,q0400,red throw blanket
2026-01-01T00:03:23.125000Z,q0334,grey chopping board
2026-01-01T00:03:23.375000Z,q0035,glass storage jar
2026-01-01T00:03:23.625000Z,q0019,heat pad
2026-01-01T00:03:23.875000Z,q0039,slippers
2026-01-01T00:03:24.125000Z,q0069,bird feeder
2026-01-01T00:03:24.375000Z,q0028,tool box
2026-01-01T00:03:24.625000Z,q0019,heat pad
2026-01-01T00:03:24.875000Z,q0040,leather shoes
2026-01-01T00:03:25.125000Z,q0048,plush bear
2026-01-01T00:03:25.375000Z,q0177,blue paint brush
2026-01-01T00:03:25.625000Z,q0314,grey gardening book
2026-01-01T00:03:25.875000Z,q0035,glass storage jar
2026-01-01T00:03:26.125000Z,q0211,blue garden gloves
2026-01-01T00:03:26.375000Z,q0016,vitamin tablets
2026-01-01T00:03:26.625000Z,q0422,red building blocks
2026-01-01T00:03:26.875000Z,q0197,blue building blocks
2026-01-01T00:03:27.125000Z,q0657,Harbour ground coffee
2026-01-01T00:03:27.375000Z,q0004,wool jumper
2026-01-01T00:03:27.625000Z,q0566,Alder yoga mat
2026-01-01T00:03:27.875000Z,q0046,wooden puzzle
2026-01-01T00:03:28.125000Z,q0043,water bottle
2026-01-01T00:03:28.375000Z,q0014,gardening book
2026-01-01T00:03:28.625000Z,q0039,slippers
2026-01-01T00:03:28.875000Z,q0047,building blocks
2026-01-01T00:03:29.125000Z,q0013,children storybook
2026-01-01T00:03:29.375000Z,q0753,Vela denim jeans
2026-01-01T00:03:29.625000Z,q0332,grey ceramic mug
2026-01-01T00:03:29.875000Z,q0916,recycled vitamin tablets
2026-01-01T00:03:30.125000Z,q0038,sandals
2026-01-01T00:03:30.375000Z,q0025,throw blanket
2026-01-01T00:03:30.625000Z,q0013,children storybook
2026-01-01T00:03:30.875000Z,q0010,sunscreen
2026-01-01T00:03:31.125000Z,q0314,grey gardening book
2026-01-01T00:03:31.375000Z,q0047,building blocks
2026-01-01T00:03:31.625000Z,q0049,craft kit
2026-01-01T00:03:31.875000Z,q0036,running shoes
2026-01-01T00:03:32.125000Z,q0043,water bottle
2026-01-01T00:03:32.375000Z,q0004,wool jumper
2026-01-01T00:03:32.625000Z,q0040,leather shoes
2026-01-01T00:03:32.875000Z,q0050,toy train
2026-01-01T00:03:33.125000Z,q0008,hand cream
2026-01-01T00:03:33.375000Z,q0043,water bottle
2026-01-01T00:03:33.625000Z,q0034,chopping board
2026-01-01T00:03:33.875000Z,q0201,blue wireless headphones
2026-01-01T00:03:34.125000Z,q0017,first aid kit
2026-01-01T00:03:34.375000Z,q0043,water bottle
2026-01-01T00:03:34.625000Z,q0598,Alder desk organiser
2026-01-01T00:03:34.875000Z,q0018,sleep mask
2026-01-01T00:03:35.125000Z,q0014,gardening book
2026-01-01T00:03:35.375000Z,q0033,cutlery set
2026-01-01T00:03:35.625000Z,q0057,ground coffee
2026-01-01T00:03:35.875000Z,q0036,running shoes
2026-01-01T00:03:36.125000Z,q0015,crime novel
2026-01-01T00:03:36.375000Z,q0009,body wash
2026-01-01T00:03:36.625000Z,q0024,storage basket
2026-01-01T00:03:36.875000Z,q0036,running shoes
2026-01-01T00:03:37.125000Z,q0045,running shorts
2026-01-01T00:03:37.375000Z,q0654,Harbour smart watch
2026-01-01T00:03:37.625000Z,q0350,grey toy train
2026-01-01T00:03:37.875000Z,q0002,linen dress
2026-01-01T00:03:38.125000Z,q0783,Vela cutlery set
2026-01-01T00:03:38.375000Z,q0048,plush bear
2026-01-01T00:03:38.625000Z,q0040,leather shoes
2026-01-01T00:03:38.875000Z,q0689,Linden gardening book
2026-01-01T00:03:39.125000Z,q0006,face moisturiser
2026-01-01T00:03:39.375000Z,q0169,blue heat pad
2026-01-01T00:03:39.625000Z,q0010,sunscreen
2026-01-01T00:03:39.875000Z,q0821,Vela notebook
2026-01-01T00:03:40.125000Z,q0407,red ceramic mug
2026-01-01T00:03:40.375000Z,q0016,vitamin tablets
2026-01-01T00:03:40.625000Z,q0034,chopping board
2026-01-01T00:03:40.875000Z,q0640,Harbour leather shoes
2026-01-01T00:03:41.125000Z,q0046,wooden puzzle
2026-01-01T00:03:41.375000Z,q0048,plush bear
2026-01-01T00:03:41.625000Z,q0937,recycled walking boots
2026-01-01T00:03:41.875000Z,q0013,children storybook
2026-01-01T00:03:42.125000Z,q0007,shampoo
2026-01-01T00:03:42.375000Z,q0017,first aid kit
2026-01-01T00:03:42.625000Z,q0006,face moisturiser
2026-01-01T00:03:42.875000Z,q0799,Vela craft kit
2026-01-01T00:03:43.125000Z,q0770,Vela electric toothbrush
2026-01-01T00:03:43.375000Z,q0926,recycled cordless drill
2026-01-01T00:03:43.625000Z,q0324,grey storage basket
2026-01-01T00:03:43.875000Z,q0021,desk lamp
2026-01-01T00:03:44.125000Z,q0025,throw blanket
2026-01-01T00:03:44.375000Z,q0281,green breakfast oats
2026-01-01T00:03:44.625000Z,q0008,hand cream
2026-01-01T00:03:44.875000Z,q0995,archived lunar model 15
2026-01-01T00:03:45.125000Z,q0731,Linden breakfast oats
2026-01-01T00:03:45.375000Z,q0348,grey plush bear
2026-01-01T00:03:45.625000Z,q0952,recycled bluetooth speaker
2026-01-01T00:03:45.875000Z,q0046,wooden puzzle
2026-01-01T00:03:46.125000Z,q0025,throw blanket
2026-01-01T00:03:46.375000Z,q0018,sleep mask
2026-01-01T00:03:46.625000Z,q0978,premium denim jeans
2026-01-01T00:03:46.875000Z,q0529,Alder wool jumper
2026-01-01T00:03:47.125000Z,q0046,wooden puzzle
2026-01-01T00:03:47.375000Z,q0024,storage basket
2026-01-01T00:03:47.625000Z,q0675,Harbour sticky notes
2026-01-01T00:03:47.875000Z,q0021,desk lamp
2026-01-01T00:03:48.125000Z,q0023,bath towel
2026-01-01T00:03:48.375000Z,q0022,cotton bedding
2026-01-01T00:03:48.625000Z,q0671,Harbour notebook
2026-01-01T00:03:48.875000Z,q0026,cordless drill
2026-01-01T00:03:49.125000Z,q0481,white steel saucepan
2026-01-01T00:03:49.375000Z,q0033,cutlery set
2026-01-01T00:03:49.625000Z,q0504,white smart watch
2026-01-01T00:03:49.875000Z,q0050,toy train
2026-01-01T00:03:50.125000Z,q0639,Harbour slippers
2026-01-01T00:03:50.375000Z,q0146,black notebook
2026-01-01T00:03:50.625000Z,q0324,grey storage basket
2026-01-01T00:03:50.875000Z,q0036,running shoes
2026-01-01T00:03:51.125000Z,q1000,archived lunar model 20
2026-01-01T00:03:51.375000Z,q0040,leather shoes
2026-01-01T00:03:51.625000Z,q0045,running shorts
2026-01-01T00:03:51.875000Z,q0007,shampoo
2026-01-01T00:03:52.125000Z,q0023,bath towel
2026-01-01T00:03:52.375000Z,q0276,green wireless headphones
2026-01-01T00:03:52.625000Z,q0038,sandals
2026-01-01T00:03:52.875000Z,q0035,glass storage jar
2026-01-01T00:03:53.125000Z,q0018,sleep mask
2026-01-01T00:03:53.375000Z,q0042,football
2026-01-01T00:03:53.625000Z,q0033,cutlery set
2026-01-01T00:03:53.875000Z,q0049,craft kit
2026-01-01T00:03:54.125000Z,q0401,red cordless drill
2026-01-01T00:03:54.375000Z,q0014,gardening book
2026-01-01T00:03:54.625000Z,q0042,football
2026-01-01T00:03:54.875000Z,q0466,white vitamin tablets
2026-01-01T00:03:55.125000Z,q0001,cotton shirt
2026-01-01T00:03:55.375000Z,q0027,paint brush
2026-01-01T00:03:55.625000Z,q0163,blue children storybook
2026-01-01T00:03:55.875000Z,q0040,leather shoes
2026-01-01T00:03:56.125000Z,q0042,football
2026-01-01T00:03:56.375000Z,q0253,green tool box
2026-01-01T00:03:56.625000Z,q0037,walking boots
2026-01-01T00:03:56.875000Z,q0047,building blocks
2026-01-01T00:03:57.125000Z,q0042,football
2026-01-01T00:03:57.375000Z,q0551,Alder cordless drill
2026-01-01T00:03:57.625000Z,q0034,chopping board
2026-01-01T00:03:57.875000Z,q0045,running shorts
2026-01-01T00:03:58.125000Z,q0021,desk lamp
2026-01-01T00:03:58.375000Z,q0214,blue pruning shears
2026-01-01T00:03:58.625000Z,q0464,white gardening book
2026-01-01T00:03:58.875000Z,q0004,wool jumper
2026-01-01T00:03:59.125000Z,q0002,linen dress
2026-01-01T00:03:59.375000Z,q0027,paint brush
2026-01-01T00:03:59.625000Z,q0036,running shoes
2026-01-01T00:03:59.875000Z,q0011,cookbook
2026-01-01T00:04:00.125000Z,q0672,Harbour ballpoint pens
2026-01-01T00:04:00.375000Z,q0031,steel saucepan
2026-01-01T00:04:00.625000Z,q0045,running shorts
2026-01-01T00:04:00.875000Z,q0045,running shorts
2026-01-01T00:04:01.125000Z,q0010,sunscreen
2026-01-01T00:04:01.375000Z,q0191,blue yoga mat
2026-01-01T00:04:01.625000Z,q0048,plush bear
2026-01-01T00:04:01.875000Z,q0436,red garden gloves
2026-01-01T00:04:02.125000Z,q0016,vitamin tablets
2026-01-01T00:04:02.375000Z,q0035,glass storage jar
2026-01-01T00:04:02.625000Z,q0036,running shoes
2026-01-01T00:04:02.875000Z,q0039,slippers
2026-01-01T00:04:03.125000Z,q0014,gardening book
2026-01-01T00:04:03.375000Z,q0885,cotton olive oil
2026-01-01T00:04:03.625000Z,q0230,green rain jacket
2026-01-01T00:04:03.875000Z,q0008,hand cream
2026-01-01T00:04:04.125000Z,q0116,black yoga mat
2026-01-01T00:04:04.375000Z,q0048,plush bear
2026-01-01T00:04:04.625000Z,q0046,wooden puzzle
2026-01-01T00:04:04.875000Z,q0872,cotton building blocks
2026-01-01T00:04:05.125000Z,q0028,tool box
2026-01-01T00:04:05.375000Z,q0430,red usb c charger
2026-01-01T00:04:05.625000Z,q0032,ceramic mug
2026-01-01T00:04:05.875000Z,q0058,herbal tea
2026-01-01T00:04:06.125000Z,q0164,blue gardening book
2026-01-01T00:04:06.375000Z,q0001,cotton shirt
2026-01-01T00:04:06.625000Z,q0208,blue herbal tea
2026-01-01T00:04:06.875000Z,q0005,rain jacket
2026-01-01T00:04:07.125000Z,q0050,toy train
2026-01-01T00:04:07.375000Z,q0620,Harbour electric toothbrush
2026-01-01T00:04:07.625000Z,q0029,wall shelf
2026-01-01T00:04:07.875000Z,q0027,paint brush
2026-01-01T00:04:08.125000Z,q0022,cotton bedding
2026-01-01T00:04:08.375000Z,q0046,wooden puzzle
2026-01-01T00:04:08.625000Z,q0439,red pruning shears
2026-01-01T00:04:08.875000Z,q0009,body wash
2026-01-01T00:04:09.125000Z,q0003,denim jeans
2026-01-01T00:04:09.375000Z,q0021,desk lamp
2026-01-01T00:04:09.625000Z,q0796,Vela wooden puzzle
2026-01-01T00:04:09.875000Z,q0014,gardening book
2026-01-01T00:04:10.125000Z,q0023,bath towel
2026-01-01T00:04:10.375000Z,q0037,walking boots
2026-01-01T00:04:10.625000Z,q0909,recycled body wash
2026-01-01T00:04:10.875000Z,q0007,shampoo
2026-01-01T00:04:11.125000Z,q0032,ceramic mug
2026-01-01T00:04:11.375000Z,q0004,wool jumper
2026-01-01T00:04:11.625000Z,q0735,Linden olive oil
2026-01-01T00:04:11.875000Z,q0010,sunscreen
2026-01-01T00:04:12.125000Z,q0004,wool jumper
2026-01-01T00:04:12.375000Z,q0050,toy train
2026-01-01T00:04:12.625000Z,q0019,heat pad
2026-01-01T00:04:12.875000Z,q0014,gardening book
2026-01-01T00:04:13.100000Z,q0713,Linden sandals
2026-01-01T00:04:13.300000Z,q0020,electric toothbrush
2026-01-01T00:04:13.500000Z,q0025,throw blanket
2026-01-01T00:04:13.700000Z,q0308,grey hand cream
2026-01-01T00:04:13.900000Z,q0028,tool box
2026-01-01T00:04:14.100000Z,q0937,recycled walking boots
2026-01-01T00:04:14.300000Z,q0153,blue denim jeans
2026-01-01T00:04:14.500000Z,q0913,recycled children storybook
2026-01-01T00:04:14.700000Z,q0027,paint brush
2026-01-01T00:04:14.900000Z,q0033,cutlery set
2026-01-01T00:04:15.100000Z,q0037,walking boots
2026-01-01T00:04:15.300000Z,q0048,plush bear
2026-01-01T00:04:15.500000Z,q0039,slippers
2026-01-01T00:04:15.700000Z,q0655,Harbour usb c charger
2026-01-01T00:04:15.900000Z,q0035,glass storage jar
2026-01-01T00:04:16.100000Z,q0007,shampoo
2026-01-01T00:04:16.300000Z,q0547,Alder cotton bedding
2026-01-01T00:04:16.500000Z,q0001,cotton shirt
2026-01-01T00:04:16.700000Z,q0050,toy train
2026-01-01T00:04:16.900000Z,q0043,water bottle
2026-01-01T00:04:17.100000Z,q0029,wall shelf
2026-01-01T00:04:17.300000Z,q0946,recycled wooden puzzle
2026-01-01T00:04:17.500000Z,q0033,cutlery set
2026-01-01T00:04:17.700000Z,q0914,recycled gardening book
2026-01-01T00:04:17.900000Z,q0467,white first aid kit
2026-01-01T00:04:18.100000Z,q0011,cookbook
2026-01-01T00:04:18.300000Z,q0022,cotton bedding
2026-01-01T00:04:18.500000Z,q0290,green solar lights
2026-01-01T00:04:18.700000Z,q0003,denim jeans
2026-01-01T00:04:18.900000Z,q0006,face moisturiser
2026-01-01T00:04:19.100000Z,q0008,hand cream
2026-01-01T00:04:19.300000Z,q0038,sandals
2026-01-01T00:04:19.500000Z,q0046,wooden puzzle
2026-01-01T00:04:19.700000Z,q0008,hand cream
2026-01-01T00:04:19.900000Z,q0595,Alder pet blanket
2026-01-01T00:04:20.100000Z,q0598,Alder desk organiser
2026-01-01T00:04:20.300000Z,q0031,steel saucepan
2026-01-01T00:04:20.500000Z,q0028,tool box
2026-01-01T00:04:20.700000Z,q0036,running shoes
2026-01-01T00:04:20.900000Z,q0451,white cotton shirt
2026-01-01T00:04:21.100000Z,q0018,sleep mask
2026-01-01T00:04:21.300000Z,q0036,running shoes
2026-01-01T00:04:21.500000Z,q0540,Alder crime novel
2026-01-01T00:04:21.700000Z,q0013,children storybook
2026-01-01T00:04:21.900000Z,q0186,blue running shoes
2026-01-01T00:04:22.100000Z,q0307,grey shampoo
2026-01-01T00:04:22.300000Z,q0008,hand cream
2026-01-01T00:04:22.500000Z,q0010,sunscreen
2026-01-01T00:04:22.700000Z,q0049,craft kit
2026-01-01T00:04:22.900000Z,q0046,wooden puzzle
2026-01-01T00:04:23.100000Z,q0263,green sandals
2026-01-01T00:04:23.300000Z,q0028,tool box
2026-01-01T00:04:23.500000Z,q0024,storage basket
2026-01-01T00:04:23.700000Z,q0011,cookbook
2026-01-01T00:04:23.900000Z,q0833,cotton hand cream
2026-01-01T00:04:24.100000Z,q0031,steel saucepan
2026-01-01T00:04:24.300000Z,q0005,rain jacket
2026-01-01T00:04:24.500000Z,q0015,crime novel
2026-01-01T00:04:24.700000Z,q0420,red running shorts
2026-01-01T00:04:24.900000Z,q0006,face moisturiser
2026-01-01T00:04:25.100000Z,q0009,body wash
2026-01-01T00:04:25.300000Z,q0050,toy train
2026-01-01T00:04:25.500000Z,q0880,cotton usb c charger
2026-01-01T00:04:25.700000Z,q0022,cotton bedding
2026-01-01T00:04:25.900000Z,q0036,running shoes
2026-01-01T00:04:26.100000Z,q0027,paint brush
2026-01-01T00:04:26.300000Z,q0384,red body wash
2026-01-01T00:04:26.500000Z,q0790,Vela leather shoes
2026-01-01T00:04:26.700000Z,q0043,water bottle
2026-01-01T00:04:26.900000Z,q0918,recycled sleep mask
2026-01-01T00:04:27.100000Z,q0461,white cookbook
2026-01-01T00:04:27.300000Z,q0028,tool box
2026-01-01T00:04:27.500000Z,q0012,travel guide
2026-01-01T00:04:27.700000Z,q0020,electric toothbrush
2026-01-01T00:04:27.900000Z,q0037,walking boots
2026-01-01T00:04:28.100000Z,q0121,black wooden puzzle
2026-01-01T00:04:28.300000Z,q0035,glass storage jar
2026-01-01T00:04:28.500000Z,q0285,green olive oil
2026-01-01T00:04:28.700000Z,q0050,toy train
2026-01-01T00:04:28.900000Z,q0017,first aid kit
2026-01-01T00:04:29.100000Z,q0147,black ballpoint pens
2026-01-01T00:04:29.300000Z,q0027,paint brush
2026-01-01T00:04:29.500000Z,q0005,rain jacket
2026-01-01T00:04:29.700000Z,q0203,blue tablet
2026-01-01T00:04:29.900000Z,q0008,hand cream
2026-01-01T00:04:30.100000Z,q0367,grey cat toy
2026-01-01T00:04:30.300000Z,q0006,face moisturiser
2026-01-01T00:04:30.500000Z,q0526,Alder cotton shirt
2026-01-01T00:04:30.700000Z,q0006,face moisturiser
2026-01-01T00:04:30.900000Z,q0357,grey ground coffee
2026-01-01T00:04:31.100000Z,q0437,red watering can
2026-01-01T00:04:31.300000Z,q0043,water bottle
2026-01-01T00:04:31.500000Z,q0710,Linden glass storage jar
2026-01-01T00:04:31.700000Z,q0029,wall shelf
2026-01-01T00:04:31.900000Z,q0034,chopping board
2026-01-01T00:04:32.100000Z,q0043,water bottle
2026-01-01T00:04:32.300000Z,q0040,leather shoes
2026-01-01T00:04:32.500000Z,q0026,cordless drill
2026-01-01T00:04:32.700000Z,q0025,throw blanket
2026-01-01T00:04:32.900000Z,q0029,wall shelf
2026-01-01T00:04:33.100000Z,q0047,building blocks
2026-01-01T00:04:33.300000Z,q0015,crime novel
2026-01-01T00:04:33.500000Z,q0008,hand cream
2026-01-01T00:04:33.700000Z,q0036,running shoes
2026-01-01T00:04:33.900000Z,q0001,cotton shirt
2026-01-01T00:04:34.100000Z,q0004,wool jumper
2026-01-01T00:04:34.300000Z,q0010,sunscreen
2026-01-01T00:04:34.500000Z,q0811,Vela garden gloves
2026-01-01T00:04:34.700000Z,q0022,cotton bedding
2026-01-01T00:04:34.900000Z,q0804,Vela smart watch
2026-01-01T00:04:35.083000Z,q0017,first aid kit
2026-01-01T00:04:35.250000Z,q0062,watering can
2026-01-01T00:04:35.417000Z,q0019,heat pad
2026-01-01T00:04:35.583000Z,q0009,body wash
2026-01-01T00:04:35.750000Z,q0004,wool jumper
2026-01-01T00:04:35.917000Z,q0018,sleep mask
2026-01-01T00:04:36.083000Z,q0554,Alder wall shelf
2026-01-01T00:04:36.250000Z,q0040,leather shoes
2026-01-01T00:04:36.417000Z,q0001,cotton shirt
2026-01-01T00:04:36.583000Z,q0004,wool jumper
2026-01-01T00:04:36.750000Z,q0192,blue football
2026-01-01T00:04:36.917000Z,q0033,cutlery set
2026-01-01T00:04:37.083000Z,q0024,storage basket
2026-01-01T00:04:37.250000Z,q0013,children storybook
2026-01-01T00:04:37.417000Z,q0005,rain jacket
2026-01-01T00:04:37.583000Z,q0015,crime novel
2026-01-01T00:04:37.750000Z,q0382,red shampoo
2026-01-01T00:04:37.917000Z,q0024,storage basket
2026-01-01T00:04:38.083000Z,q0017,first aid kit
2026-01-01T00:04:38.250000Z,q0025,throw blanket
2026-01-01T00:04:38.417000Z,q0980,premium rain jacket
2026-01-01T00:04:38.583000Z,q0050,toy train
2026-01-01T00:04:38.750000Z,q0797,Vela building blocks
2026-01-01T00:04:38.917000Z,q0366,grey dog lead
2026-01-01T00:04:39.083000Z,q0047,building blocks
2026-01-01T00:04:39.250000Z,q0013,children storybook
2026-01-01T00:04:39.417000Z,q0547,Alder cotton bedding
2026-01-01T00:04:39.583000Z,q0023,bath towel
2026-01-01T00:04:39.750000Z,q0508,white herbal tea
2026-01-01T00:04:39.917000Z,q0712,Linden walking boots
2026-01-01T00:04:40.083000Z,q0015,crime novel
2026-01-01T00:04:40.250000Z,q0965,recycled solar lights
2026-01-01T00:04:40.417000Z,q0796,Vela wooden puzzle
2026-01-01T00:04:40.583000Z,q0019,heat pad
2026-01-01T00:04:40.750000Z,q0933,recycled cutlery set
2026-01-01T00:04:40.917000Z,q0022,cotton bedding
2026-01-01T00:04:41.083000Z,q0029,wall shelf
2026-01-01T00:04:41.250000Z,q0030,work gloves
2026-01-01T00:04:41.417000Z,q0240,green crime novel
2026-01-01T00:04:41.583000Z,q0004,wool jumper
2026-01-01T00:04:41.750000Z,q0491,white yoga mat
2026-01-01T00:04:41.917000Z,q0017,first aid kit
2026-01-01T00:04:42.083000Z,q0576,Alder wireless headphones
2026-01-01T00:04:42.250000Z,q0628,Harbour tool box
2026-01-01T00:04:42.417000Z,q0046,wooden puzzle
2026-01-01T00:04:42.583000Z,q0028,tool box
2026-01-01T00:04:42.750000Z,q0013,children storybook
2026-01-01T00:04:42.917000Z,q0044,resistance bands
2026-01-01T00:04:43.083000Z,q0023,bath towel
2026-01-01T00:04:43.250000Z,q0047,building blocks
2026-01-01T00:04:43.417000Z,q0035,glass storage jar
2026-01-01T00:04:43.583000Z,q0024,storage basket
2026-01-01T00:04:43.750000Z,q0033,cutlery set
2026-01-01T00:04:43.917000Z,q0146,black notebook
2026-01-01T00:04:44.083000Z,q0041,yoga mat
2026-01-01T00:04:44.250000Z,q0040,leather shoes
2026-01-01T00:04:44.417000Z,q0039,slippers
2026-01-01T00:04:44.583000Z,q0046,wooden puzzle
2026-01-01T00:04:44.750000Z,q0044,resistance bands
2026-01-01T00:04:44.917000Z,q0132,black ground coffee
2026-01-01T00:04:45.083000Z,q0014,gardening book
2026-01-01T00:04:45.250000Z,q0037,walking boots
2026-01-01T00:04:45.417000Z,q0076,black cotton shirt
2026-01-01T00:04:45.583000Z,q0005,rain jacket
2026-01-01T00:04:45.750000Z,q0006,face moisturiser
2026-01-01T00:04:45.917000Z,q0871,cotton wooden puzzle
2026-01-01T00:04:46.083000Z,q0001,cotton shirt
2026-01-01T00:04:46.250000Z,q0828,cotton denim jeans
2026-01-01T00:04:46.417000Z,q0012,travel guide
2026-01-01T00:04:46.583000Z,q0001,cotton shirt
2026-01-01T00:04:46.750000Z,q0020,electric toothbrush
2026-01-01T00:04:46.917000Z,q0045,running shorts
2026-01-01T00:04:47.083000Z,q0020,electric toothbrush
2026-01-01T00:04:47.250000Z,q0958,recycled herbal tea
2026-01-01T00:04:47.417000Z,q0004,wool jumper
2026-01-01T00:04:47.583000Z,q0089,black gardening book
2026-01-01T00:04:47.750000Z,q0163,blue children storybook
2026-01-01T00:04:47.917000Z,q0006,face moisturiser
2026-01-01T00:04:48.083000Z,q0001,cotton shirt
2026-01-01T00:04:48.250000Z,q0340,grey leather shoes
2026-01-01T00:04:48.417000Z,q0037,walking boots
2026-01-01T00:04:48.583000Z,q0046,wooden puzzle
2026-01-01T00:04:48.750000Z,q0035,glass storage jar
2026-01-01T00:04:48.917000Z,q0727,Linden bluetooth speaker
2026-01-01T00:04:49.083000Z,q0015,crime novel
2026-01-01T00:04:49.250000Z,q0032,ceramic mug
2026-01-01T00:04:49.417000Z,q0965,recycled solar lights
2026-01-01T00:04:49.583000Z,q0018,sleep mask
2026-01-01T00:04:49.750000Z,q0024,storage basket
2026-01-01T00:04:49.917000Z,q0001,cotton shirt
2026-01-01T00:04:50.083000Z,q0371,grey notebook
2026-01-01T00:04:50.250000Z,q0041,yoga mat
2026-01-01T00:04:50.417000Z,q0001,cotton shirt
2026-01-01T00:04:50.583000Z,q0023,bath towel
2026-01-01T00:04:50.750000Z,q0976,premium cotton shirt
2026-01-01T00:04:50.917000Z,q0002,linen dress
2026-01-01T00:04:51.083000Z,q0046,wooden puzzle
2026-01-01T00:04:51.250000Z,q0040,leather shoes
2026-01-01T00:04:51.417000Z,q0018,sleep mask
2026-01-01T00:04:51.583000Z,q0046,wooden puzzle
2026-01-01T00:04:51.750000Z,q0059,pasta sauce
2026-01-01T00:04:51.917000Z,q0020,electric toothbrush
2026-01-01T00:04:52.083000Z,q0042,football
2026-01-01T00:04:52.250000Z,q0015,crime novel
2026-01-01T00:04:52.417000Z,q0050,toy train
2026-01-01T00:04:52.583000Z,q0457,white shampoo
2026-01-01T00:04:52.750000Z,q0024,storage basket
2026-01-01T00:04:52.917000Z,q0022,cotton bedding
2026-01-01T00:04:53.071000Z,q0025,throw blanket
2026-01-01T00:04:53.214000Z,q0013,children storybook
2026-01-01T00:04:53.357000Z,q0353,grey tablet
2026-01-01T00:04:53.500000Z,q0017,first aid kit
2026-01-01T00:04:53.643000Z,q0019,heat pad
2026-01-01T00:04:53.786000Z,q0046,wooden puzzle
2026-01-01T00:04:53.929000Z,q0036,running shoes
2026-01-01T00:04:54.071000Z,q0035,glass storage jar
2026-01-01T00:04:54.214000Z,q0034,chopping board
2026-01-01T00:04:54.357000Z,q0014,gardening book
2026-01-01T00:04:54.500000Z,q0024,storage basket
2026-01-01T00:04:54.643000Z,q0049,craft kit
2026-01-01T00:04:54.786000Z,q0002,linen dress
2026-01-01T00:04:54.929000Z,q0016,vitamin tablets
2026-01-01T00:04:55.071000Z,q0104,black wall shelf
2026-01-01T00:04:55.214000Z,q0008,hand cream
2026-01-01T00:04:55.357000Z,q0524,white sketch pad
2026-01-01T00:04:55.500000Z,q0045,running shorts
2026-01-01T00:04:55.643000Z,q0048,plush bear
2026-01-01T00:04:55.786000Z,q0009,body wash
2026-01-01T00:04:55.929000Z,q0023,bath towel
2026-01-01T00:04:56.071000Z,q0043,water bottle
2026-01-01T00:04:56.214000Z,q0035,glass storage jar
2026-01-01T00:04:56.357000Z,q0370,grey pet blanket
2026-01-01T00:04:56.500000Z,q0402,red paint brush
2026-01-01T00:04:56.643000Z,q0129,black smart watch
2026-01-01T00:04:56.786000Z,q0019,heat pad
2026-01-01T00:04:56.929000Z,q0032,ceramic mug
2026-01-01T00:04:57.071000Z,q0451,white cotton shirt
2026-01-01T00:04:57.214000Z,q0266,green yoga mat
2026-01-01T00:04:57.357000Z,q0844,cotton heat pad
2026-01-01T00:04:57.500000Z,q0622,Harbour cotton bedding
2026-01-01T00:04:57.643000Z,q0001,cotton shirt
2026-01-01T00:04:57.786000Z,q0009,body wash
2026-01-01T00:04:57.929000Z,q0012,travel guide
2026-01-01T00:04:58.071000Z,q0044,resistance bands
2026-01-01T00:04:58.214000Z,q0156,blue face moisturiser
2026-01-01T00:04:58.357000Z,q0039,slippers
2026-01-01T00:04:58.500000Z,q0042,football
2026-01-01T00:04:58.643000Z,q0049,craft kit
2026-01-01T00:04:58.786000Z,q0013,children storybook
2026-01-01T00:04:58.929000Z,q0049,craft kit
2026-01-01T00:04:59.071000Z,q0183,blue cutlery set
2026-01-01T00:04:59.214000Z,q0411,red running shoes
2026-01-01T00:04:59.357000Z,q0031,steel saucepan
2026-01-01T00:04:59.500000Z,q0042,football
2026-01-01T00:04:59.643000Z,q0049,craft kit
2026-01-01T00:04:59.786000Z,q0020,electric toothbrush
2026-01-01T00:04:59.929000Z,q0009,body wash
2026-01-01T00:05:00.071000Z,q0002,linen dress
2026-01-01T00:05:00.214000Z,q0015,crime novel
2026-01-01T00:05:00.357000Z,q0011,cookbook
2026-01-01T00:05:00.500000Z,q0100,black throw blanket
2026-01-01T00:05:00.643000Z,q0037,walking boots
2026-01-01T00:05:00.786000Z,q0019,heat pad
2026-01-01T00:05:00.929000Z,q0049,craft kit
2026-01-01T00:05:01.071000Z,q0005,rain jacket
2026-01-01T00:05:01.214000Z,q0215,blue solar lights
2026-01-01T00:05:01.357000Z,q0041,yoga mat
2026-01-01T00:05:01.500000Z,q0034,chopping board
2026-01-01T00:05:01.643000Z,q0043,water bottle
2026-01-01T00:05:01.786000Z,q0039,slippers
2026-01-01T00:05:01.929000Z,q0035,glass storage jar
2026-01-01T00:05:02.071000Z,q0935,recycled glass storage jar
2026-01-01T00:05:02.214000Z,q0017,first aid kit
2026-01-01T00:05:02.357000Z,q0019,heat pad
2026-01-01T00:05:02.500000Z,q0788,Vela sandals
2026-01-01T00:05:02.643000Z,q0337,grey walking boots
2026-01-01T00:05:02.786000Z,q0026,cordless drill
2026-01-01T00:05:02.929000Z,q0041,yoga mat
2026-01-01T00:05:03.071000Z,q0044,resistance bands
2026-01-01T00:05:03.214000Z,q0150,black sticky notes
2026-01-01T00:05:03.357000Z,q0006,face moisturiser
2026-01-01T00:05:03.500000Z,q0200,blue toy train
2026-01-01T00:05:03.643000Z,q0036,running shoes
2026-01-01T00:05:03.786000Z,q0593,Alder pet bowl
2026-01-01T00:05:03.929000Z,q0130,black usb c charger
2026-01-01T00:05:04.071000Z,q0033,cutlery set
2026-01-01T00:05:04.214000Z,q0932,recycled ceramic mug
2026-01-01T00:05:04.357000Z,q0030,work gloves
2026-01-01T00:05:04.500000Z,q0162,blue travel guide
2026-01-01T00:05:04.643000Z,q0037,walking boots
2026-01-01T00:05:04.786000Z,q0048,plush bear
2026-01-01T00:05:04.929000Z,q0039,slippers
2026-01-01T00:05:05.071000Z,q0023,bath towel
2026-01-01T00:05:05.214000Z,q0008,hand cream
2026-01-01T00:05:05.357000Z,q0284,green pasta sauce
2026-01-01T00:05:05.500000Z,q0173,blue bath towel
2026-01-01T00:05:05.643000Z,q0043,water bottle
2026-01-01T00:05:05.786000Z,q0074,sketch pad
2026-01-01T00:05:05.929000Z,q0536,Alder cookbook
2026-01-01T00:05:06.071000Z,q0048,plush bear
2026-01-01T00:05:06.214000Z,q0095,black electric toothbrush
2026-01-01T00:05:06.357000Z,q0040,leather shoes
2026-01-01T00:05:06.500000Z,q0028,tool box
2026-01-01T00:05:06.643000Z,q0038,sandals
2026-01-01T00:05:06.786000Z,q0876,cotton wireless headphones
2026-01-01T00:05:06.929000Z,q0019,heat pad
2026-01-01T00:05:07.071000Z,q0025,throw blanket
2026-01-01T00:05:07.214000Z,q0032,ceramic mug
2026-01-01T00:05:07.357000Z,q0806,Vela breakfast oats
2026-01-01T00:05:07.500000Z,q0668,Harbour pet bowl
2026-01-01T00:05:07.643000Z,q0011,cookbook
2026-01-01T00:05:07.786000Z,q0030,work gloves
2026-01-01T00:05:07.929000Z,q0822,Vela ballpoint pens
2026-01-01T00:05:08.062000Z,q0011,cookbook
2026-01-01T00:05:08.188000Z,q0020,electric toothbrush
2026-01-01T00:05:08.312000Z,q0012,travel guide
2026-01-01T00:05:08.438000Z,q0742,Linden cat toy
2026-01-01T00:05:08.562000Z,q0012,travel guide
2026-01-01T00:05:08.688000Z,q0394,red heat pad
2026-01-01T00:05:08.812000Z,q0895,cotton pet blanket
2026-01-01T00:05:08.938000Z,q0007,shampoo
2026-01-01T00:05:09.062000Z,q0044,resistance bands
2026-01-01T00:05:09.188000Z,q0024,storage basket
2026-01-01T00:05:09.312000Z,q0021,desk lamp
2026-01-01T00:05:09.438000Z,q0029,wall shelf
2026-01-01T00:05:09.562000Z,q0038,sandals
2026-01-01T00:05:09.688000Z,q0048,plush bear
2026-01-01T00:05:09.812000Z,q0008,hand cream
2026-01-01T00:05:09.938000Z,q0012,travel guide
2026-01-01T00:05:10.062000Z,q0031,steel saucepan
2026-01-01T00:05:10.188000Z,q0041,yoga mat
2026-01-01T00:05:10.312000Z,q0048,plush bear
2026-01-01T00:05:10.438000Z,q0033,cutlery set
2026-01-01T00:05:10.562000Z,q0052,bluetooth speaker
2026-01-01T00:05:10.688000Z,q0042,football
2026-01-01T00:05:10.812000Z,q0149,black sketch pad
2026-01-01T00:05:10.938000Z,q0021,desk lamp
2026-01-01T00:05:11.062000Z,q0032,ceramic mug
2026-01-01T00:05:11.188000Z,q0050,toy train
2026-01-01T00:05:11.312000Z,q0006,face moisturiser
2026-01-01T00:05:11.438000Z,q0036,running shoes
2026-01-01T00:05:11.562000Z,q0009,body wash
2026-01-01T00:05:11.688000Z,q0021,desk lamp
2026-01-01T00:05:11.812000Z,q0041,yoga mat
2026-01-01T00:05:11.938000Z,q0005,rain jacket
2026-01-01T00:05:12.062000Z,q0047,building blocks
2026-01-01T00:05:12.188000Z,q0770,Vela electric toothbrush
2026-01-01T00:05:12.312000Z,q0043,water bottle
2026-01-01T00:05:12.438000Z,q0019,heat pad
2026-01-01T00:05:12.562000Z,q0012,travel guide
2026-01-01T00:05:12.688000Z,q0007,shampoo
2026-01-01T00:05:12.812000Z,q0617,Harbour first aid kit
2026-01-01T00:05:12.938000Z,q0510,white olive oil
2026-01-01T00:05:13.062000Z,q0872,cotton building blocks
2026-01-01T00:05:13.188000Z,q0048,plush bear
2026-01-01T00:05:13.312000Z,q0775,Vela throw blanket
2026-01-01T00:05:13.438000Z,q0023,bath towel
2026-01-01T00:05:13.562000Z,q0807,Vela ground coffee
2026-01-01T00:05:13.688000Z,q0950,recycled toy train
2026-01-01T00:05:13.812000Z,q0031,steel saucepan
2026-01-01T00:05:13.938000Z,q0039,slippers
2026-01-01T00:05:14.062000Z,q0023,bath towel
2026-01-01T00:05:14.188000Z,q0582,Alder ground coffee
2026-01-01T00:05:14.312000Z,q0460,white sunscreen
2026-01-01T00:05:14.438000Z,q0856,cotton steel saucepan
2026-01-01T00:05:14.562000Z,q0021,desk lamp
2026-01-01T00:05:14.688000Z,q0002,linen dress
2026-01-01T00:05:14.812000Z,q0042,football
2026-01-01T00:05:14.938000Z,q0032,ceramic mug
2026-01-01T00:05:15.062000Z,q0020,electric toothbrush
2026-01-01T00:05:15.188000Z,q0025,throw blanket
2026-01-01T00:05:15.312000Z,q0014,gardening book
2026-01-01T00:05:15.438000Z,q0014,gardening book
2026-01-01T00:05:15.562000Z,q0022,cotton bedding
2026-01-01T00:05:15.688000Z,q0007,shampoo
2026-01-01T00:05:15.812000Z,q0575,Alder toy train
2026-01-01T00:05:15.938000Z,q0046,wooden puzzle
2026-01-01T00:05:16.062000Z,q0037,walking boots
2026-01-01T00:05:16.188000Z,q0914,recycled gardening book
2026-01-01T00:05:16.312000Z,q0049,craft kit
2026-01-01T00:05:16.438000Z,q0585,Alder olive oil
2026-01-01T00:05:16.562000Z,q0033,cutlery set
2026-01-01T00:05:16.688000Z,q0016,vitamin tablets
2026-01-01T00:05:16.812000Z,q0011,cookbook
2026-01-01T00:05:16.938000Z,q0028,tool box
2026-01-01T00:05:17.062000Z,q0770,Vela electric toothbrush
2026-01-01T00:05:17.188000Z,q0041,yoga mat
2026-01-01T00:05:17.312000Z,q0018,sleep mask
2026-01-01T00:05:17.438000Z,q0042,football
2026-01-01T00:05:17.562000Z,q0019,heat pad
2026-01-01T00:05:17.688000Z,q0012,travel guide
2026-01-01T00:05:17.812000Z,q0037,walking boots
2026-01-01T00:05:17.938000Z,q0672,Harbour ballpoint pens
2026-01-01T00:05:18.062000Z,q0001,cotton shirt
2026-01-01T00:05:18.188000Z,q0625,Harbour throw blanket
2026-01-01T00:05:18.312000Z,q0049,craft kit
2026-01-01T00:05:18.438000Z,q0047,building blocks
2026-01-01T00:05:18.562000Z,q0043,water bottle
2026-01-01T00:05:18.688000Z,q0020,electric toothbrush
2026-01-01T00:05:18.812000Z,q0024,storage basket
2026-01-01T00:05:18.938000Z,q0520,white pet blanket
2026-01-01T00:05:19.062000Z,q0094,black heat pad
2026-01-01T00:05:19.188000Z,q0484,white chopping board
2026-01-01T00:05:19.312000Z,q0528,Alder denim jeans
2026-01-01T00:05:19.438000Z,q0001,cotton shirt
2026-01-01T00:05:19.562000Z,q0046,wooden puzzle
2026-01-01T00:05:19.688000Z,q0952,recycled bluetooth speaker
2026-01-01T00:05:19.812000Z,q0013,children storybook
2026-01-01T00:05:19.938000Z,q0001,cotton shirt
2026-01-01T00:05:20.062000Z,q0019,heat pad
2026-01-01T00:05:20.188000Z,q0038,sandals
2026-01-01T00:05:20.312000Z,q0027,paint brush
2026-01-01T00:05:20.438000Z,q0026,cordless drill
2026-01-01T00:05:20.562000Z,q0021,desk lamp
2026-01-01T00:05:20.688000Z,q0021,desk lamp
2026-01-01T00:05:20.812000Z,q0600,Alder sticky notes
2026-01-01T00:05:20.938000Z,q0481,white steel saucepan
2026-01-01T00:05:21.062000Z,q0044,resistance bands
2026-01-01T00:05:21.188000Z,q0212,blue watering can
2026-01-01T00:05:21.312000Z,q0030,work gloves
2026-01-01T00:05:21.438000Z,q0014,gardening book
2026-01-01T00:05:21.562000Z,q0037,walking boots
2026-01-01T00:05:21.688000Z,q0002,linen dress
2026-01-01T00:05:21.812000Z,q0017,first aid kit
2026-01-01T00:05:21.938000Z,q0037,walking boots
2026-01-01T00:05:22.062000Z,q0015,crime novel
2026-01-01T00:05:22.188000Z,q0039,slippers
2026-01-01T00:05:22.312000Z,q0006,face moisturiser
2026-01-01T00:05:22.438000Z,q0021,desk lamp
2026-01-01T00:05:22.562000Z,q0013,children storybook
2026-01-01T00:05:22.688000Z,q0010,sunscreen
2026-01-01T00:05:22.812000Z,q0019,heat pad
2026-01-01T00:05:22.938000Z,q0642,Harbour football
2026-01-01T00:05:23.062000Z,q0047,building blocks
2026-01-01T00:05:23.188000Z,q0042,football
2026-01-01T00:05:23.312000Z,q0037,walking boots
2026-01-01T00:05:23.438000Z,q0882,cotton ground coffee
2026-01-01T00:05:23.562000Z,q0049,craft kit
2026-01-01T00:05:23.688000Z,q0090,black crime novel
2026-01-01T00:05:23.812000Z,q0769,Vela heat pad
2026-01-01T00:05:23.938000Z,q0002,linen dress
2026-01-01T00:05:24.062000Z,q0566,Alder yoga mat
2026-01-01T00:05:24.188000Z,q0010,sunscreen
2026-01-01T00:05:24.312000Z,q0030,work gloves
2026-01-01T00:05:24.438000Z,q0005,rain jacket
2026-01-01T00:05:24.562000Z,q0014,gardening book
2026-01-01T00:05:24.688000Z,q0035,glass storage jar
2026-01-01T00:05:24.812000Z,q0798,Vela plush bear
2026-01-01T00:05:24.938000Z,q0006,face moisturiser
2026-01-01T00:05:25.062000Z,q0030,work gloves
2026-01-01T00:05:25.188000Z,q0024,storage basket
2026-01-01T00:05:25.312000Z,q0018,sleep mask
2026-01-01T00:05:25.438000Z,q0011,cookbook
2026-01-01T00:05:25.562000Z,q0385,red sunscreen
2026-01-01T00:05:25.688000Z,q0029,wall shelf
2026-01-01T00:05:25.812000Z,q0021,desk lamp
2026-01-01T00:05:25.938000Z,q0232,green shampoo
2026-01-01T00:05:26.056000Z,q0026,cordless drill
2026-01-01T00:05:26.167000Z,q0037,walking boots
2026-01-01T00:05:26.278000Z,q0037,walking boots
2026-01-01T00:05:26.389000Z,q0003,denim jeans
2026-01-01T00:05:26.500000Z,q0024,storage basket
2026-01-01T00:05:26.611000Z,q0019,heat pad
2026-01-01T00:05:26.722000Z,q0020,electric toothbrush
2026-01-01T00:05:26.833000Z,q0010,sunscreen
2026-01-01T00:05:26.944000Z,q0634,Harbour chopping board
2026-01-01T00:05:27.056000Z,q0003,denim jeans
2026-01-01T00:05:27.167000Z,q0496,white wooden puzzle
2026-01-01T00:05:27.278000Z,q0031,steel saucepan
2026-01-01T00:05:27.389000Z,q0119,black resistance bands
2026-01-01T00:05:27.500000Z,q0031,steel saucepan
2026-01-01T00:05:27.611000Z,q0046,wooden puzzle
2026-01-01T00:05:27.722000Z,q0003,denim jeans
2026-01-01T00:05:27.833000Z,q0026,cordless drill
2026-01-01T00:05:27.944000Z,q0033,cutlery set
2026-01-01T00:05:28.056000Z,q0023,bath towel
2026-01-01T00:05:28.167000Z,q0003,denim jeans
2026-01-01T00:05:28.278000Z,q0014,gardening book
2026-01-01T00:05:28.389000Z,q0098,black bath towel
2026-01-01T00:05:28.500000Z,q0531,Alder face moisturiser
2026-01-01T00:05:28.611000Z,q0187,blue walking boots
2026-01-01T00:05:28.722000Z,q0037,walking boots
2026-01-01T00:05:28.833000Z,q0025,throw blanket
2026-01-01T00:05:28.944000Z,q0284,green pasta sauce
2026-01-01T00:05:29.056000Z,q0024,storage basket
2026-01-01T00:05:29.167000Z,q0016,vitamin tablets
2026-01-01T00:05:29.278000Z,q0038,sandals
2026-01-01T00:05:29.389000Z,q0047,building blocks
2026-01-01T00:05:29.500000Z,q0039,slippers
2026-01-01T00:05:29.611000Z,q0002,linen dress
2026-01-01T00:05:29.722000Z,q0032,ceramic mug
2026-01-01T00:05:29.833000Z,q0009,body wash
2026-01-01T00:05:29.944000Z,q0003,denim jeans
2026-01-01T00:05:30.056000Z,q0371,grey notebook
2026-01-01T00:05:30.167000Z,q0046,wooden puzzle
2026-01-01T00:05:30.278000Z,q0049,craft kit
2026-01-01T00:05:30.389000Z,q0039,slippers
2026-01-01T00:05:30.500000Z,q0035,glass storage jar
2026-01-01T00:05:30.611000Z,q0653,Harbour tablet
2026-01-01T00:05:30.722000Z,q0038,sandals
2026-01-01T00:05:30.833000Z,q0029,wall shelf
2026-01-01T00:05:30.944000Z,q0454,white wool jumper
2026-01-01T00:05:31.056000Z,q0024,storage basket
2026-01-01T00:05:31.167000Z,q0047,building blocks
2026-01-01T00:05:31.278000Z,q0017,first aid kit
2026-01-01T00:05:31.389000Z,q0287,green watering can
2026-01-01T00:05:31.500000Z,q0047,building blocks
2026-01-01T00:05:31.611000Z,q0046,wooden puzzle
2026-01-01T00:05:31.722000Z,q0044,resistance bands
2026-01-01T00:05:31.833000Z,q0042,football
2026-01-01T00:05:31.944000Z,q0590,Alder solar lights
2026-01-01T00:05:32.056000Z,q0014,gardening book
2026-01-01T00:05:32.167000Z,q0004,wool jumper
2026-01-01T00:05:32.278000Z,q0030,work gloves
2026-01-01T00:05:32.389000Z,q0736,Linden garden gloves
2026-01-01T00:05:32.500000Z,q0758,Vela hand cream
2026-01-01T00:05:32.611000Z,q0025,throw blanket
2026-01-01T00:05:32.722000Z,q0019,heat pad
2026-01-01T00:05:32.833000Z,q0009,body wash
2026-01-01T00:05:32.944000Z,q0031,steel saucepan
2026-01-01T00:05:33.056000Z,q0040,leather shoes
2026-01-01T00:05:33.167000Z,q0008,hand cream
2026-01-01T00:05:33.278000Z,q0504,white smart watch
2026-01-01T00:05:33.389000Z,q0032,ceramic mug
2026-01-01T00:05:33.500000Z,q0582,Alder ground coffee
2026-01-01T00:05:33.611000Z,q0035,glass storage jar
2026-01-01T00:05:33.722000Z,q0575,Alder toy train
2026-01-01T00:05:33.833000Z,q0031,steel saucepan
2026-01-01T00:05:33.944000Z,q0013,children storybook
2026-01-01T00:05:34.056000Z,q0689,Linden gardening book
2026-01-01T00:05:34.167000Z,q0362,grey watering can
2026-01-01T00:05:34.278000Z,q0886,cotton garden gloves
2026-01-01T00:05:34.389000Z,q0235,green sunscreen
2026-01-01T00:05:34.500000Z,q0004,wool jumper
2026-01-01T00:05:34.611000Z,q0022,cotton bedding
2026-01-01T00:05:34.722000Z,q0016,vitamin tablets
2026-01-01T00:05:34.833000Z,q0546,Alder desk lamp
2026-01-01T00:05:34.944000Z,q0386,red cookbook
2026-01-01T00:05:35.056000Z,q0459,white body wash
2026-01-01T00:05:35.167000Z,q0006,face moisturiser
2026-01-01T00:05:35.278000Z,q0025,throw blanket
2026-01-01T00:05:35.389000Z,q0020,electric toothbrush
2026-01-01T00:05:35.500000Z,q0029,wall shelf
2026-01-01T00:05:35.611000Z,q0049,craft kit
2026-01-01T00:05:35.722000Z,q0815,Vela solar lights
2026-01-01T00:05:35.833000Z,q0015,crime novel
2026-01-01T00:05:35.944000Z,q0963,recycled plant pot
2026-01-01T00:05:36.056000Z,q0018,sleep mask
2026-01-01T00:05:36.167000Z,q0023,bath towel
2026-01-01T00:05:36.278000Z,q0894,cotton bird feeder
2026-01-01T00:05:36.389000Z,q0003,denim jeans
2026-01-01T00:05:36.500000Z,q0015,crime novel
2026-01-01T00:05:36.611000Z,q0035,glass storage jar
2026-01-01T00:05:36.722000Z,q0028,tool box
2026-01-01T00:05:36.833000Z,q0994,archived lunar model 14
2026-01-01T00:05:36.944000Z,q0003,denim jeans
2026-01-01T00:05:37.056000Z,q0049,craft kit
2026-01-01T00:05:37.167000Z,q0436,red garden gloves
2026-01-01T00:05:37.278000Z,q0026,cordless drill
2026-01-01T00:05:37.389000Z,q0247,green cotton bedding
2026-01-01T00:05:37.500000Z,q0043,water bottle
2026-01-01T00:05:37.611000Z,q0537,Alder travel guide
2026-01-01T00:05:37.722000Z,q0025,throw blanket
2026-01-01T00:05:37.833000Z,q0029,wall shelf
2026-01-01T00:05:37.944000Z,q0016,vitamin tablets
2026-01-01T00:05:38.056000Z,q0435,red olive oil
2026-01-01T00:05:38.167000Z,q0579,Alder smart watch
2026-01-01T00:05:38.278000Z,q0048,plush bear
2026-01-01T00:05:38.389000Z,q0833,cotton hand cream
2026-01-01T00:05:38.500000Z,q0010,sunscreen
2026-01-01T00:05:38.611000Z,q0045,running shorts
2026-01-01T00:05:38.722000Z,q0009,body wash
2026-01-01T00:05:38.833000Z,q0037,walking boots
2026-01-01T00:05:38.944000Z,q0018,sleep mask
2026-01-01T00:05:39.056000Z,q0267,green football
2026-01-01T00:05:39.167000Z,q0016,vitamin tablets
2026-01-01T00:05:39.278000Z,q0017,first aid kit
2026-01-01T00:05:39.389000Z,q0114,black slippers
2026-01-01T00:05:39.500000Z,q0807,Vela ground coffee
2026-01-01T00:05:39.611000Z,q0048,plush bear
2026-01-01T00:05:39.722000Z,q0016,vitamin tablets
2026-01-01T00:05:39.833000Z,q0038,sandals
2026-01-01T00:05:39.944000Z,q0021,desk lamp
2026-01-01T00:05:40.056000Z,q0045,running shorts
2026-01-01T00:05:40.167000Z,q0880,cotton usb c charger
2026-01-01T00:05:40.278000Z,q0009,body wash
2026-01-01T00:05:40.389000Z,q0001,cotton shirt
2026-01-01T00:05:40.500000Z,q0021,desk lamp
2026-01-01T00:05:40.611000Z,q0037,walking boots
2026-01-01T00:05:40.722000Z,q0030,work gloves
2026-01-01T00:05:40.833000Z,q0690,Linden crime novel
2026-01-01T00:05:40.944000Z,q0007,shampoo
2026-01-01T00:05:41.056000Z,q0862,cotton walking boots
2026-01-01T00:05:41.167000Z,q0047,building blocks
2026-01-01T00:05:41.278000Z,q0005,rain jacket
2026-01-01T00:05:41.389000Z,q0034,chopping board
2026-01-01T00:05:41.500000Z,q0036,running shoes
2026-01-01T00:05:41.611000Z,q0050,toy train
2026-01-01T00:05:41.722000Z,q0003,denim jeans
2026-01-01T00:05:41.833000Z,q0034,chopping board
2026-01-01T00:05:41.944000Z,q0028,tool box
2026-01-01T00:05:42.056000Z,q0018,sleep mask
2026-01-01T00:05:42.167000Z,q0861,cotton running shoes
2026-01-01T00:05:42.278000Z,q0018,sleep mask
2026-01-01T00:05:42.389000Z,q0004,wool jumper
2026-01-01T00:05:42.500000Z,q0427,red bluetooth speaker
2026-01-01T00:05:42.611000Z,q0037,walking boots
2026-01-01T00:05:42.722000Z,q0520,white pet blanket
2026-01-01T00:05:42.833000Z,q0688,Linden children storybook
2026-01-01T00:05:42.944000Z,q0022,cotton bedding
2026-01-01T00:05:43.056000Z,q0027,paint brush
2026-01-01T00:05:43.167000Z,q0446,red notebook
2026-01-01T00:05:43.278000Z,q0038,sandals
2026-01-01T00:05:43.389000Z,q0001,cotton shirt
2026-01-01T00:05:43.500000Z,q0056,breakfast oats
2026-01-01T00:05:43.611000Z,q0880,cotton usb c charger
2026-01-01T00:05:43.722000Z,q0008,hand cream
2026-01-01T00:05:43.833000Z,q0038,sandals
2026-01-01T00:05:43.944000Z,q0537,Alder travel guide
2026-01-01T00:05:44.056000Z,q0038,sandals
2026-01-01T00:05:44.167000Z,q0829,cotton wool jumper
2026-01-01T00:05:44.278000Z,q0026,cordless drill
2026-01-01T00:05:44.389000Z,q0004,wool jumper
2026-01-01T00:05:44.500000Z,q0024,storage basket
2026-01-01T00:05:44.611000Z,q0027,paint brush
2026-01-01T00:05:44.722000Z,q0995,archived lunar model 15
2026-01-01T00:05:44.833000Z,q0028,tool box
2026-01-01T00:05:44.944000Z,q0009,body wash
2026-01-01T00:05:45.056000Z,q0267,green football
2026-01-01T00:05:45.167000Z,q0036,running shoes
2026-01-01T00:05:45.278000Z,q0109,black chopping board
2026-01-01T00:05:45.389000Z,q0038,sandals
2026-01-01T00:05:45.500000Z,q0047,building blocks
2026-01-01T00:05:45.611000Z,q0025,throw blanket
2026-01-01T00:05:45.722000Z,q0814,Vela pruning shears
2026-01-01T00:05:45.833000Z,q0006,face moisturiser
2026-01-01T00:05:45.944000Z,q0023,bath towel
2026-01-01T00:05:46.056000Z,q0618,Harbour sleep mask
2026-01-01T00:05:46.167000Z,q0799,Vela craft kit
2026-01-01T00:05:46.278000Z,q0036,running shoes
2026-01-01T00:05:46.389000Z,q0134,black pasta sauce
2026-01-01T00:05:46.500000Z,q0124,black craft kit
2026-01-01T00:05:46.611000Z,q0900,cotton sticky notes
2026-01-01T00:05:46.722000Z,q0034,chopping board
2026-01-01T00:05:46.833000Z,q0035,glass storage jar
2026-01-01T00:05:46.944000Z,q0006,face moisturiser
2026-01-01T00:05:47.056000Z,q0042,football
2026-01-01T00:05:47.167000Z,q0219,blue bird feeder
2026-01-01T00:05:47.278000Z,q0015,crime novel
2026-01-01T00:05:47.389000Z,q0027,paint brush
2026-01-01T00:05:47.500000Z,q0546,Alder desk lamp
2026-01-01T00:05:47.611000Z,q0025,throw blanket
2026-01-01T00:05:47.722000Z,q0262,green walking boots
2026-01-01T00:05:47.833000Z,q0760,Vela sunscreen
2026-01-01T00:05:47.944000Z,q0020,electric toothbrush
2026-01-01T00:05:48.050000Z,q0079,black wool jumper
2026-01-01T00:05:48.150000Z,q0040,leather shoes
2026-01-01T00:05:48.250000Z,q0029,wall shelf
2026-01-01T00:05:48.350000Z,q0004,wool jumper
2026-01-01T00:05:48.450000Z,q0045,running shorts
2026-01-01T00:05:48.550000Z,q0036,running shoes
2026-01-01T00:05:48.650000Z,q0014,gardening book
2026-01-01T00:05:48.750000Z,q0033,cutlery set
2026-01-01T00:05:48.850000Z,q0009,body wash
2026-01-01T00:05:48.950000Z,q0037,walking boots
2026-01-01T00:05:49.050000Z,q0026,cordless drill
2026-01-01T00:05:49.150000Z,q0834,cotton body wash
2026-01-01T00:05:49.250000Z,q0018,sleep mask
2026-01-01T00:05:49.350000Z,q0023,bath towel
2026-01-01T00:05:49.450000Z,q0017,first aid kit
2026-01-01T00:05:49.550000Z,q0020,electric toothbrush
2026-01-01T00:05:49.650000Z,q0935,recycled glass storage jar
2026-01-01T00:05:49.750000Z,q0111,black running shoes
2026-01-01T00:05:49.850000Z,q0043,water bottle
2026-01-01T00:05:49.950000Z,q0299,green sketch pad
2026-01-01T00:05:50.050000Z,q0243,green sleep mask
2026-01-01T00:05:50.150000Z,q0013,children storybook
2026-01-01T00:05:50.250000Z,q0009,body wash
2026-01-01T00:05:50.350000Z,q0027,paint brush
2026-01-01T00:05:50.450000Z,q0549,Alder storage basket
2026-01-01T00:05:50.550000Z,q0039,slippers
2026-01-01T00:05:50.650000Z,q0050,toy train
2026-01-01T00:05:50.750000Z,q0013,children storybook
2026-01-01T00:05:50.850000Z,q0353,grey tablet
2026-01-01T00:05:50.950000Z,q0598,Alder desk organiser
2026-01-01T00:05:51.050000Z,q0222,blue ballpoint pens
2026-01-01T00:05:51.150000Z,q0036,running shoes
2026-01-01T00:05:51.250000Z,q0044,resistance bands
2026-01-01T00:05:51.350000Z,q0833,cotton hand cream
2026-01-01T00:05:51.450000Z,q0044,resistance bands
2026-01-01T00:05:51.550000Z,q0001,cotton shirt
2026-01-01T00:05:51.650000Z,q0034,chopping board
2026-01-01T00:05:51.750000Z,q0065,solar lights
2026-01-01T00:05:51.850000Z,q0008,hand cream
2026-01-01T00:05:51.950000Z,q0046,wooden puzzle
2026-01-01T00:05:52.050000Z,q0086,black cookbook
2026-01-01T00:05:52.150000Z,q0030,work gloves
2026-01-01T00:05:52.250000Z,q0039,slippers
2026-01-01T00:05:52.350000Z,q0797,Vela building blocks
2026-01-01T00:05:52.450000Z,q0018,sleep mask
2026-01-01T00:05:52.550000Z,q0031,steel saucepan
2026-01-01T00:05:52.650000Z,q0004,wool jumper
2026-01-01T00:05:52.750000Z,q0023,bath towel
2026-01-01T00:05:52.850000Z,q0259,green chopping board
2026-01-01T00:05:52.950000Z,q0002,linen dress
2026-01-01T00:05:53.050000Z,q0012,travel guide
2026-01-01T00:05:53.150000Z,q0028,tool box
2026-01-01T00:05:53.250000Z,q0346,grey wooden puzzle
2026-01-01T00:05:53.350000Z,q0047,building blocks
2026-01-01T00:05:53.450000Z,q0422,red building blocks
2026-01-01T00:05:53.550000Z,q0007,shampoo
2026-01-01T00:05:53.650000Z,q0047,building blocks
2026-01-01T00:05:53.750000Z,q0025,throw blanket
2026-01-01T00:05:53.850000Z,q0039,slippers
2026-01-01T00:05:53.950000Z,q0488,white sandals
2026-01-01T00:05:54.050000Z,q0002,linen dress
2026-01-01T00:05:54.150000Z,q0714,Linden slippers
2026-01-01T00:05:54.250000Z,q0997,archived lunar model 17
2026-01-01T00:05:54.350000Z,q0039,slippers
2026-01-01T00:05:54.450000Z,q0034,chopping board
2026-01-01T00:05:54.550000Z,q0026,cordless drill
2026-01-01T00:05:54.650000Z,q0132,black ground coffee
2026-01-01T00:05:54.750000Z,q0015,crime novel
2026-01-01T00:05:54.850000Z,q0046,wooden puzzle
2026-01-01T00:05:54.950000Z,q0566,Alder yoga mat
2026-01-01T00:05:55.050000Z,q0047,building blocks
2026-01-01T00:05:55.150000Z,q0314,grey gardening book
2026-01-01T00:05:55.250000Z,q0020,electric toothbrush
2026-01-01T00:05:55.350000Z,q0549,Alder storage basket
2026-01-01T00:05:55.450000Z,q0034,chopping board
2026-01-01T00:05:55.550000Z,q0035,glass storage jar
2026-01-01T00:05:55.650000Z,q0728,Linden tablet
2026-01-01T00:05:55.750000Z,q0001,cotton shirt
2026-01-01T00:05:55.850000Z,q0040,leather shoes
2026-01-01T00:05:55.950000Z,q0003,denim jeans
2026-01-01T00:05:56.050000Z,q0017,first aid kit
2026-01-01T00:05:56.150000Z,q0038,sandals
2026-01-01T00:05:56.250000Z,q0906,recycled face moisturiser
2026-01-01T00:05:56.350000Z,q0034,chopping board
2026-01-01T00:05:56.450000Z,q0045,running shorts
2026-01-01T00:05:56.550000Z,q0045,running shorts
2026-01-01T00:05:56.650000Z,q0036,running shoes
2026-01-01T00:05:56.750000Z,q0024,storage basket
2026-01-01T00:05:56.850000Z,q0049,craft kit
2026-01-01T00:05:56.950000Z,q0027,paint brush
2026-01-01T00:05:57.050000Z,q0042,football
2026-01-01T00:05:57.150000Z,q0037,walking boots
2026-01-01T00:05:57.250000Z,q0018,sleep mask
2026-01-01T00:05:57.350000Z,q0007,shampoo
2026-01-01T00:05:57.450000Z,q0024,storage basket
2026-01-01T00:05:57.550000Z,q0037,walking boots
2026-01-01T00:05:57.650000Z,q0827,cotton linen dress
2026-01-01T00:05:57.750000Z,q0046,wooden puzzle
2026-01-01T00:05:57.850000Z,q0021,desk lamp
2026-01-01T00:05:57.950000Z,q0526,Alder cotton shirt
2026-01-01T00:05:58.050000Z,q0011,cookbook
2026-01-01T00:05:58.150000Z,q0030,work gloves
2026-01-01T00:05:58.250000Z,q0014,gardening book
2026-01-01T00:05:58.350000Z,q0852,cotton paint brush
2026-01-01T00:05:58.450000Z,q0011,cookbook
2026-01-01T00:05:58.550000Z,q0838,cotton children storybook
2026-01-01T00:05:58.650000Z,q0003,denim jeans
2026-01-01T00:05:58.750000Z,q0015,crime novel
2026-01-01T00:05:58.850000Z,q0003,denim jeans
2026-01-01T00:05:58.950000Z,q0397,red cotton bedding
2026-01-01T00:05:59.050000Z,q0032,ceramic mug
2026-01-01T00:05:59.150000Z,q0817,Vela cat toy
2026-01-01T00:05:59.250000Z,q0850,cotton throw blanket
2026-01-01T00:05:59.350000Z,q0012,travel guide
2026-01-01T00:05:59.450000Z,q0013,children storybook
2026-01-01T00:05:59.550000Z,q0379,red wool jumper
2026-01-01T00:05:59.650000Z,q0927,recycled paint brush
2026-01-01T00:05:59.750000Z,q0618,Harbour sleep mask
2026-01-01T00:05:59.850000Z,q0013,children storybook
2026-01-01T00:05:59.950000Z,q0025,throw blanket
2026-01-01T00:06:00.033000Z,q0009,body wash
2026-01-01T00:06:00.100000Z,q0004,wool jumper
2026-01-01T00:06:00.167000Z,q0004,wool jumper
2026-01-01T00:06:00.233000Z,q0027,paint brush
2026-01-01T00:06:00.300000Z,q0040,leather shoes
2026-01-01T00:06:00.367000Z,q0242,green first aid kit
2026-01-01T00:06:00.433000Z,q0006,face moisturiser
2026-01-01T00:06:00.500000Z,q0017,first aid kit
2026-01-01T00:06:00.567000Z,q0002,linen dress
2026-01-01T00:06:00.633000Z,q0026,cordless drill
2026-01-01T00:06:00.700000Z,q0026,cordless drill
2026-01-01T00:06:00.767000Z,q0065,solar lights
2026-01-01T00:06:00.833000Z,q0045,running shorts
2026-01-01T00:06:00.900000Z,q0027,paint brush
2026-01-01T00:06:00.967000Z,q0005,rain jacket
2026-01-01T00:06:01.033000Z,q0026,cordless drill
2026-01-01T00:06:01.100000Z,q0163,blue children storybook
2026-01-01T00:06:01.167000Z,q0015,crime novel
2026-01-01T00:06:01.233000Z,q0047,building blocks
2026-01-01T00:06:01.300000Z,q0155,blue rain jacket
2026-01-01T00:06:01.367000Z,q0037,walking boots
2026-01-01T00:06:01.433000Z,q0025,throw blanket
2026-01-01T00:06:01.500000Z,q0704,Linden wall shelf
2026-01-01T00:06:01.567000Z,q0017,first aid kit
2026-01-01T00:06:01.633000Z,q0023,bath towel
2026-01-01T00:06:01.700000Z,q0382,red shampoo
2026-01-01T00:06:01.767000Z,q0514,white pruning shears
2026-01-01T00:06:01.833000Z,q0700,Linden throw blanket
2026-01-01T00:06:01.900000Z,q0118,black water bottle
2026-01-01T00:06:01.967000Z,q0011,cookbook
2026-01-01T00:06:02.033000Z,q0014,gardening book
2026-01-01T00:06:02.100000Z,q0435,red olive oil
2026-01-01T00:06:02.167000Z,q0033,cutlery set
2026-01-01T00:06:02.233000Z,q0447,red ballpoint pens
2026-01-01T00:06:02.300000Z,q0746,Linden notebook
2026-01-01T00:06:02.367000Z,q0027,paint brush
2026-01-01T00:06:02.433000Z,q0012,travel guide
2026-01-01T00:06:02.500000Z,q0208,blue herbal tea
2026-01-01T00:06:02.567000Z,q0050,toy train
2026-01-01T00:06:02.633000Z,q0829,cotton wool jumper
2026-01-01T00:06:02.700000Z,q0048,plush bear
2026-01-01T00:06:02.767000Z,q0805,Vela usb c charger
2026-01-01T00:06:02.833000Z,q0003,denim jeans
2026-01-01T00:06:02.900000Z,q0925,recycled throw blanket
2026-01-01T00:06:02.967000Z,q0028,tool box
2026-01-01T00:06:03.033000Z,q0866,cotton yoga mat
2026-01-01T00:06:03.100000Z,q0240,green crime novel
2026-01-01T00:06:03.167000Z,q0044,resistance bands
2026-01-01T00:06:03.233000Z,q0034,chopping board
2026-01-01T00:06:03.300000Z,q0036,running shoes
2026-01-01T00:06:03.367000Z,q0021,desk lamp
2026-01-01T00:06:03.433000Z,q0001,cotton shirt
2026-01-01T00:06:03.500000Z,q0045,running shorts
2026-01-01T00:06:03.567000Z,q0037,walking boots
2026-01-01T00:06:03.633000Z,q0994,archived lunar model 14
2026-01-01T00:06:03.700000Z,q0162,blue travel guide
2026-01-01T00:06:03.767000Z,q0682,Linden shampoo
2026-01-01T00:06:03.833000Z,q0033,cutlery set
2026-01-01T00:06:03.900000Z,q0018,sleep mask
2026-01-01T00:06:03.967000Z,q0020,electric toothbrush
2026-01-01T00:06:04.033000Z,q0952,recycled bluetooth speaker
2026-01-01T00:06:04.100000Z,q0022,cotton bedding
2026-01-01T00:06:04.167000Z,q0038,sandals
2026-01-01T00:06:04.233000Z,q0348,grey plush bear
2026-01-01T00:06:04.300000Z,q0176,blue cordless drill
2026-01-01T00:06:04.367000Z,q0041,yoga mat
2026-01-01T00:06:04.433000Z,q0016,vitamin tablets
2026-01-01T00:06:04.500000Z,q0025,throw blanket
2026-01-01T00:06:04.567000Z,q0470,white electric toothbrush
2026-01-01T00:06:04.633000Z,q0039,slippers
2026-01-01T00:06:04.700000Z,q0021,desk lamp
2026-01-01T00:06:04.767000Z,q0020,electric toothbrush
2026-01-01T00:06:04.833000Z,q0037,walking boots
2026-01-01T00:06:04.900000Z,q0604,Harbour wool jumper
2026-01-01T00:06:04.967000Z,q0647,Harbour building blocks
2026-01-01T00:06:05.033000Z,q0019,heat pad
2026-01-01T00:06:05.100000Z,q0036,running shoes
2026-01-01T00:06:05.167000Z,q0182,blue ceramic mug
2026-01-01T00:06:05.233000Z,q0049,craft kit
2026-01-01T00:06:05.300000Z,q0039,slippers
2026-01-01T00:06:05.367000Z,q0008,hand cream
2026-01-01T00:06:05.433000Z,q0004,wool jumper
2026-01-01T00:06:05.500000Z,q0591,Alder dog lead
2026-01-01T00:06:05.567000Z,q0048,plush bear
2026-01-01T00:06:05.633000Z,q0747,Linden ballpoint pens
2026-01-01T00:06:05.700000Z,q0285,green olive oil
2026-01-01T00:06:05.767000Z,q0016,vitamin tablets
2026-01-01T00:06:05.833000Z,q0039,slippers
2026-01-01T00:06:05.900000Z,q0044,resistance bands
2026-01-01T00:06:05.967000Z,q0158,blue hand cream
2026-01-01T00:06:06.033000Z,q0561,Alder running shoes
2026-01-01T00:06:06.100000Z,q0021,desk lamp
2026-01-01T00:06:06.167000Z,q0386,red cookbook
2026-01-01T00:06:06.233000Z,q0026,cordless drill
2026-01-01T00:06:06.300000Z,q0134,black pasta sauce
2026-01-01T00:06:06.367000Z,q0035,glass storage jar
2026-01-01T00:06:06.433000Z,q0016,vitamin tablets
2026-01-01T00:06:06.500000Z,q0947,recycled building blocks
2026-01-01T00:06:06.567000Z,q0033,cutlery set
2026-01-01T00:06:06.633000Z,q0014,gardening book
2026-01-01T00:06:06.700000Z,q0047,building blocks
2026-01-01T00:06:06.767000Z,q0832,cotton shampoo
2026-01-01T00:06:06.833000Z,q0874,cotton craft kit
2026-01-01T00:06:06.900000Z,q0030,work gloves
2026-01-01T00:06:06.967000Z,q0029,wall shelf
2026-01-01T00:06:07.033000Z,q0002,linen dress
2026-01-01T00:06:07.100000Z,q0898,cotton desk organiser
2026-01-01T00:06:07.167000Z,q0019,heat pad
2026-01-01T00:06:07.233000Z,q0049,craft kit
2026-01-01T00:06:07.300000Z,q0049,craft kit
2026-01-01T00:06:07.367000Z,q0953,recycled tablet
2026-01-01T00:06:07.433000Z,q0041,yoga mat
2026-01-01T00:06:07.500000Z,q0047,building blocks
2026-01-01T00:06:07.567000Z,q0116,black yoga mat
2026-01-01T00:06:07.633000Z,q0039,slippers
2026-01-01T00:06:07.700000Z,q0003,denim jeans
2026-01-01T00:06:07.767000Z,q0274,green craft kit
2026-01-01T00:06:07.833000Z,q0033,cutlery set
2026-01-01T00:06:07.900000Z,q0018,sleep mask
2026-01-01T00:06:07.967000Z,q0002,linen dress
2026-01-01T00:06:08.033000Z,q0001,cotton shirt
2026-01-01T00:06:08.100000Z,q0027,paint brush
2026-01-01T00:06:08.167000Z,q0003,denim jeans
2026-01-01T00:06:08.233000Z,q0007,shampoo
2026-01-01T00:06:08.300000Z,q0672,Harbour ballpoint pens
2026-01-01T00:06:08.367000Z,q0046,wooden puzzle
2026-01-01T00:06:08.433000Z,q0013,children storybook
2026-01-01T00:06:08.500000Z,q0505,white usb c charger
2026-01-01T00:06:08.567000Z,q0014,gardening book
2026-01-01T00:06:08.633000Z,q0999,archived lunar model 19
2026-01-01T00:06:08.700000Z,q0015,crime novel
2026-01-01T00:06:08.767000Z,q0038,sandals
2026-01-01T00:06:08.833000Z,q0014,gardening book
2026-01-01T00:06:08.900000Z,q0020,electric toothbrush
2026-01-01T00:06:08.967000Z,q0361,grey garden gloves
2026-01-01T00:06:09.033000Z,q0030,work gloves
2026-01-01T00:06:09.100000Z,q0477,white paint brush
2026-01-01T00:06:09.167000Z,q0664,Harbour pruning shears
2026-01-01T00:06:09.233000Z,q0871,cotton wooden puzzle
2026-01-01T00:06:09.300000Z,q0407,red ceramic mug
2026-01-01T00:06:09.367000Z,q0027,paint brush
2026-01-01T00:06:09.433000Z,q0017,first aid kit
2026-01-01T00:06:09.500000Z,q0047,building blocks
2026-01-01T00:06:09.567000Z,q0501,white wireless headphones
2026-01-01T00:06:09.633000Z,q0979,premium wool jumper
2026-01-01T00:06:09.700000Z,q0030,work gloves
2026-01-01T00:06:09.767000Z,q0049,craft kit
2026-01-01T00:06:09.833000Z,q0004,wool jumper
2026-01-01T00:06:09.900000Z,q0044,resistance bands
2026-01-01T00:06:09.967000Z,q0015,crime novel
2026-01-01T00:06:10.050000Z,q0001,cotton shirt
2026-01-01T00:06:10.150000Z,q0999,archived lunar model 19
2026-01-01T00:06:10.250000Z,q0024,storage basket
2026-01-01T00:06:10.350000Z,q0030,work gloves
2026-01-01T00:06:10.450000Z,q0041,yoga mat
2026-01-01T00:06:10.550000Z,q0016,vitamin tablets
2026-01-01T00:06:10.650000Z,q0003,denim jeans
2026-01-01T00:06:10.750000Z,q0032,ceramic mug
2026-01-01T00:06:10.850000Z,q0018,sleep mask
2026-01-01T00:06:10.950000Z,q0016,vitamin tablets
2026-01-01T00:06:11.050000Z,q0021,desk lamp
2026-01-01T00:06:11.150000Z,q0010,sunscreen
2026-01-01T00:06:11.250000Z,q0038,sandals
2026-01-01T00:06:11.350000Z,q0011,cookbook
2026-01-01T00:06:11.450000Z,q0013,children storybook
2026-01-01T00:06:11.550000Z,q0046,wooden puzzle
2026-01-01T00:06:11.650000Z,q0385,red sunscreen
2026-01-01T00:06:11.750000Z,q0036,running shoes
2026-01-01T00:06:11.850000Z,q0044,resistance bands
2026-01-01T00:06:11.950000Z,q0415,red leather shoes
2026-01-01T00:06:12.050000Z,q0678,Linden denim jeans
2026-01-01T00:06:12.150000Z,q0017,first aid kit
2026-01-01T00:06:12.250000Z,q0045,running shorts
2026-01-01T00:06:12.350000Z,q0027,paint brush
2026-01-01T00:06:12.450000Z,q0014,gardening book
2026-01-01T00:06:12.550000Z,q0019,heat pad
2026-01-01T00:06:12.650000Z,q0015,crime novel
2026-01-01T00:06:12.750000Z,q0004,wool jumper
2026-01-01T00:06:12.850000Z,q0006,face moisturiser
2026-01-01T00:06:12.950000Z,q0044,resistance bands
2026-01-01T00:06:13.050000Z,q0009,body wash
2026-01-01T00:06:13.150000Z,q0031,steel saucepan
2026-01-01T00:06:13.250000Z,q0017,first aid kit
2026-01-01T00:06:13.350000Z,q0032,ceramic mug
2026-01-01T00:06:13.450000Z,q0007,shampoo
2026-01-01T00:06:13.550000Z,q0776,Vela cordless drill
2026-01-01T00:06:13.650000Z,q0025,throw blanket
2026-01-01T00:06:13.750000Z,q0021,desk lamp
2026-01-01T00:06:13.850000Z,q0163,blue children storybook
2026-01-01T00:06:13.950000Z,q0014,gardening book
2026-01-01T00:06:14.050000Z,q0907,recycled shampoo
2026-01-01T00:06:14.150000Z,q0072,ballpoint pens
2026-01-01T00:06:14.250000Z,q0006,face moisturiser
2026-01-01T00:06:14.350000Z,q0677,Linden linen dress
2026-01-01T00:06:14.450000Z,q0113,black sandals
2026-01-01T00:06:14.550000Z,q0011,cookbook
2026-01-01T00:06:14.650000Z,q0042,football
2026-01-01T00:06:14.750000Z,q0033,cutlery set
2026-01-01T00:06:14.850000Z,q0049,craft kit
2026-01-01T00:06:14.950000Z,q0151,blue cotton shirt
2026-01-01T00:06:15.050000Z,q0038,sandals
2026-01-01T00:06:15.150000Z,q0009,body wash
2026-01-01T00:06:15.250000Z,q0035,glass storage jar
2026-01-01T00:06:15.350000Z,q0722,Linden building blocks
2026-01-01T00:06:15.450000Z,q0380,red rain jacket
2026-01-01T00:06:15.550000Z,q0556,Alder steel saucepan
2026-01-01T00:06:15.650000Z,q0030,work gloves
2026-01-01T00:06:15.750000Z,q0005,rain jacket
2026-01-01T00:06:15.850000Z,q0050,toy train
2026-01-01T00:06:15.950000Z,q0001,cotton shirt
2026-01-01T00:06:16.050000Z,q0001,cotton shirt
2026-01-01T00:06:16.150000Z,q0032,ceramic mug
2026-01-01T00:06:16.250000Z,q0015,crime novel
2026-01-01T00:06:16.350000Z,q0020,electric toothbrush
2026-01-01T00:06:16.450000Z,q0006,face moisturiser
2026-01-01T00:06:16.550000Z,q0018,sleep mask
2026-01-01T00:06:16.650000Z,q0022,cotton bedding
2026-01-01T00:06:16.750000Z,q0413,red sandals
2026-01-01T00:06:16.850000Z,q0026,cordless drill
2026-01-01T00:06:16.950000Z,q0013,children storybook
2026-01-01T00:06:17.050000Z,q0601,Harbour cotton shirt
2026-01-01T00:06:17.150000Z,q0045,running shorts
2026-01-01T00:06:17.250000Z,q0009,body wash
2026-01-01T00:06:17.350000Z,q0013,children storybook
2026-01-01T00:06:17.450000Z,q0042,football
2026-01-01T00:06:17.550000Z,q0932,recycled ceramic mug
2026-01-01T00:06:17.650000Z,q0039,slippers
2026-01-01T00:06:17.750000Z,q0017,first aid kit
2026-01-01T00:06:17.850000Z,q0004,wool jumper
2026-01-01T00:06:17.950000Z,q0676,Linden cotton shirt
2026-01-01T00:06:18.050000Z,q0133,black herbal tea
2026-01-01T00:06:18.150000Z,q0004,wool jumper
2026-01-01T00:06:18.250000Z,q0524,white sketch pad
2026-01-01T00:06:18.350000Z,q0397,red cotton bedding
2026-01-01T00:06:18.450000Z,q0801,Vela wireless headphones
2026-01-01T00:06:18.550000Z,q0045,running shorts
2026-01-01T00:06:18.650000Z,q0120,black running shorts
2026-01-01T00:06:18.750000Z,q0016,vitamin tablets
2026-01-01T00:06:18.850000Z,q0330,grey work gloves
2026-01-01T00:06:18.950000Z,q0024,storage basket
2026-01-01T00:06:19.050000Z,q0505,white usb c charger
2026-01-01T00:06:19.150000Z,q0033,cutlery set
2026-01-01T00:06:19.250000Z,q0032,ceramic mug
2026-01-01T00:06:19.350000Z,q0001,cotton shirt
2026-01-01T00:06:19.450000Z,q0186,blue running shoes
2026-01-01T00:06:19.550000Z,q0026,cordless drill
2026-01-01T00:06:19.650000Z,q0560,Alder glass storage jar
2026-01-01T00:06:19.750000Z,q0040,leather shoes
2026-01-01T00:06:19.850000Z,q0672,Harbour ballpoint pens
2026-01-01T00:06:19.950000Z,q0027,paint brush
2026-01-01T00:06:20.050000Z,q0016,vitamin tablets
2026-01-01T00:06:20.150000Z,q0502,white bluetooth speaker
2026-01-01T00:06:20.250000Z,q0038,sandals
2026-01-01T00:06:20.350000Z,q0283,green herbal tea
2026-01-01T00:06:20.450000Z,q0835,cotton sunscreen
2026-01-01T00:06:20.550000Z,q0018,sleep mask
2026-01-01T00:06:20.650000Z,q0034,chopping board
2026-01-01T00:06:20.750000Z,q0006,face moisturiser
2026-01-01T00:06:20.850000Z,q0045,running shorts
2026-01-01T00:06:20.950000Z,q0046,wooden puzzle
2026-01-01T00:06:21.050000Z,q0025,throw blanket
2026-01-01T00:06:21.150000Z,q0014,gardening book
2026-01-01T00:06:21.250000Z,q0004,wool jumper
2026-01-01T00:06:21.350000Z,q0011,cookbook
2026-01-01T00:06:21.450000Z,q0008,hand cream
2026-01-01T00:06:21.550000Z,q0585,Alder olive oil
2026-01-01T00:06:21.650000Z,q0030,work gloves
2026-01-01T00:06:21.750000Z,q0011,cookbook
2026-01-01T00:06:21.850000Z,q0014,gardening book
2026-01-01T00:06:21.950000Z,q0011,cookbook
2026-01-01T00:06:22.050000Z,q0043,water bottle
2026-01-01T00:06:22.150000Z,q0022,cotton bedding
2026-01-01T00:06:22.250000Z,q0030,work gloves
2026-01-01T00:06:22.350000Z,q0002,linen dress
2026-01-01T00:06:22.450000Z,q0050,toy train
2026-01-01T00:06:22.550000Z,q0022,cotton bedding
2026-01-01T00:06:22.650000Z,q0138,black plant pot
2026-01-01T00:06:22.750000Z,q0175,blue throw blanket
2026-01-01T00:06:22.850000Z,q0543,Alder sleep mask
2026-01-01T00:06:22.950000Z,q0002,linen dress
2026-01-01T00:06:23.050000Z,q0031,steel saucepan
2026-01-01T00:06:23.150000Z,q0467,white first aid kit
2026-01-01T00:06:23.250000Z,q0001,cotton shirt
2026-01-01T00:06:23.350000Z,q0012,travel guide
2026-01-01T00:06:23.450000Z,q0461,white cookbook
2026-01-01T00:06:23.550000Z,q0014,gardening book
2026-01-01T00:06:23.650000Z,q0091,black vitamin tablets
2026-01-01T00:06:23.750000Z,q0157,blue shampoo
2026-01-01T00:06:23.850000Z,q0039,slippers
2026-01-01T00:06:23.950000Z,q0530,Alder rain jacket
2026-01-01T00:06:24.050000Z,q0013,children storybook
2026-01-01T00:06:24.150000Z,q0018,sleep mask
2026-01-01T00:06:24.250000Z,q0003,denim jeans
2026-01-01T00:06:24.350000Z,q0284,green pasta sauce
2026-01-01T00:06:24.450000Z,q0014,gardening book
2026-01-01T00:06:24.550000Z,q0156,blue face moisturiser
2026-01-01T00:06:24.650000Z,q0015,crime novel
2026-01-01T00:06:24.750000Z,q0069,bird feeder
2026-01-01T00:06:24.850000Z,q0022,cotton bedding
2026-01-01T00:06:24.950000Z,q0012,travel guide
2026-01-01T00:06:25.050000Z,q0039,slippers
2026-01-01T00:06:25.150000Z,q0038,sandals
2026-01-01T00:06:25.250000Z,q0606,Harbour face moisturiser
2026-01-01T00:06:25.350000Z,q0041,yoga mat
2026-01-01T00:06:25.450000Z,q0710,Linden glass storage jar
2026-01-01T00:06:25.550000Z,q0025,throw blanket
2026-01-01T00:06:25.650000Z,q0034,chopping board
2026-01-01T00:06:25.750000Z,q0039,slippers
2026-01-01T00:06:25.850000Z,q0025,throw blanket
2026-01-01T00:06:25.950000Z,q0041,yoga mat
2026-01-01T00:06:26.050000Z,q0080,black rain jacket
2026-01-01T00:06:26.150000Z,q0032,ceramic mug
2026-01-01T00:06:26.250000Z,q0011,cookbook
2026-01-01T00:06:26.350000Z,q0283,green herbal tea
2026-01-01T00:06:26.450000Z,q0998,archived lunar model 18
2026-01-01T00:06:26.550000Z,q0799,Vela craft kit
2026-01-01T00:06:26.650000Z,q0038,sandals
2026-01-01T00:06:26.750000Z,q0475,white throw blanket
2026-01-01T00:06:26.850000Z,q0914,recycled gardening book
2026-01-01T00:06:26.950000Z,q0757,Vela shampoo
2026-01-01T00:06:27.050000Z,q0004,wool jumper
2026-01-01T00:06:27.150000Z,q0013,children storybook
2026-01-01T00:06:27.250000Z,q0041,yoga mat
2026-01-01T00:06:27.350000Z,q0225,blue sticky notes
2026-01-01T00:06:27.450000Z,q0046,wooden puzzle
2026-01-01T00:06:27.550000Z,q0047,building blocks
2026-01-01T00:06:27.650000Z,q0014,gardening book
2026-01-01T00:06:27.750000Z,q0013,children storybook
2026-01-01T00:06:27.850000Z,q0032,ceramic mug
2026-01-01T00:06:27.950000Z,q0274,green craft kit
2026-01-01T00:06:28.050000Z,q0011,cookbook
2026-01-01T00:06:28.150000Z,q0681,Linden face moisturiser
2026-01-01T00:06:28.250000Z,q0009,body wash
2026-01-01T00:06:28.350000Z,q0597,Alder ballpoint pens
2026-01-01T00:06:28.450000Z,q0875,cotton toy train
2026-01-01T00:06:28.550000Z,q0297,green ballpoint pens
2026-01-01T00:06:28.650000Z,q0013,children storybook
2026-01-01T00:06:28.750000Z,q0656,Harbour breakfast oats
2026-01-01T00:06:28.850000Z,q0029,wall shelf
2026-01-01T00:06:28.950000Z,q0112,black walking boots
2026-01-01T00:06:29.050000Z,q0911,recycled cookbook
2026-01-01T00:06:29.150000Z,q0044,resistance bands
2026-01-01T00:06:29.250000Z,q0005,rain jacket
2026-01-01T00:06:29.350000Z,q0005,rain jacket
2026-01-01T00:06:29.450000Z,q0042,football
2026-01-01T00:06:29.550000Z,q0946,recycled wooden puzzle
2026-01-01T00:06:29.650000Z,q0035,glass storage jar
2026-01-01T00:06:29.750000Z,q0036,running shoes
2026-01-01T00:06:29.850000Z,q0003,denim jeans
2026-01-01T00:06:29.950000Z,q0027,paint brush
2026-01-01T00:06:30.050000Z,q0011,cookbook
2026-01-01T00:06:30.150000Z,q0040,leather shoes
2026-01-01T00:06:30.250000Z,q0040,leather shoes
2026-01-01T00:06:30.350000Z,q0043,water bottle
2026-01-01T00:06:30.450000Z,q0470,white electric toothbrush
2026-01-01T00:06:30.550000Z,q0733,Linden herbal tea
2026-01-01T00:06:30.650000Z,q0021,desk lamp
2026-01-01T00:06:30.750000Z,q0156,blue face moisturiser
2026-01-01T00:06:30.850000Z,q0452,white linen dress
2026-01-01T00:06:30.950000Z,q0887,cotton watering can
2026-01-01T00:06:31.050000Z,q0037,walking boots
2026-01-01T00:06:31.150000Z,q0022,cotton bedding
2026-01-01T00:06:31.250000Z,q0018,sleep mask
2026-01-01T00:06:31.350000Z,q0026,cordless drill
2026-01-01T00:06:31.450000Z,q0033,cutlery set
2026-01-01T00:06:31.550000Z,q0043,water bottle
2026-01-01T00:06:31.650000Z,q0035,glass storage jar
2026-01-01T00:06:31.750000Z,q0050,toy train
2026-01-01T00:06:31.850000Z,q0021,desk lamp
2026-01-01T00:06:31.950000Z,q0046,wooden puzzle
2026-01-01T00:06:32.050000Z,q0785,Vela glass storage jar
2026-01-01T00:06:32.150000Z,q0038,sandals
2026-01-01T00:06:32.250000Z,q0666,Harbour dog lead
2026-01-01T00:06:32.350000Z,q0017,first aid kit
2026-01-01T00:06:32.450000Z,q0038,sandals
2026-01-01T00:06:32.550000Z,q0728,Linden tablet
2026-01-01T00:06:32.650000Z,q0866,cotton yoga mat
2026-01-01T00:06:32.750000Z,q0049,craft kit
2026-01-01T00:06:32.850000Z,q0044,resistance bands
2026-01-01T00:06:32.950000Z,q0023,bath towel
2026-01-01T00:06:33.050000Z,q0045,running shorts
2026-01-01T00:06:33.150000Z,q0568,Alder water bottle
2026-01-01T00:06:33.250000Z,q0009,body wash
2026-01-01T00:06:33.350000Z,q0884,cotton pasta sauce
2026-01-01T00:06:33.450000Z,q0043,water bottle
2026-01-01T00:06:33.550000Z,q0049,craft kit
2026-01-01T00:06:33.650000Z,q0002,linen dress
2026-01-01T00:06:33.750000Z,q0020,electric toothbrush
2026-01-01T00:06:33.850000Z,q0927,recycled paint brush
2026-01-01T00:06:33.950000Z,q0022,cotton bedding
2026-01-01T00:06:34.050000Z,q0050,toy train
2026-01-01T00:06:34.150000Z,q0253,green tool box
2026-01-01T00:06:34.250000Z,q0040,leather shoes
2026-01-01T00:06:34.350000Z,q0001,cotton shirt
2026-01-01T00:06:34.450000Z,q0045,running shorts
2026-01-01T00:06:34.550000Z,q0051,wireless headphones
2026-01-01T00:06:34.650000Z,q0020,electric toothbrush
2026-01-01T00:06:34.750000Z,q0889,cotton pruning shears
2026-01-01T00:06:34.850000Z,q0775,Vela throw blanket
2026-01-01T00:06:34.950000Z,q0375,grey sticky notes
2026-01-01T00:06:35.050000Z,q0004,wool jumper
2026-01-01T00:06:35.150000Z,q0031,steel saucepan
2026-01-01T00:06:35.250000Z,q0046,wooden puzzle
2026-01-01T00:06:35.350000Z,q0390,red crime novel
2026-01-01T00:06:35.450000Z,q0033,cutlery set
2026-01-01T00:06:35.550000Z,q0029,wall shelf
2026-01-01T00:06:35.650000Z,q0700,Linden throw blanket
2026-01-01T00:06:35.750000Z,q0270,green running shorts
2026-01-01T00:06:35.850000Z,q0024,storage basket
2026-01-01T00:06:35.950000Z,q0027,paint brush
2026-01-01T00:06:36.050000Z,q0034,chopping board
2026-01-01T00:06:36.150000Z,q0004,wool jumper
2026-01-01T00:06:36.250000Z,q0012,travel guide
2026-01-01T00:06:36.350000Z,q0018,sleep mask
2026-01-01T00:06:36.450000Z,q0385,red sunscreen
2026-01-01T00:06:36.550000Z,q0007,shampoo
2026-01-01T00:06:36.650000Z,q0010,sunscreen
2026-01-01T00:06:36.750000Z,q0036,running shoes
2026-01-01T00:06:36.850000Z,q0883,cotton herbal tea
2026-01-01T00:06:36.950000Z,q0023,bath towel
2026-01-01T00:06:37.050000Z,q0035,glass storage jar
2026-01-01T00:06:37.150000Z,q0194,blue resistance bands
2026-01-01T00:06:37.250000Z,q0044,resistance bands
2026-01-01T00:06:37.350000Z,q0045,running shorts
2026-01-01T00:06:37.450000Z,q0013,children storybook
2026-01-01T00:06:37.550000Z,q0035,glass storage jar
2026-01-01T00:06:37.650000Z,q0040,leather shoes
2026-01-01T00:06:37.750000Z,q0447,red ballpoint pens
2026-01-01T00:06:37.850000Z,q0007,shampoo
2026-01-01T00:06:37.950000Z,q0048,plush bear
2026-01-01T00:06:38.050000Z,q0166,blue vitamin tablets
2026-01-01T00:06:38.150000Z,q0027,paint brush
2026-01-01T00:06:38.250000Z,q0023,bath towel
2026-01-01T00:06:38.350000Z,q0523,white desk organiser
2026-01-01T00:06:38.450000Z,q0717,Linden football
2026-01-01T00:06:38.550000Z,q0027,paint brush
2026-01-01T00:06:38.650000Z,q0030,work gloves
2026-01-01T00:06:38.750000Z,q0560,Alder glass storage jar
2026-01-01T00:06:38.850000Z,q0049,craft kit
2026-01-01T00:06:38.950000Z,q0405,red work gloves
2026-01-01T00:06:39.050000Z,q0143,black pet bowl
2026-01-01T00:06:39.150000Z,q0046,wooden puzzle
2026-01-01T00:06:39.250000Z,q0412,red walking boots
2026-01-01T00:06:39.350000Z,q0035,glass storage jar
2026-01-01T00:06:39.450000Z,q0032,ceramic mug
2026-01-01T00:06:39.550000Z,q0041,yoga mat
2026-01-01T00:06:39.650000Z,q0564,Alder slippers
2026-01-01T00:06:39.750000Z,q0038,sandals
2026-01-01T00:06:39.850000Z,q0180,blue work gloves
2026-01-01T00:06:39.950000Z,q0037,walking boots
2026-01-01T00:06:40.050000Z,q0029,wall shelf
2026-01-01T00:06:40.150000Z,q0025,throw blanket
2026-01-01T00:06:40.250000Z,q0027,paint brush
2026-01-01T00:06:40.350000Z,q0024,storage basket
2026-01-01T00:06:40.450000Z,q0264,green slippers
2026-01-01T00:06:40.550000Z,q0046,wooden puzzle
2026-01-01T00:06:40.650000Z,q0031,steel saucepan
2026-01-01T00:06:40.750000Z,q0623,Harbour bath towel
2026-01-01T00:06:40.850000Z,q0038,sandals
2026-01-01T00:06:40.950000Z,q0700,Linden throw blanket
2026-01-01T00:06:41.050000Z,q0003,denim jeans
2026-01-01T00:06:41.150000Z,q0043,water bottle
2026-01-01T00:06:41.250000Z,q0262,green walking boots
2026-01-01T00:06:41.350000Z,q0010,sunscreen
2026-01-01T00:06:41.450000Z,q0042,football
2026-01-01T00:06:41.550000Z,q0034,chopping board
2026-01-01T00:06:41.650000Z,q0040,leather shoes
2026-01-01T00:06:41.750000Z,q0300,green sticky notes
2026-01-01T00:06:41.850000Z,q0039,slippers
2026-01-01T00:06:41.950000Z,q0871,cotton wooden puzzle
2026-01-01T00:06:42.050000Z,q0038,sandals
2026-01-01T00:06:42.150000Z,q0001,cotton shirt
2026-01-01T00:06:42.250000Z,q0382,red shampoo
2026-01-01T00:06:42.350000Z,q0038,sandals
2026-01-01T00:06:42.450000Z,q0033,cutlery set
2026-01-01T00:06:42.550000Z,q0014,gardening book
2026-01-01T00:06:42.650000Z,q0020,electric toothbrush
2026-01-01T00:06:42.750000Z,q0033,cutlery set
2026-01-01T00:06:42.850000Z,q0009,body wash
2026-01-01T00:06:42.950000Z,q0003,denim jeans
2026-01-01T00:06:43.056000Z,q0019,heat pad
2026-01-01T00:06:43.167000Z,q0002,linen dress
2026-01-01T00:06:43.278000Z,q0029,wall shelf
2026-01-01T00:06:43.389000Z,q0033,cutlery set
2026-01-01T00:06:43.500000Z,q0030,work gloves
2026-01-01T00:06:43.611000Z,q0012,travel guide
2026-01-01T00:06:43.722000Z,q0020,electric toothbrush
2026-01-01T00:06:43.833000Z,q0007,shampoo
2026-01-01T00:06:43.944000Z,q0021,desk lamp
2026-01-01T00:06:44.056000Z,q0505,white usb c charger
2026-01-01T00:06:44.167000Z,q0012,travel guide
2026-01-01T00:06:44.278000Z,q0040,leather shoes
2026-01-01T00:06:44.389000Z,q0081,black face moisturiser
2026-01-01T00:06:44.500000Z,q0018,sleep mask
2026-01-01T00:06:44.611000Z,q0045,running shorts
2026-01-01T00:06:44.722000Z,q0253,green tool box
2026-01-01T00:06:44.833000Z,q0030,work gloves
2026-01-01T00:06:44.944000Z,q0017,first aid kit
2026-01-01T00:06:45.056000Z,q0007,shampoo
2026-01-01T00:06:45.167000Z,q0044,resistance bands
2026-01-01T00:06:45.278000Z,q0031,steel saucepan
2026-01-01T00:06:45.389000Z,q0582,Alder ground coffee
2026-01-01T00:06:45.500000Z,q0037,walking boots
2026-01-01T00:06:45.611000Z,q0882,cotton ground coffee
2026-01-01T00:06:45.722000Z,q0027,paint brush
2026-01-01T00:06:45.833000Z,q0040,leather shoes
2026-01-01T00:06:45.944000Z,q0046,wooden puzzle
2026-01-01T00:06:46.056000Z,q0013,children storybook
2026-01-01T00:06:46.167000Z,q0021,desk lamp
2026-01-01T00:06:46.278000Z,q0032,ceramic mug
2026-01-01T00:06:46.389000Z,q0032,ceramic mug
2026-01-01T00:06:46.500000Z,q0525,white sticky notes
2026-01-01T00:06:46.611000Z,q0047,building blocks
2026-01-01T00:06:46.722000Z,q0044,resistance bands
2026-01-01T00:06:46.833000Z,q0825,Vela sticky notes
2026-01-01T00:06:46.944000Z,q0472,white cotton bedding
2026-01-01T00:06:47.056000Z,q0020,electric toothbrush
2026-01-01T00:06:47.167000Z,q0657,Harbour ground coffee
2026-01-01T00:06:47.278000Z,q0204,blue smart watch
2026-01-01T00:06:47.389000Z,q0271,green wooden puzzle
2026-01-01T00:06:47.500000Z,q0015,crime novel
2026-01-01T00:06:47.611000Z,q0032,ceramic mug
2026-01-01T00:06:47.722000Z,q0475,white throw blanket
2026-01-01T00:06:47.833000Z,q0988,archived lunar model 8
2026-01-01T00:06:47.944000Z,q0021,desk lamp
2026-01-01T00:06:48.056000Z,q0134,black pasta sauce
2026-01-01T00:06:48.167000Z,q0927,recycled paint brush
2026-01-01T00:06:48.278000Z,q0016,vitamin tablets
2026-01-01T00:06:48.389000Z,q0041,yoga mat
2026-01-01T00:06:48.500000Z,q0005,rain jacket
2026-01-01T00:06:48.611000Z,q0484,white chopping board
2026-01-01T00:06:48.722000Z,q0092,black first aid kit
2026-01-01T00:06:48.833000Z,q0970,recycled pet blanket
2026-01-01T00:06:48.944000Z,q0356,grey breakfast oats
2026-01-01T00:06:49.056000Z,q0025,throw blanket
2026-01-01T00:06:49.167000Z,q0032,ceramic mug
2026-01-01T00:06:49.278000Z,q0174,blue storage basket
2026-01-01T00:06:49.389000Z,q0219,blue bird feeder
2026-01-01T00:06:49.500000Z,q0030,work gloves
2026-01-01T00:06:49.611000Z,q0007,shampoo
2026-01-01T00:06:49.722000Z,q0270,green running shorts
2026-01-01T00:06:49.833000Z,q0002,linen dress
2026-01-01T00:06:49.944000Z,q0049,craft kit
2026-01-01T00:06:50.056000Z,q0011,cookbook
2026-01-01T00:06:50.167000Z,q0009,body wash
2026-01-01T00:06:50.278000Z,q0010,sunscreen
2026-01-01T00:06:50.389000Z,q0707,Linden ceramic mug
2026-01-01T00:06:50.500000Z,q0017,first aid kit
2026-01-01T00:06:50.611000Z,q0008,hand cream
2026-01-01T00:06:50.722000Z,q0158,blue hand cream
2026-01-01T00:06:50.833000Z,q0012,travel guide
2026-01-01T00:06:50.944000Z,q0040,leather shoes
2026-01-01T00:06:51.056000Z,q0002,linen dress
2026-01-01T00:06:51.167000Z,q0045,running shorts
2026-01-01T00:06:51.278000Z,q0050,toy train
2026-01-01T00:06:51.389000Z,q0036,running shoes
2026-01-01T00:06:51.500000Z,q0575,Alder toy train
2026-01-01T00:06:51.611000Z,q0502,white bluetooth speaker
2026-01-01T00:06:51.722000Z,q0666,Harbour dog lead
2026-01-01T00:06:51.833000Z,q0013,children storybook
2026-01-01T00:06:51.944000Z,q0025,throw blanket
2026-01-01T00:06:52.056000Z,q0748,Linden desk organiser
2026-01-01T00:06:52.167000Z,q0016,vitamin tablets
2026-01-01T00:06:52.278000Z,q0179,blue wall shelf
2026-01-01T00:06:52.389000Z,q0025,throw blanket
2026-01-01T00:06:52.500000Z,q0910,recycled sunscreen
2026-01-01T00:06:52.611000Z,q0034,chopping board
2026-01-01T00:06:52.722000Z,q0021,desk lamp
2026-01-01T00:06:52.833000Z,q0011,cookbook
2026-01-01T00:06:52.944000Z,q0007,shampoo
2026-01-01T00:06:53.056000Z,q0026,cordless drill
2026-01-01T00:06:53.167000Z,q0031,steel saucepan
2026-01-01T00:06:53.278000Z,q0360,grey olive oil
2026-01-01T00:06:53.389000Z,q0020,electric toothbrush
2026-01-01T00:06:53.500000Z,q0012,travel guide
2026-01-01T00:06:53.611000Z,q0041,yoga mat
2026-01-01T00:06:53.722000Z,q0017,first aid kit
2026-01-01T00:06:53.833000Z,q0547,Alder cotton bedding
2026-01-01T00:06:53.944000Z,q0243,green sleep mask
2026-01-01T00:06:54.056000Z,q0003,denim jeans
2026-01-01T00:06:54.167000Z,q0143,black pet bowl
2026-01-01T00:06:54.278000Z,q0012,travel guide
2026-01-01T00:06:54.389000Z,q0032,ceramic mug
2026-01-01T00:06:54.500000Z,q0043,water bottle
2026-01-01T00:06:54.611000Z,q0049,craft kit
2026-01-01T00:06:54.722000Z,q0017,first aid kit
2026-01-01T00:06:54.833000Z,q0005,rain jacket
2026-01-01T00:06:54.944000Z,q0432,red ground coffee
2026-01-01T00:06:55.056000Z,q0021,desk lamp
2026-01-01T00:06:55.167000Z,q0039,slippers
2026-01-01T00:06:55.278000Z,q0050,toy train
2026-01-01T00:06:55.389000Z,q0569,Alder resistance bands
2026-01-01T00:06:55.500000Z,q0021,desk lamp
2026-01-01T00:06:55.611000Z,q0043,water bottle
2026-01-01T00:06:55.722000Z,q0022,cotton bedding
2026-01-01T00:06:55.833000Z,q0001,cotton shirt
2026-01-01T00:06:55.944000Z,q0014,gardening book
2026-01-01T00:06:56.056000Z,q0033,cutlery set
2026-01-01T00:06:56.167000Z,q0002,linen dress
2026-01-01T00:06:56.278000Z,q0050,toy train
2026-01-01T00:06:56.389000Z,q0017,first aid kit
2026-01-01T00:06:56.500000Z,q0043,water bottle
2026-01-01T00:06:56.611000Z,q0113,black sandals
2026-01-01T00:06:56.722000Z,q0036,running shoes
2026-01-01T00:06:56.833000Z,q0048,plush bear
2026-01-01T00:06:56.944000Z,q0049,craft kit
2026-01-01T00:06:57.056000Z,q0038,sandals
2026-01-01T00:06:57.167000Z,q0028,tool box
2026-01-01T00:06:57.278000Z,q0042,football
2026-01-01T00:06:57.389000Z,q0025,throw blanket
2026-01-01T00:06:57.500000Z,q0654,Harbour smart watch
2026-01-01T00:06:57.611000Z,q0036,running shoes
2026-01-01T00:06:57.722000Z,q0952,recycled bluetooth speaker
2026-01-01T00:06:57.833000Z,q0484,white chopping board
2026-01-01T00:06:57.944000Z,q0056,breakfast oats
2026-01-01T00:06:58.056000Z,q0018,sleep mask
2026-01-01T00:06:58.167000Z,q0021,desk lamp
2026-01-01T00:06:58.278000Z,q0041,yoga mat
2026-01-01T00:06:58.389000Z,q0033,cutlery set
2026-01-01T00:06:58.500000Z,q0031,steel saucepan
2026-01-01T00:06:58.611000Z,q0011,cookbook
2026-01-01T00:06:58.722000Z,q0016,vitamin tablets
2026-01-01T00:06:58.833000Z,q0011,cookbook
2026-01-01T00:06:58.944000Z,q0015,crime novel
2026-01-01T00:06:59.056000Z,q0812,Vela watering can
2026-01-01T00:06:59.167000Z,q0546,Alder desk lamp
2026-01-01T00:06:59.278000Z,q0015,crime novel
2026-01-01T00:06:59.389000Z,q0014,gardening book
2026-01-01T00:06:59.500000Z,q0001,cotton shirt
2026-01-01T00:06:59.611000Z,q0034,chopping board
2026-01-01T00:06:59.722000Z,q0404,red wall shelf
2026-01-01T00:06:59.833000Z,q0017,first aid kit
2026-01-01T00:06:59.944000Z,q0693,Linden sleep mask
2026-01-01T00:07:00.056000Z,q0035,glass storage jar
2026-01-01T00:07:00.167000Z,q0040,leather shoes
2026-01-01T00:07:00.278000Z,q0027,paint brush
2026-01-01T00:07:00.389000Z,q0023,bath towel
2026-01-01T00:07:00.500000Z,q0629,Harbour wall shelf
2026-01-01T00:07:00.611000Z,q0013,children storybook
2026-01-01T00:07:00.722000Z,q0008,hand cream
2026-01-01T00:07:00.833000Z,q0148,black desk organiser
2026-01-01T00:07:00.944000Z,q0044,resistance bands
2026-01-01T00:07:01.056000Z,q0015,crime novel
2026-01-01T00:07:01.167000Z,q0012,travel guide
2026-01-01T00:07:01.278000Z,q0019,heat pad
2026-01-01T00:07:01.389000Z,q0021,desk lamp
2026-01-01T00:07:01.500000Z,q0212,blue watering can
2026-01-01T00:07:01.611000Z,q0034,chopping board
2026-01-01T00:07:01.722000Z,q0002,linen dress
2026-01-01T00:07:01.833000Z,q0019,heat pad
2026-01-01T00:07:01.944000Z,q0520,white pet blanket
2026-01-01T00:07:02.056000Z,q0042,football
2026-01-01T00:07:02.167000Z,q0005,rain jacket
2026-01-01T00:07:02.278000Z,q0944,recycled resistance bands
2026-01-01T00:07:02.389000Z,q0372,grey ballpoint pens
2026-01-01T00:07:02.500000Z,q1000,archived lunar model 20
2026-01-01T00:07:02.611000Z,q0025,throw blanket
2026-01-01T00:07:02.722000Z,q0025,throw blanket
2026-01-01T00:07:02.833000Z,q0936,recycled running shoes
2026-01-01T00:07:02.944000Z,q0309,grey body wash
2026-01-01T00:07:03.056000Z,q0017,first aid kit
2026-01-01T00:07:03.167000Z,q0016,vitamin tablets
2026-01-01T00:07:03.278000Z,q0024,storage basket
2026-01-01T00:07:03.389000Z,q0221,blue notebook
2026-01-01T00:07:03.500000Z,q0994,archived lunar model 14
2026-01-01T00:07:03.611000Z,q0503,white tablet
2026-01-01T00:07:03.722000Z,q0006,face moisturiser
2026-01-01T00:07:03.833000Z,q0020,electric toothbrush
2026-01-01T00:07:03.944000Z,q0024,storage basket
2026-01-01T00:07:04.056000Z,q0014,gardening book
2026-01-01T00:07:04.167000Z,q0757,Vela shampoo
2026-01-01T00:07:04.278000Z,q0047,building blocks
2026-01-01T00:07:04.389000Z,q0004,wool jumper
2026-01-01T00:07:04.500000Z,q0021,desk lamp
2026-01-01T00:07:04.611000Z,q0359,grey pasta sauce
2026-01-01T00:07:04.722000Z,q0833,cotton hand cream
2026-01-01T00:07:04.833000Z,q0231,green face moisturiser
2026-01-01T00:07:04.944000Z,q0016,vitamin tablets
2026-01-01T00:07:05.056000Z,q0971,recycled notebook
2026-01-01T00:07:05.167000Z,q0031,steel saucepan
2026-01-01T00:07:05.278000Z,q0034,chopping board
2026-01-01T00:07:05.389000Z,q0024,storage basket
2026-01-01T00:07:05.500000Z,q0298,green desk organiser
2026-01-01T00:07:05.611000Z,q0014,gardening book
2026-01-01T00:07:05.722000Z,q0551,Alder cordless drill
2026-01-01T00:07:05.833000Z,q0002,linen dress
2026-01-01T00:07:05.944000Z,q0012,travel guide
2026-01-01T00:07:06.062000Z,q0014,gardening book
2026-01-01T00:07:06.188000Z,q0014,gardening book
2026-01-01T00:07:06.312000Z,q0049,craft kit
2026-01-01T00:07:06.438000Z,q0006,face moisturiser
2026-01-01T00:07:06.562000Z,q0016,vitamin tablets
2026-01-01T00:07:06.688000Z,q0030,work gloves
2026-01-01T00:07:06.812000Z,q0527,Alder linen dress
2026-01-01T00:07:06.938000Z,q0048,plush bear
2026-01-01T00:07:07.062000Z,q0043,water bottle
2026-01-01T00:07:07.188000Z,q0014,gardening book
2026-01-01T00:07:07.312000Z,q0023,bath towel
2026-01-01T00:07:07.438000Z,q0250,green throw blanket
2026-01-01T00:07:07.562000Z,q0007,shampoo
2026-01-01T00:07:07.688000Z,q0019,heat pad
2026-01-01T00:07:07.812000Z,q0919,recycled heat pad
2026-01-01T00:07:07.938000Z,q0038,sandals
2026-01-01T00:07:08.062000Z,q0770,Vela electric toothbrush
2026-01-01T00:07:08.188000Z,q0018,sleep mask
2026-01-01T00:07:08.312000Z,q0672,Harbour ballpoint pens
2026-01-01T00:07:08.438000Z,q0034,chopping board
2026-01-01T00:07:08.562000Z,q0020,electric toothbrush
2026-01-01T00:07:08.688000Z,q0036,running shoes
2026-01-01T00:07:08.812000Z,q0351,grey wireless headphones
2026-01-01T00:07:08.938000Z,q0026,cordless drill
2026-01-01T00:07:09.062000Z,q0010,sunscreen
2026-01-01T00:07:09.188000Z,q0945,recycled running shorts
2026-01-01T00:07:09.312000Z,q0583,Alder herbal tea
2026-01-01T00:07:09.438000Z,q0725,Linden toy train
2026-01-01T00:07:09.562000Z,q0025,throw blanket
2026-01-01T00:07:09.688000Z,q0029,wall shelf
2026-01-01T00:07:09.812000Z,q0282,green ground coffee
2026-01-01T00:07:09.938000Z,q0043,water bottle
2026-01-01T00:07:10.062000Z,q0025,throw blanket
2026-01-01T00:07:10.188000Z,q0553,Alder tool box
2026-01-01T00:07:10.312000Z,q0856,cotton steel saucepan
2026-01-01T00:07:10.438000Z,q0005,rain jacket
2026-01-01T00:07:10.562000Z,q0016,vitamin tablets
2026-01-01T00:07:10.688000Z,q0034,chopping board
2026-01-01T00:07:10.812000Z,q0008,hand cream
2026-01-01T00:07:10.938000Z,q0022,cotton bedding
2026-01-01T00:07:11.062000Z,q0003,denim jeans
2026-01-01T00:07:11.188000Z,q0010,sunscreen
2026-01-01T00:07:11.312000Z,q0011,cookbook
2026-01-01T00:07:11.438000Z,q0099,black storage basket
2026-01-01T00:07:11.562000Z,q0372,grey ballpoint pens
2026-01-01T00:07:11.688000Z,q0023,bath towel
2026-01-01T00:07:11.812000Z,q0858,cotton cutlery set
2026-01-01T00:07:11.938000Z,q0048,plush bear
2026-01-01T00:07:12.062000Z,q0791,Vela yoga mat
2026-01-01T00:07:12.188000Z,q0006,face moisturiser
2026-01-01T00:07:12.312000Z,q0015,crime novel
2026-01-01T00:07:12.438000Z,q0011,cookbook
2026-01-01T00:07:12.562000Z,q0004,wool jumper
2026-01-01T00:07:12.688000Z,q0004,wool jumper
2026-01-01T00:07:12.812000Z,q0491,white yoga mat
2026-01-01T00:07:12.938000Z,q0020,electric toothbrush
2026-01-01T00:07:13.062000Z,q0371,grey notebook
2026-01-01T00:07:13.188000Z,q0809,Vela pasta sauce
2026-01-01T00:07:13.312000Z,q0011,cookbook
2026-01-01T00:07:13.438000Z,q0050,toy train
2026-01-01T00:07:13.562000Z,q0035,glass storage jar
2026-01-01T00:07:13.688000Z,q0149,black sketch pad
2026-01-01T00:07:13.812000Z,q0005,rain jacket
2026-01-01T00:07:13.938000Z,q0031,steel saucepan
2026-01-01T00:07:14.062000Z,q0048,plush bear
2026-01-01T00:07:14.188000Z,q0010,sunscreen
2026-01-01T00:07:14.312000Z,q0042,football
2026-01-01T00:07:14.438000Z,q0001,cotton shirt
2026-01-01T00:07:14.562000Z,q0028,tool box
2026-01-01T00:07:14.688000Z,q0002,linen dress
2026-01-01T00:07:14.812000Z,q0029,wall shelf
2026-01-01T00:07:14.938000Z,q0862,cotton walking boots
2026-01-01T00:07:15.062000Z,q0243,green sleep mask
2026-01-01T00:07:15.188000Z,q0047,building blocks
2026-01-01T00:07:15.312000Z,q0014,gardening book
2026-01-01T00:07:15.438000Z,q0050,toy train
2026-01-01T00:07:15.562000Z,q0044,resistance bands
2026-01-01T00:07:15.688000Z,q0043,water bottle
2026-01-01T00:07:15.812000Z,q0020,electric toothbrush
2026-01-01T00:07:15.938000Z,q0021,desk lamp
2026-01-01T00:07:16.062000Z,q0049,craft kit
2026-01-01T00:07:16.188000Z,q0410,red glass storage jar
2026-01-01T00:07:16.312000Z,q0045,running shorts
2026-01-01T00:07:16.438000Z,q0006,face moisturiser
2026-01-01T00:07:16.562000Z,q0038,sandals
2026-01-01T00:07:16.688000Z,q0014,gardening book
2026-01-01T00:07:16.812000Z,q0531,Alder face moisturiser
2026-01-01T00:07:16.938000Z,q0148,black desk organiser
2026-01-01T00:07:17.062000Z,q0016,vitamin tablets
2026-01-01T00:07:17.188000Z,q0090,black crime novel
2026-01-01T00:07:17.312000Z,q0037,walking boots
2026-01-01T00:07:17.438000Z,q0016,vitamin tablets
2026-01-01T00:07:17.562000Z,q0021,desk lamp
2026-01-01T00:07:17.688000Z,q0020,electric toothbrush
2026-01-01T00:07:17.812000Z,q0010,sunscreen
2026-01-01T00:07:17.938000Z,q0043,water bottle
2026-01-01T00:07:18.062000Z,q0634,Harbour chopping board
2026-01-01T00:07:18.188000Z,q0875,cotton toy train
2026-01-01T00:07:18.312000Z,q0365,grey solar lights
2026-01-01T00:07:18.438000Z,q0049,craft kit
2026-01-01T00:07:18.562000Z,q0025,throw blanket
2026-01-01T00:07:18.688000Z,q0992,archived lunar model 12
2026-01-01T00:07:18.812000Z,q0750,Linden sticky notes
2026-01-01T00:07:18.938000Z,q0035,glass storage jar
2026-01-01T00:07:19.062000Z,q0899,cotton sketch pad
2026-01-01T00:07:19.188000Z,q0014,gardening book
2026-01-01T00:07:19.312000Z,q0039,slippers
2026-01-01T00:07:19.438000Z,q0027,paint brush
2026-01-01T00:07:19.562000Z,q0653,Harbour tablet
2026-01-01T00:07:19.688000Z,q0039,slippers
2026-01-01T00:07:19.812000Z,q0021,desk lamp
2026-01-01T00:07:19.938000Z,q0043,water bottle
2026-01-01T00:07:20.062000Z,q0025,throw blanket
2026-01-01T00:07:20.188000Z,q0832,cotton shampoo
2026-01-01T00:07:20.312000Z,q0029,wall shelf
2026-01-01T00:07:20.438000Z,q0020,electric toothbrush
2026-01-01T00:07:20.562000Z,q0022,cotton bedding
2026-01-01T00:07:20.688000Z,q0002,linen dress
2026-01-01T00:07:20.812000Z,q0006,face moisturiser
2026-01-01T00:07:20.938000Z,q0032,ceramic mug
2026-01-01T00:07:21.062000Z,q0019,heat pad
2026-01-01T00:07:21.188000Z,q0236,green cookbook
2026-01-01T00:07:21.312000Z,q0042,football
2026-01-01T00:07:21.438000Z,q0050,toy train
2026-01-01T00:07:21.562000Z,q0031,steel saucepan
2026-01-01T00:07:21.688000Z,q0535,Alder sunscreen
2026-01-01T00:07:21.812000Z,q0045,running shorts
2026-01-01T00:07:21.938000Z,q0889,cotton pruning shears
2026-01-01T00:07:22.062000Z,q0035,glass storage jar
2026-01-01T00:07:22.188000Z,q0019,heat pad
2026-01-01T00:07:22.312000Z,q0476,white cordless drill
2026-01-01T00:07:22.438000Z,q0028,tool box
2026-01-01T00:07:22.562000Z,q0044,resistance bands
2026-01-01T00:07:22.688000Z,q0026,cordless drill
2026-01-01T00:07:22.812000Z,q0049,craft kit
2026-01-01T00:07:22.938000Z,q0047,building blocks
2026-01-01T00:07:23.071000Z,q0750,Linden sticky notes
2026-01-01T00:07:23.214000Z,q0037,walking boots
2026-01-01T00:07:23.357000Z,q0037,walking boots
2026-01-01T00:07:23.500000Z,q0030,work gloves
2026-01-01T00:07:23.643000Z,q0023,bath towel
2026-01-01T00:07:23.786000Z,q0043,water bottle
2026-01-01T00:07:23.929000Z,q0399,red storage basket
2026-01-01T00:07:24.071000Z,q0030,work gloves
2026-01-01T00:07:24.214000Z,q0029,wall shelf
2026-01-01T00:07:24.357000Z,q0048,plush bear
2026-01-01T00:07:24.500000Z,q0050,toy train
2026-01-01T00:07:24.643000Z,q0024,storage basket
2026-01-01T00:07:24.786000Z,q0033,cutlery set
2026-01-01T00:07:24.929000Z,q0013,children storybook
2026-01-01T00:07:25.071000Z,q0009,body wash
2026-01-01T00:07:25.214000Z,q0037,walking boots
2026-01-01T00:07:25.357000Z,q0202,blue bluetooth speaker
2026-01-01T00:07:25.500000Z,q0023,bath towel
2026-01-01T00:07:25.643000Z,q0007,shampoo
2026-01-01T00:07:25.786000Z,q0027,paint brush
2026-01-01T00:07:25.929000Z,q0045,running shorts
2026-01-01T00:07:26.071000Z,q0002,linen dress
2026-01-01T00:07:26.214000Z,q0939,recycled slippers
2026-01-01T00:07:26.357000Z,q0659,Harbour pasta sauce
2026-01-01T00:07:26.500000Z,q0012,travel guide
2026-01-01T00:07:26.643000Z,q0347,grey building blocks
2026-01-01T00:07:26.786000Z,q0040,leather shoes
2026-01-01T00:07:26.929000Z,q0006,face moisturiser
2026-01-01T00:07:27.071000Z,q0043,water bottle
2026-01-01T00:07:27.214000Z,q0904,recycled wool jumper
2026-01-01T00:07:27.357000Z,q0262,green walking boots
2026-01-01T00:07:27.500000Z,q0002,linen dress
2026-01-01T00:07:27.643000Z,q0014,gardening book
2026-01-01T00:07:27.786000Z,q0919,recycled heat pad
2026-01-01T00:07:27.929000Z,q0334,grey chopping board
2026-01-01T00:07:28.071000Z,q0019,heat pad
2026-01-01T00:07:28.214000Z,q0587,Alder watering can
2026-01-01T00:07:28.357000Z,q0215,blue solar lights
2026-01-01T00:07:28.500000Z,q0133,black herbal tea
2026-01-01T00:07:28.643000Z,q0588,Alder plant pot
2026-01-01T00:07:28.786000Z,q0009,body wash
2026-01-01T00:07:28.929000Z,q0022,cotton bedding
2026-01-01T00:07:29.071000Z,q0033,cutlery set
2026-01-01T00:07:29.214000Z,q0033,cutlery set
2026-01-01T00:07:29.357000Z,q0045,running shorts
2026-01-01T00:07:29.500000Z,q0687,Linden travel guide
2026-01-01T00:07:29.643000Z,q0020,electric toothbrush
2026-01-01T00:07:29.786000Z,q0032,ceramic mug
2026-01-01T00:07:29.929000Z,q0014,gardening book
2026-01-01T00:07:30.071000Z,q0912,recycled travel guide
2026-01-01T00:07:30.214000Z,q0568,Alder water bottle
2026-01-01T00:07:30.357000Z,q0936,recycled running shoes
2026-01-01T00:07:30.500000Z,q0879,cotton smart watch
2026-01-01T00:07:30.643000Z,q0032,ceramic mug
2026-01-01T00:07:30.786000Z,q0029,wall shelf
2026-01-01T00:07:30.929000Z,q0004,wool jumper
2026-01-01T00:07:31.071000Z,q0001,cotton shirt
2026-01-01T00:07:31.214000Z,q0862,cotton walking boots
2026-01-01T00:07:31.357000Z,q0041,yoga mat
2026-01-01T00:07:31.500000Z,q0630,Harbour work gloves
2026-01-01T00:07:31.643000Z,q0021,desk lamp
2026-01-01T00:07:31.786000Z,q0023,bath towel
2026-01-01T00:07:31.929000Z,q0214,blue pruning shears
2026-01-01T00:07:32.071000Z,q0015,crime novel
2026-01-01T00:07:32.214000Z,q0014,gardening book
2026-01-01T00:07:32.357000Z,q0001,cotton shirt
2026-01-01T00:07:32.500000Z,q0790,Vela leather shoes
2026-01-01T00:07:32.643000Z,q0017,first aid kit
2026-01-01T00:07:32.786000Z,q0631,Harbour steel saucepan
2026-01-01T00:07:32.929000Z,q0658,Harbour herbal tea
2026-01-01T00:07:33.071000Z,q0012,travel guide
2026-01-01T00:07:33.214000Z,q0033,cutlery set
2026-01-01T00:07:33.357000Z,q0671,Harbour notebook
2026-01-01T00:07:33.500000Z,q0005,rain jacket
2026-01-01T00:07:33.643000Z,q0193,blue water bottle
2026-01-01T00:07:33.786000Z,q0031,steel saucepan
2026-01-01T00:07:33.929000Z,q0088,black children storybook
2026-01-01T00:07:34.071000Z,q0020,electric toothbrush
2026-01-01T00:07:34.214000Z,q0006,face moisturiser
2026-01-01T00:07:34.357000Z,q0037,walking boots
2026-01-01T00:07:34.500000Z,q0704,Linden wall shelf
2026-01-01T00:07:34.643000Z,q0003,denim jeans
2026-01-01T00:07:34.786000Z,q0013,children storybook
2026-01-01T00:07:34.929000Z,q0034,chopping board
2026-01-01T00:07:35.071000Z,q0265,green leather shoes
2026-01-01T00:07:35.214000Z,q0030,work gloves
2026-01-01T00:07:35.357000Z,q0032,ceramic mug
2026-01-01T00:07:35.500000Z,q0816,Vela dog lead
2026-01-01T00:07:35.643000Z,q0013,children storybook
2026-01-01T00:07:35.786000Z,q0008,hand cream
2026-01-01T00:07:35.929000Z,q0037,walking boots
2026-01-01T00:07:36.071000Z,q0005,rain jacket
2026-01-01T00:07:36.214000Z,q0119,black resistance bands
2026-01-01T00:07:36.357000Z,q0027,paint brush
2026-01-01T00:07:36.500000Z,q0002,linen dress
2026-01-01T00:07:36.643000Z,q0027,paint brush
2026-01-01T00:07:36.786000Z,q0028,tool box
2026-01-01T00:07:36.929000Z,q0007,shampoo
2026-01-01T00:07:37.071000Z,q0449,red sketch pad
2026-01-01T00:07:37.214000Z,q0048,plush bear
2026-01-01T00:07:37.357000Z,q0035,glass storage jar
2026-01-01T00:07:37.500000Z,q0411,red running shoes
2026-01-01T00:07:37.643000Z,q0010,sunscreen
2026-01-01T00:07:37.786000Z,q0045,running shorts
2026-01-01T00:07:37.929000Z,q0042,football
2026-01-01T00:07:38.083000Z,q0033,cutlery set
2026-01-01T00:07:38.250000Z,q0029,wall shelf
2026-01-01T00:07:38.417000Z,q0003,denim jeans
2026-01-01T00:07:38.583000Z,q0007,shampoo
2026-01-01T00:07:38.750000Z,q0731,Linden breakfast oats
2026-01-01T00:07:38.917000Z,q0948,recycled plush bear
2026-01-01T00:07:39.083000Z,q0478,white tool box
2026-01-01T00:07:39.250000Z,q0046,wooden puzzle
2026-01-01T00:07:39.417000Z,q0042,football
2026-01-01T00:07:39.583000Z,q0011,cookbook
2026-01-01T00:07:39.750000Z,q0021,desk lamp
2026-01-01T00:07:39.917000Z,q0347,grey building blocks
2026-01-01T00:07:40.083000Z,q0032,ceramic mug
2026-01-01T00:07:40.250000Z,q0050,toy train
2026-01-01T00:07:40.417000Z,q0029,wall shelf
2026-01-01T00:07:40.583000Z,q0767,Vela first aid kit
2026-01-01T00:07:40.750000Z,q0043,water bottle
2026-01-01T00:07:40.917000Z,q0746,Linden notebook
2026-01-01T00:07:41.083000Z,q0907,recycled shampoo
2026-01-01T00:07:41.250000Z,q0325,grey throw blanket
2026-01-01T00:07:41.417000Z,q0022,cotton bedding
2026-01-01T00:07:41.583000Z,q0003,denim jeans
2026-01-01T00:07:41.750000Z,q0877,cotton bluetooth speaker
2026-01-01T00:07:41.917000Z,q0687,Linden travel guide
2026-01-01T00:07:42.083000Z,q0325,grey throw blanket
2026-01-01T00:07:42.250000Z,q0011,cookbook
2026-01-01T00:07:42.417000Z,q0026,cordless drill
2026-01-01T00:07:42.583000Z,q0251,green cordless drill
2026-01-01T00:07:42.750000Z,q0021,desk lamp
2026-01-01T00:07:42.917000Z,q0240,green crime novel
2026-01-01T00:07:43.083000Z,q0122,black building blocks
2026-01-01T00:07:43.250000Z,q0020,electric toothbrush
2026-01-01T00:07:43.417000Z,q0840,cotton crime novel
2026-01-01T00:07:43.583000Z,q0014,gardening book
2026-01-01T00:07:43.750000Z,q0029,wall shelf
2026-01-01T00:07:43.917000Z,q0048,plush bear
2026-01-01T00:07:44.083000Z,q0045,running shorts
2026-01-01T00:07:44.250000Z,q0041,yoga mat
2026-01-01T00:07:44.417000Z,q0036,running shoes
2026-01-01T00:07:44.583000Z,q0106,black steel saucepan
2026-01-01T00:07:44.750000Z,q0017,first aid kit
2026-01-01T00:07:44.917000Z,q0027,paint brush
2026-01-01T00:07:45.083000Z,q0023,bath towel
2026-01-01T00:07:45.250000Z,q0663,Harbour plant pot
2026-01-01T00:07:45.417000Z,q0203,blue tablet
2026-01-01T00:07:45.583000Z,q0321,grey desk lamp
2026-01-01T00:07:45.750000Z,q0006,face moisturiser
2026-01-01T00:07:45.917000Z,q0925,recycled throw blanket
2026-01-01T00:07:46.083000Z,q0810,Vela olive oil
2026-01-01T00:07:46.250000Z,q0981,archived lunar model 1
2026-01-01T00:07:46.417000Z,q0026,cordless drill
2026-01-01T00:07:46.583000Z,q0741,Linden dog lead
2026-01-01T00:07:46.750000Z,q0021,desk lamp
2026-01-01T00:07:46.917000Z,q0037,walking boots
2026-01-01T00:07:47.083000Z,q0031,steel saucepan
2026-01-01T00:07:47.250000Z,q0033,cutlery set
2026-01-01T00:07:47.417000Z,q0036,running shoes
2026-01-01T00:07:47.583000Z,q0045,running shorts
2026-01-01T00:07:47.750000Z,q0044,resistance bands
2026-01-01T00:07:47.917000Z,q0027,paint brush
2026-01-01T00:07:48.083000Z,q0021,desk lamp
2026-01-01T00:07:48.250000Z,q0580,Alder usb c charger
2026-01-01T00:07:48.417000Z,q0954,recycled smart watch
2026-01-01T00:07:48.583000Z,q0024,storage basket
2026-01-01T00:07:48.750000Z,q0010,sunscreen
2026-01-01T00:07:48.917000Z,q0988,archived lunar model 8
2026-01-01T00:07:49.083000Z,q0025,throw blanket
2026-01-01T00:07:49.250000Z,q0047,building blocks
2026-01-01T00:07:49.417000Z,q0598,Alder desk organiser
2026-01-01T00:07:49.583000Z,q0041,yoga mat
2026-01-01T00:07:49.750000Z,q0020,electric toothbrush
2026-01-01T00:07:49.917000Z,q0034,chopping board
2026-01-01T00:07:50.083000Z,q0010,sunscreen
2026-01-01T00:07:50.250000Z,q0029,wall shelf
2026-01-01T00:07:50.417000Z,q0028,tool box
2026-01-01T00:07:50.583000Z,q0031,steel saucepan
2026-01-01T00:07:50.750000Z,q0050,toy train
2026-01-01T00:07:50.917000Z,q0046,wooden puzzle
2026-01-01T00:07:51.083000Z,q0008,hand cream
2026-01-01T00:07:51.250000Z,q0415,red leather shoes
2026-01-01T00:07:51.417000Z,q0480,white work gloves
2026-01-01T00:07:51.583000Z,q0039,slippers
2026-01-01T00:07:51.750000Z,q0041,yoga mat
2026-01-01T00:07:51.917000Z,q0021,desk lamp
2026-01-01T00:07:52.083000Z,q0009,body wash
2026-01-01T00:07:52.250000Z,q0010,sunscreen
2026-01-01T00:07:52.417000Z,q0010,sunscreen
2026-01-01T00:07:52.583000Z,q0023,bath towel
2026-01-01T00:07:52.750000Z,q0017,first aid kit
2026-01-01T00:07:52.917000Z,q0046,wooden puzzle
2026-01-01T00:07:53.083000Z,q0024,storage basket
2026-01-01T00:07:53.250000Z,q0034,chopping board
2026-01-01T00:07:53.417000Z,q0033,cutlery set
2026-01-01T00:07:53.583000Z,q0001,cotton shirt
2026-01-01T00:07:53.750000Z,q0041,yoga mat
2026-01-01T00:07:53.917000Z,q0031,steel saucepan
2026-01-01T00:07:54.083000Z,q0623,Harbour bath towel
2026-01-01T00:07:54.250000Z,q0757,Vela shampoo
2026-01-01T00:07:54.417000Z,q0042,football
2026-01-01T00:07:54.583000Z,q0008,hand cream
2026-01-01T00:07:54.750000Z,q0045,running shorts
2026-01-01T00:07:54.917000Z,q0029,wall shelf
2026-01-01T00:07:55.100000Z,q0135,black olive oil
2026-01-01T00:07:55.300000Z,q0479,white wall shelf
2026-01-01T00:07:55.500000Z,q0002,linen dress
2026-01-01T00:07:55.700000Z,q0176,blue cordless drill
2026-01-01T00:07:55.900000Z,q0042,football
2026-01-01T00:07:56.100000Z,q0004,wool jumper
2026-01-01T00:07:56.300000Z,q0645,Harbour running shorts
2026-01-01T00:07:56.500000Z,q0016,vitamin tablets
2026-01-01T00:07:56.700000Z,q0041,yoga mat
2026-01-01T00:07:56.900000Z,q0495,white running shorts
2026-01-01T00:07:57.100000Z,q0029,wall shelf
2026-01-01T00:07:57.300000Z,q0246,green desk lamp
2026-01-01T00:07:57.500000Z,q0043,water bottle
2026-01-01T00:07:57.700000Z,q0010,sunscreen
2026-01-01T00:07:57.900000Z,q0955,recycled usb c charger
2026-01-01T00:07:58.100000Z,q0349,grey craft kit
2026-01-01T00:07:58.300000Z,q0032,ceramic mug
2026-01-01T00:07:58.500000Z,q0019,heat pad
2026-01-01T00:07:58.700000Z,q0018,sleep mask
2026-01-01T00:07:58.900000Z,q0026,cordless drill
2026-01-01T00:07:59.100000Z,q0002,linen dress
2026-01-01T00:07:59.300000Z,q0017,first aid kit
2026-01-01T00:07:59.500000Z,q0015,crime novel
2026-01-01T00:07:59.700000Z,q0032,ceramic mug
2026-01-01T00:07:59.900000Z,q0626,Harbour cordless drill
2026-01-01T00:08:00.100000Z,q0371,grey notebook
2026-01-01T00:08:00.300000Z,q0760,Vela sunscreen
2026-01-01T00:08:00.500000Z,q0030,work gloves
2026-01-01T00:08:00.700000Z,q0033,cutlery set
2026-01-01T00:08:00.900000Z,q0024,storage basket
2026-01-01T00:08:01.100000Z,q0911,recycled cookbook
2026-01-01T00:08:01.300000Z,q0021,desk lamp
2026-01-01T00:08:01.500000Z,q0005,rain jacket
2026-01-01T00:08:01.700000Z,q0762,Vela travel guide
2026-01-01T00:08:01.900000Z,q0016,vitamin tablets
2026-01-01T00:08:02.100000Z,q0062,watering can
2026-01-01T00:08:02.300000Z,q0020,electric toothbrush
2026-01-01T00:08:02.500000Z,q0952,recycled bluetooth speaker
2026-01-01T00:08:02.700000Z,q0039,slippers
2026-01-01T00:08:02.900000Z,q0087,black travel guide
2026-01-01T00:08:03.100000Z,q0759,Vela body wash
2026-01-01T00:08:03.300000Z,q0030,work gloves
2026-01-01T00:08:03.500000Z,q0015,crime novel
2026-01-01T00:08:03.700000Z,q0033,cutlery set
2026-01-01T00:08:03.900000Z,q0572,Alder building blocks
2026-01-01T00:08:04.100000Z,q0912,recycled travel guide
2026-01-01T00:08:04.300000Z,q0007,shampoo
2026-01-01T00:08:04.500000Z,q0410,red glass storage jar
2026-01-01T00:08:04.700000Z,q0008,hand cream
2026-01-01T00:08:04.900000Z,q0015,crime novel
2026-01-01T00:08:05.100000Z,q0011,cookbook
2026-01-01T00:08:05.300000Z,q0011,cookbook
2026-01-01T00:08:05.500000Z,q0026,cordless drill
2026-01-01T00:08:05.700000Z,q0014,gardening book
2026-01-01T00:08:05.900000Z,q0025,throw blanket
2026-01-01T00:08:06.100000Z,q0044,resistance bands
2026-01-01T00:08:06.300000Z,q0919,recycled heat pad
2026-01-01T00:08:06.500000Z,q0278,green tablet
2026-01-01T00:08:06.700000Z,q0495,white running shorts
2026-01-01T00:08:06.900000Z,q0002,linen dress
2026-01-01T00:08:07.100000Z,q0001,cotton shirt
2026-01-01T00:08:07.300000Z,q0595,Alder pet blanket
2026-01-01T00:08:07.500000Z,q0028,tool box
2026-01-01T00:08:07.700000Z,q0041,yoga mat
2026-01-01T00:08:07.900000Z,q0280,green usb c charger
2026-01-01T00:08:08.100000Z,q0033,cutlery set
2026-01-01T00:08:08.300000Z,q0022,cotton bedding
2026-01-01T00:08:08.500000Z,q0046,wooden puzzle
2026-01-01T00:08:08.700000Z,q0045,running shorts
2026-01-01T00:08:08.900000Z,q0047,building blocks
2026-01-01T00:08:09.100000Z,q0046,wooden puzzle
2026-01-01T00:08:09.300000Z,q0791,Vela yoga mat
2026-01-01T00:08:09.500000Z,q0012,travel guide
2026-01-01T00:08:09.700000Z,q0764,Vela gardening book
2026-01-01T00:08:09.900000Z,q0541,Alder vitamin tablets
2026-01-01T00:08:10.100000Z,q0044,resistance bands
2026-01-01T00:08:10.300000Z,q0896,cotton notebook
2026-01-01T00:08:10.500000Z,q0008,hand cream
2026-01-01T00:08:10.700000Z,q0215,blue solar lights
2026-01-01T00:08:10.900000Z,q0043,water bottle
2026-01-01T00:08:11.100000Z,q0003,denim jeans
2026-01-01T00:08:11.300000Z,q0023,bath towel
2026-01-01T00:08:11.500000Z,q0874,cotton craft kit
2026-01-01T00:08:11.700000Z,q0016,vitamin tablets
2026-01-01T00:08:11.900000Z,q0015,crime novel
2026-01-01T00:08:12.100000Z,q0033,cutlery set
2026-01-01T00:08:12.300000Z,q0025,throw blanket
2026-01-01T00:08:12.500000Z,q0040,leather shoes
2026-01-01T00:08:12.700000Z,q0029,wall shelf
2026-01-01T00:08:12.900000Z,q0037,walking boots
2026-01-01T00:08:13.100000Z,q0867,cotton football
2026-01-01T00:08:13.300000Z,q0046,wooden puzzle
2026-01-01T00:08:13.500000Z,q0030,work gloves
2026-01-01T00:08:13.700000Z,q0931,recycled steel saucepan
2026-01-01T00:08:13.900000Z,q0879,cotton smart watch
2026-01-01T00:08:14.100000Z,q0582,Alder ground coffee
2026-01-01T00:08:14.300000Z,q0352,grey bluetooth speaker
2026-01-01T00:08:14.500000Z,q0034,chopping board
2026-01-01T00:08:14.700000Z,q0039,slippers
2026-01-01T00:08:14.900000Z,q0002,linen dress
2026-01-01T00:08:15.100000Z,q0044,resistance bands
2026-01-01T00:08:15.300000Z,q0038,sandals
2026-01-01T00:08:15.500000Z,q0034,chopping board
2026-01-01T00:08:15.700000Z,q0848,cotton bath towel
2026-01-01T00:08:15.900000Z,q0987,archived lunar model 7
2026-01-01T00:08:16.100000Z,q0747,Linden ballpoint pens
2026-01-01T00:08:16.300000Z,q0017,first aid kit
2026-01-01T00:08:16.500000Z,q0008,hand cream
2026-01-01T00:08:16.700000Z,q0005,rain jacket
2026-01-01T00:08:16.900000Z,q0041,yoga mat
2026-01-01T00:08:17.100000Z,q0032,ceramic mug
2026-01-01T00:08:17.300000Z,q0822,Vela ballpoint pens
2026-01-01T00:08:17.500000Z,q0045,running shorts
2026-01-01T00:08:17.700000Z,q0013,children storybook
2026-01-01T00:08:17.900000Z,q0019,heat pad
2026-01-01T00:08:18.125000Z,q0738,Linden plant pot
2026-01-01T00:08:18.375000Z,q0916,recycled vitamin tablets
2026-01-01T00:08:18.625000Z,q0040,leather shoes
2026-01-01T00:08:18.875000Z,q0045,running shorts
2026-01-01T00:08:19.125000Z,q0002,linen dress
2026-01-01T00:08:19.375000Z,q0925,recycled throw blanket
2026-01-01T00:08:19.625000Z,q0029,wall shelf
2026-01-01T00:08:19.875000Z,q0019,heat pad
2026-01-01T00:08:20.125000Z,q0042,football
2026-01-01T00:08:20.375000Z,q0010,sunscreen
2026-01-01T00:08:20.625000Z,q0016,vitamin tablets
2026-01-01T00:08:20.875000Z,q0018,sleep mask
2026-01-01T00:08:21.125000Z,q0039,slippers
2026-01-01T00:08:21.375000Z,q0028,tool box
2026-01-01T00:08:21.625000Z,q0957,recycled ground coffee
2026-01-01T00:08:21.875000Z,q0293,green pet bowl
2026-01-01T00:08:22.125000Z,q0202,blue bluetooth speaker
2026-01-01T00:08:22.375000Z,q0014,gardening book
2026-01-01T00:08:22.625000Z,q0109,black chopping board
2026-01-01T00:08:22.875000Z,q0538,Alder children storybook
2026-01-01T00:08:23.125000Z,q0021,desk lamp
2026-01-01T00:08:23.375000Z,q0049,craft kit
2026-01-01T00:08:23.625000Z,q0014,gardening book
2026-01-01T00:08:23.875000Z,q0011,cookbook
2026-01-01T00:08:24.125000Z,q0005,rain jacket
2026-01-01T00:08:24.375000Z,q0004,wool jumper
2026-01-01T00:08:24.625000Z,q0815,Vela solar lights
2026-01-01T00:08:24.875000Z,q0013,children storybook
2026-01-01T00:08:25.125000Z,q0016,vitamin tablets
2026-01-01T00:08:25.375000Z,q0030,work gloves
2026-01-01T00:08:25.625000Z,q0570,Alder running shorts
2026-01-01T00:08:25.875000Z,q0009,body wash
2026-01-01T00:08:26.125000Z,q0045,running shorts
2026-01-01T00:08:26.375000Z,q0524,white sketch pad
2026-01-01T00:08:26.625000Z,q0573,Alder plush bear
2026-01-01T00:08:26.875000Z,q0925,recycled throw blanket
2026-01-01T00:08:27.125000Z,q0148,black desk organiser
2026-01-01T00:08:27.375000Z,q0019,heat pad
2026-01-01T00:08:27.625000Z,q0888,cotton plant pot
2026-01-01T00:08:27.875000Z,q0002,linen dress
2026-01-01T00:08:28.125000Z,q0040,leather shoes
2026-01-01T00:08:28.375000Z,q0045,running shorts
2026-01-01T00:08:28.625000Z,q0422,red building blocks
2026-01-01T00:08:28.875000Z,q0851,cotton cordless drill
2026-01-01T00:08:29.125000Z,q0909,recycled body wash
2026-01-01T00:08:29.375000Z,q0022,cotton bedding
2026-01-01T00:08:29.625000Z,q0030,work gloves
2026-01-01T00:08:29.875000Z,q0047,building blocks
2026-01-01T00:08:30.125000Z,q0032,ceramic mug
2026-01-01T00:08:30.375000Z,q0030,work gloves
2026-01-01T00:08:30.625000Z,q0407,red ceramic mug
2026-01-01T00:08:30.875000Z,q0020,electric toothbrush
2026-01-01T00:08:31.125000Z,q0047,building blocks
2026-01-01T00:08:31.375000Z,q0001,cotton shirt
2026-01-01T00:08:31.625000Z,q0003,denim jeans
2026-01-01T00:08:31.875000Z,q0019,heat pad
2026-01-01T00:08:32.125000Z,q0363,grey plant pot
2026-01-01T00:08:32.375000Z,q0018,sleep mask
2026-01-01T00:08:32.625000Z,q0011,cookbook
2026-01-01T00:08:32.875000Z,q0377,red linen dress
2026-01-01T00:08:33.125000Z,q0007,shampoo
2026-01-01T00:08:33.375000Z,q0018,sleep mask
2026-01-01T00:08:33.625000Z,q0022,cotton bedding
2026-01-01T00:08:33.875000Z,q0315,grey crime novel
2026-01-01T00:08:34.125000Z,q0028,tool box
2026-01-01T00:08:34.375000Z,q0004,wool jumper
2026-01-01T00:08:34.625000Z,q0041,yoga mat
2026-01-01T00:08:34.875000Z,q0021,desk lamp
2026-01-01T00:08:35.125000Z,q0589,Alder pruning shears
2026-01-01T00:08:35.375000Z,q0019,heat pad
2026-01-01T00:08:35.625000Z,q0007,shampoo
2026-01-01T00:08:35.875000Z,q0411,red running shoes
2026-01-01T00:08:36.125000Z,q0034,chopping board
2026-01-01T00:08:36.375000Z,q0050,toy train
2026-01-01T00:08:36.625000Z,q0038,sandals
2026-01-01T00:08:36.875000Z,q0030,work gloves
2026-01-01T00:08:37.125000Z,q0009,body wash
2026-01-01T00:08:37.375000Z,q0608,Harbour hand cream
2026-01-01T00:08:37.625000Z,q0044,resistance bands
2026-01-01T00:08:37.875000Z,q0122,black building blocks
2026-01-01T00:08:38.125000Z,q0033,cutlery set
2026-01-01T00:08:38.375000Z,q0007,shampoo
2026-01-01T00:08:38.625000Z,q0432,red ground coffee
2026-01-01T00:08:38.875000Z,q0019,heat pad
2026-01-01T00:08:39.125000Z,q0273,green plush bear
2026-01-01T00:08:39.375000Z,q0102,black paint brush
2026-01-01T00:08:39.625000Z,q0228,green denim jeans
2026-01-01T00:08:39.875000Z,q0003,denim jeans
2026-01-01T00:08:40.125000Z,q0030,work gloves
2026-01-01T00:08:40.375000Z,q0926,recycled cordless drill
2026-01-01T00:08:40.625000Z,q0043,water bottle
2026-01-01T00:08:40.875000Z,q0045,running shorts
2026-01-01T00:08:41.125000Z,q0010,sunscreen
2026-01-01T00:08:41.375000Z,q0705,Linden work gloves
2026-01-01T00:08:41.625000Z,q0047,building blocks
2026-01-01T00:08:41.875000Z,q0689,Linden gardening book
2026-01-01T00:08:42.125000Z,q0012,travel guide
2026-01-01T00:08:42.375000Z,q0002,linen dress
2026-01-01T00:08:42.625000Z,q0026,cordless drill
2026-01-01T00:08:42.875000Z,q0043,water bottle
2026-01-01T00:08:43.125000Z,q0022,cotton bedding
2026-01-01T00:08:43.375000Z,q0003,denim jeans
2026-01-01T00:08:43.625000Z,q0036,running shoes
2026-01-01T00:08:43.875000Z,q0038,sandals
2026-01-01T00:08:44.125000Z,q0588,Alder plant pot
2026-01-01T00:08:44.375000Z,q0018,sleep mask
2026-01-01T00:08:44.625000Z,q0729,Linden smart watch
2026-01-01T00:08:44.875000Z,q0033,cutlery set
2026-01-01T00:08:45.125000Z,q0001,cotton shirt
2026-01-01T00:08:45.375000Z,q0014,gardening book
2026-01-01T00:08:45.625000Z,q0032,ceramic mug
2026-01-01T00:08:45.875000Z,q0228,green denim jeans
2026-01-01T00:08:46.125000Z,q0017,first aid kit
2026-01-01T00:08:46.375000Z,q0037,walking boots
2026-01-01T00:08:46.625000Z,q0402,red paint brush
2026-01-01T00:08:46.875000Z,q0040,leather shoes
2026-01-01T00:08:47.125000Z,q0041,yoga mat
2026-01-01T00:08:47.375000Z,q0955,recycled usb c charger
2026-01-01T00:08:47.625000Z,q0018,sleep mask
2026-01-01T00:08:47.875000Z,q0025,throw blanket
2026-01-01T00:08:48.125000Z,q0162,blue travel guide
2026-01-01T00:08:48.375000Z,q0025,throw blanket
2026-01-01T00:08:48.625000Z,q0044,resistance bands
2026-01-01T00:08:48.875000Z,q0041,yoga mat
2026-01-01T00:08:49.125000Z,q0011,cookbook
2026-01-01T00:08:49.375000Z,q0517,white cat toy
2026-01-01T00:08:49.625000Z,q0018,sleep mask
2026-01-01T00:08:49.875000Z,q0803,Vela tablet
2026-01-01T00:08:50.125000Z,q0003,denim jeans
2026-01-01T00:08:50.375000Z,q0021,desk lamp
2026-01-01T00:08:50.625000Z,q0022,cotton bedding
2026-01-01T00:08:50.875000Z,q0016,vitamin tablets
2026-01-01T00:08:51.125000Z,q0045,running shorts
2026-01-01T00:08:51.375000Z,q0004,wool jumper
2026-01-01T00:08:51.625000Z,q0050,toy train
2026-01-01T00:08:51.875000Z,q0041,yoga mat
2026-01-01T00:08:52.125000Z,q0046,wooden puzzle
2026-01-01T00:08:52.375000Z,q0776,Vela cordless drill
2026-01-01T00:08:52.625000Z,q0023,bath towel
2026-01-01T00:08:52.875000Z,q0032,ceramic mug
2026-01-01T00:08:53.125000Z,q0033,cutlery set
2026-01-01T00:08:53.375000Z,q0020,electric toothbrush
2026-01-01T00:08:53.625000Z,q0008,hand cream
2026-01-01T00:08:53.875000Z,q0687,Linden travel guide
2026-01-01T00:08:54.125000Z,q0006,face moisturiser
2026-01-01T00:08:54.375000Z,q0630,Harbour work gloves
2026-01-01T00:08:54.625000Z,q0038,sandals
2026-01-01T00:08:54.875000Z,q0533,Alder hand cream
2026-01-01T00:08:55.125000Z,q0220,blue pet blanket
2026-01-01T00:08:55.375000Z,q0022,cotton bedding
2026-01-01T00:08:55.625000Z,q0008,hand cream
2026-01-01T00:08:55.875000Z,q0039,slippers
2026-01-01T00:08:56.125000Z,q0048,plush bear
2026-01-01T00:08:56.375000Z,q0015,crime novel
2026-01-01T00:08:56.625000Z,q0882,cotton ground coffee
2026-01-01T00:08:56.875000Z,q0011,cookbook
2026-01-01T00:08:57.125000Z,q0726,Linden wireless headphones
2026-01-01T00:08:57.375000Z,q0105,black work gloves
2026-01-01T00:08:57.625000Z,q0012,travel guide
2026-01-01T00:08:57.875000Z,q0033,cutlery set
2026-01-01T00:08:58.125000Z,q0607,Harbour shampoo
2026-01-01T00:08:58.375000Z,q0127,black bluetooth speaker
2026-01-01T00:08:58.625000Z,q0229,green wool jumper
2026-01-01T00:08:58.875000Z,q0015,crime novel
2026-01-01T00:08:59.125000Z,q0174,blue storage basket
2026-01-01T00:08:59.375000Z,q0059,pasta sauce
2026-01-01T00:08:59.625000Z,q0019,heat pad
2026-01-01T00:08:59.875000Z,q0027,paint brush
2026-01-01T00:09:00.056000Z,q0033,cutlery set
2026-01-01T00:09:00.167000Z,q0014,gardening book
2026-01-01T00:09:00.278000Z,q0021,desk lamp
2026-01-01T00:09:00.389000Z,q0041,yoga mat
2026-01-01T00:09:00.500000Z,q0022,cotton bedding
2026-01-01T00:09:00.611000Z,q0041,yoga mat
2026-01-01T00:09:00.722000Z,q0174,blue storage basket
2026-01-01T00:09:00.833000Z,q0006,face moisturiser
2026-01-01T00:09:00.944000Z,q0016,vitamin tablets
2026-01-01T00:09:01.056000Z,q0041,yoga mat
2026-01-01T00:09:01.167000Z,q0944,recycled resistance bands
2026-01-01T00:09:01.278000Z,q0015,crime novel
2026-01-01T00:09:01.389000Z,q0846,cotton desk lamp
2026-01-01T00:09:01.500000Z,q0050,toy train
2026-01-01T00:09:01.611000Z,q0023,bath towel
2026-01-01T00:09:01.722000Z,q0386,red cookbook
2026-01-01T00:09:01.833000Z,q0319,grey heat pad
2026-01-01T00:09:01.944000Z,q0009,body wash
2026-01-01T00:09:02.056000Z,q0040,leather shoes
2026-01-01T00:09:02.167000Z,q0866,cotton yoga mat
2026-01-01T00:09:02.278000Z,q0427,red bluetooth speaker
2026-01-01T00:09:02.389000Z,q0026,cordless drill
2026-01-01T00:09:02.500000Z,q0486,white running shoes
2026-01-01T00:09:02.611000Z,q0609,Harbour body wash
2026-01-01T00:09:02.722000Z,q0014,gardening book
2026-01-01T00:09:02.833000Z,q0022,cotton bedding
2026-01-01T00:09:02.944000Z,q0019,heat pad
2026-01-01T00:09:03.056000Z,q0041,yoga mat
2026-01-01T00:09:03.167000Z,q0047,building blocks
2026-01-01T00:09:03.278000Z,q0880,cotton usb c charger
2026-01-01T00:09:03.389000Z,q0772,Vela cotton bedding
2026-01-01T00:09:03.500000Z,q0152,blue linen dress
2026-01-01T00:09:03.611000Z,q0673,Harbour desk organiser
2026-01-01T00:09:03.722000Z,q0382,red shampoo
2026-01-01T00:09:03.833000Z,q0045,running shorts
2026-01-01T00:09:03.944000Z,q0953,recycled tablet
2026-01-01T00:09:04.056000Z,q0009,body wash
2026-01-01T00:09:04.167000Z,q0795,Vela running shorts
2026-01-01T00:09:04.278000Z,q0042,football
2026-01-01T00:09:04.389000Z,q0039,slippers
2026-01-01T00:09:04.500000Z,q0001,cotton shirt
2026-01-01T00:09:04.611000Z,q0023,bath towel
2026-01-01T00:09:04.722000Z,q0652,Harbour bluetooth speaker
2026-01-01T00:09:04.833000Z,q0902,recycled linen dress
2026-01-01T00:09:04.944000Z,q0793,Vela water bottle
2026-01-01T00:09:05.056000Z,q0984,archived lunar model 4
2026-01-01T00:09:05.167000Z,q0016,vitamin tablets
2026-01-01T00:09:05.278000Z,q0745,Linden pet blanket
2026-01-01T00:09:05.389000Z,q0005,rain jacket
2026-01-01T00:09:05.500000Z,q0007,shampoo
2026-01-01T00:09:05.611000Z,q0874,cotton craft kit
2026-01-01T00:09:05.722000Z,q0029,wall shelf
2026-01-01T00:09:05.833000Z,q0015,crime novel
2026-01-01T00:09:05.944000Z,q0041,yoga mat
2026-01-01T00:09:06.056000Z,q0041,yoga mat
2026-01-01T00:09:06.167000Z,q0004,wool jumper
2026-01-01T00:09:06.278000Z,q0430,red usb c charger
2026-01-01T00:09:06.389000Z,q0044,resistance bands
2026-01-01T00:09:06.500000Z,q0469,white heat pad
2026-01-01T00:09:06.611000Z,q0002,linen dress
2026-01-01T00:09:06.722000Z,q0025,throw blanket
2026-01-01T00:09:06.833000Z,q0005,rain jacket
2026-01-01T00:09:06.944000Z,q0457,white shampoo
2026-01-01T00:09:07.056000Z,q0038,sandals
2026-01-01T00:09:07.167000Z,q0042,football
2026-01-01T00:09:07.278000Z,q0665,Harbour solar lights
2026-01-01T00:09:07.389000Z,q0007,shampoo
2026-01-01T00:09:07.500000Z,q0014,gardening book
2026-01-01T00:09:07.611000Z,q0005,rain jacket
2026-01-01T00:09:07.722000Z,q0039,slippers
2026-01-01T00:09:07.833000Z,q0041,yoga mat
2026-01-01T00:09:07.944000Z,q0562,Alder walking boots
2026-01-01T00:09:08.056000Z,q0025,throw blanket
2026-01-01T00:09:08.167000Z,q0042,football
2026-01-01T00:09:08.278000Z,q0047,building blocks
2026-01-01T00:09:08.389000Z,q0026,cordless drill
2026-01-01T00:09:08.500000Z,q0019,heat pad
2026-01-01T00:09:08.611000Z,q0048,plush bear
2026-01-01T00:09:08.722000Z,q0017,first aid kit
2026-01-01T00:09:08.833000Z,q0028,tool box
2026-01-01T00:09:08.944000Z,q0036,running shoes
2026-01-01T00:09:09.056000Z,q0911,recycled cookbook
2026-01-01T00:09:09.167000Z,q0040,leather shoes
2026-01-01T00:09:09.278000Z,q0009,body wash
2026-01-01T00:09:09.389000Z,q0010,sunscreen
2026-01-01T00:09:09.500000Z,q0032,ceramic mug
2026-01-01T00:09:09.611000Z,q0035,glass storage jar
2026-01-01T00:09:09.722000Z,q0023,bath towel
2026-01-01T00:09:09.833000Z,q0068,pet bowl
2026-01-01T00:09:09.944000Z,q0015,crime novel
2026-01-01T00:09:10.125000Z,q0910,recycled sunscreen
2026-01-01T00:09:10.375000Z,q0050,toy train
2026-01-01T00:09:10.625000Z,q0042,football
2026-01-01T00:09:10.875000Z,q0030,work gloves
2026-01-01T00:09:11.125000Z,q0344,grey resistance bands
2026-01-01T00:09:11.375000Z,q0919,recycled heat pad
2026-01-01T00:09:11.625000Z,q0027,paint brush
2026-01-01T00:09:11.875000Z,q0019,heat pad
2026-01-01T00:09:12.125000Z,q0027,paint brush
2026-01-01T00:09:12.375000Z,q0017,first aid kit
2026-01-01T00:09:12.625000Z,q0004,wool jumper
2026-01-01T00:09:12.875000Z,q0023,bath towel
2026-01-01T00:09:13.100000Z,q0978,premium denim jeans
2026-01-01T00:09:13.300000Z,q0683,Linden hand cream
2026-01-01T00:09:13.500000Z,q0019,heat pad
2026-01-01T00:09:13.700000Z,q0010,sunscreen
2026-01-01T00:09:13.900000Z,q0045,running shorts
2026-01-01T00:09:14.100000Z,q0024,storage basket
2026-01-01T00:09:14.300000Z,q0038,sandals
2026-01-01T00:09:14.500000Z,q0015,crime novel
2026-01-01T00:09:14.700000Z,q0877,cotton bluetooth speaker
2026-01-01T00:09:14.900000Z,q0691,Linden vitamin tablets
2026-01-01T00:09:15.100000Z,q0038,sandals
2026-01-01T00:09:15.300000Z,q0049,craft kit
2026-01-01T00:09:15.500000Z,q0006,face moisturiser
2026-01-01T00:09:15.700000Z,q0018,sleep mask
2026-01-01T00:09:15.900000Z,q0037,walking boots
2026-01-01T00:09:16.100000Z,q0402,red paint brush
2026-01-01T00:09:16.300000Z,q0004,wool jumper
2026-01-01T00:09:16.500000Z,q0018,sleep mask
2026-01-01T00:09:16.700000Z,q0003,denim jeans
2026-01-01T00:09:16.900000Z,q0031,steel saucepan
2026-01-01T00:09:17.100000Z,q0848,cotton bath towel
2026-01-01T00:09:17.300000Z,q0023,bath towel
2026-01-01T00:09:17.500000Z,q0467,white first aid kit
2026-01-01T00:09:17.700000Z,q0018,sleep mask
2026-01-01T00:09:17.900000Z,q0047,building blocks
2026-01-01T00:09:18.100000Z,q0032,ceramic mug
2026-01-01T00:09:18.300000Z,q0839,cotton gardening book
2026-01-01T00:09:18.500000Z,q0046,wooden puzzle
2026-01-01T00:09:18.700000Z,q0035,glass storage jar
2026-01-01T00:09:18.900000Z,q0603,Harbour denim jeans
2026-01-01T00:09:19.100000Z,q0690,Linden crime novel
2026-01-01T00:09:19.300000Z,q0762,Vela travel guide
2026-01-01T00:09:19.500000Z,q0002,linen dress
2026-01-01T00:09:19.700000Z,q0887,cotton watering can
2026-01-01T00:09:19.900000Z,q0001,cotton shirt
2026-01-01T00:09:20.100000Z,q0029,wall shelf
2026-01-01T00:09:20.300000Z,q0008,hand cream
2026-01-01T00:09:20.500000Z,q0748,Linden desk organiser
2026-01-01T00:09:20.700000Z,q0636,Harbour running shoes
2026-01-01T00:09:20.900000Z,q0005,rain jacket
2026-01-01T00:09:21.100000Z,q0006,face moisturiser
2026-01-01T00:09:21.300000Z,q0030,work gloves
2026-01-01T00:09:21.500000Z,q0017,first aid kit
2026-01-01T00:09:21.700000Z,q0998,archived lunar model 18
2026-01-01T00:09:21.900000Z,q0031,steel saucepan
2026-01-01T00:09:22.100000Z,q0002,linen dress
2026-01-01T00:09:22.300000Z,q0001,cotton shirt
2026-01-01T00:09:22.500000Z,q0049,craft kit
2026-01-01T00:09:22.700000Z,q0005,rain jacket
2026-01-01T00:09:22.900000Z,q0005,rain jacket
2026-01-01T00:09:23.100000Z,q0999,archived lunar model 19
2026-01-01T00:09:23.300000Z,q0037,walking boots
2026-01-01T00:09:23.500000Z,q0018,sleep mask
2026-01-01T00:09:23.700000Z,q0928,recycled tool box
2026-01-01T00:09:23.900000Z,q0008,hand cream
2026-01-01T00:09:24.100000Z,q0026,cordless drill
2026-01-01T00:09:24.300000Z,q0021,desk lamp
2026-01-01T00:09:24.500000Z,q0025,throw blanket
2026-01-01T00:09:24.700000Z,q0041,yoga mat
2026-01-01T00:09:24.900000Z,q0021,desk lamp
2026-01-01T00:09:25.100000Z,q0007,shampoo
2026-01-01T00:09:25.300000Z,q0022,cotton bedding
2026-01-01T00:09:25.500000Z,q0041,yoga mat
2026-01-01T00:09:25.700000Z,q0008,hand cream
2026-01-01T00:09:25.900000Z,q0041,yoga mat
2026-01-01T00:09:26.100000Z,q0050,toy train
2026-01-01T00:09:26.300000Z,q0412,red walking boots
2026-01-01T00:09:26.500000Z,q0016,vitamin tablets
2026-01-01T00:09:26.700000Z,q0037,walking boots
2026-01-01T00:09:26.900000Z,q0948,recycled plush bear
2026-01-01T00:09:27.100000Z,q0023,bath towel
2026-01-01T00:09:27.300000Z,q0034,chopping board
2026-01-01T00:09:27.500000Z,q0803,Vela tablet
2026-01-01T00:09:27.700000Z,q0915,recycled crime novel
2026-01-01T00:09:27.900000Z,q0295,green pet blanket
2026-01-01T00:09:28.100000Z,q0028,tool box
2026-01-01T00:09:28.300000Z,q0945,recycled running shorts
2026-01-01T00:09:28.500000Z,q0010,sunscreen
2026-01-01T00:09:28.700000Z,q0754,Vela wool jumper
2026-01-01T00:09:28.900000Z,q0033,cutlery set
2026-01-01T00:09:29.100000Z,q0019,heat pad
2026-01-01T00:09:29.300000Z,q0035,glass storage jar
2026-01-01T00:09:29.500000Z,q0339,grey slippers
2026-01-01T00:09:29.700000Z,q0021,desk lamp
2026-01-01T00:09:29.900000Z,q0679,Linden wool jumper
2026-01-01T00:09:30.100000Z,q0023,bath towel
2026-01-01T00:09:30.300000Z,q0048,plush bear
2026-01-01T00:09:30.500000Z,q0474,white storage basket
2026-01-01T00:09:30.700000Z,q0018,sleep mask
2026-01-01T00:09:30.900000Z,q0029,wall shelf
2026-01-01T00:09:31.100000Z,q0045,running shorts
2026-01-01T00:09:31.300000Z,q0033,cutlery set
2026-01-01T00:09:31.500000Z,q0932,recycled ceramic mug
2026-01-01T00:09:31.700000Z,q0446,red notebook
2026-01-01T00:09:31.900000Z,q0433,red herbal tea
2026-01-01T00:09:32.100000Z,q0951,recycled wireless headphones
2026-01-01T00:09:32.300000Z,q0805,Vela usb c charger
2026-01-01T00:09:32.500000Z,q0048,plush bear
2026-01-01T00:09:32.700000Z,q0128,black tablet
2026-01-01T00:09:32.900000Z,q0047,building blocks
2026-01-01T00:09:33.100000Z,q0025,throw blanket
2026-01-01T00:09:33.300000Z,q0020,electric toothbrush
2026-01-01T00:09:33.500000Z,q0018,sleep mask
2026-01-01T00:09:33.700000Z,q0033,cutlery set
2026-01-01T00:09:33.900000Z,q0098,black bath towel
2026-01-01T00:09:34.100000Z,q0039,slippers
2026-01-01T00:09:34.300000Z,q0030,work gloves
2026-01-01T00:09:34.500000Z,q0014,gardening book
2026-01-01T00:09:34.700000Z,q0020,electric toothbrush
2026-01-01T00:09:34.900000Z,q0046,wooden puzzle
2026-01-01T00:09:35.100000Z,q0029,wall shelf
2026-01-01T00:09:35.300000Z,q0025,throw blanket
2026-01-01T00:09:35.500000Z,q0040,leather shoes
2026-01-01T00:09:35.700000Z,q0037,walking boots
2026-01-01T00:09:35.900000Z,q0035,glass storage jar
2026-01-01T00:09:36.083000Z,q0031,steel saucepan
2026-01-01T00:09:36.250000Z,q0022,cotton bedding
2026-01-01T00:09:36.417000Z,q0046,wooden puzzle
2026-01-01T00:09:36.583000Z,q0982,archived lunar model 2
2026-01-01T00:09:36.750000Z,q0007,shampoo
2026-01-01T00:09:36.917000Z,q0004,wool jumper
2026-01-01T00:09:37.083000Z,q0042,football
2026-01-01T00:09:37.250000Z,q0022,cotton bedding
2026-01-01T00:09:37.417000Z,q0001,cotton shirt
2026-01-01T00:09:37.583000Z,q0256,green steel saucepan
2026-01-01T00:09:37.750000Z,q0020,electric toothbrush
2026-01-01T00:09:37.917000Z,q0006,face moisturiser
2026-01-01T00:09:38.083000Z,q0401,red cordless drill
2026-01-01T00:09:38.250000Z,q0025,throw blanket
2026-01-01T00:09:38.417000Z,q0033,cutlery set
2026-01-01T00:09:38.583000Z,q0975,recycled sticky notes
2026-01-01T00:09:38.750000Z,q0015,crime novel
2026-01-01T00:09:38.917000Z,q0206,blue breakfast oats
2026-01-01T00:09:39.083000Z,q0018,sleep mask
2026-01-01T00:09:39.250000Z,q0041,yoga mat
2026-01-01T00:09:39.417000Z,q0075,sticky notes
2026-01-01T00:09:39.583000Z,q0030,work gloves
2026-01-01T00:09:39.750000Z,q0047,building blocks
2026-01-01T00:09:39.917000Z,q0335,grey glass storage jar
2026-01-01T00:09:40.083000Z,q0003,denim jeans
2026-01-01T00:09:40.250000Z,q0201,blue wireless headphones
2026-01-01T00:09:40.417000Z,q0002,linen dress
2026-01-01T00:09:40.583000Z,q0026,cordless drill
2026-01-01T00:09:40.750000Z,q0023,bath towel
2026-01-01T00:09:40.917000Z,q0022,cotton bedding
2026-01-01T00:09:41.083000Z,q0028,tool box
2026-01-01T00:09:41.250000Z,q0045,running shorts
2026-01-01T00:09:41.417000Z,q0166,blue vitamin tablets
2026-01-01T00:09:41.583000Z,q0045,running shorts
2026-01-01T00:09:41.750000Z,q0021,desk lamp
2026-01-01T00:09:41.917000Z,q0002,linen dress
2026-01-01T00:09:42.083000Z,q0719,Linden resistance bands
2026-01-01T00:09:42.250000Z,q0369,grey bird feeder
2026-01-01T00:09:42.417000Z,q0028,tool box
2026-01-01T00:09:42.583000Z,q0674,Harbour sketch pad
2026-01-01T00:09:42.750000Z,q0029,wall shelf
2026-01-01T00:09:42.917000Z,q0009,body wash
2026-01-01T00:09:43.083000Z,q0761,Vela cookbook
2026-01-01T00:09:43.250000Z,q0004,wool jumper
2026-01-01T00:09:43.417000Z,q0343,grey water bottle
2026-01-01T00:09:43.583000Z,q0459,white body wash
2026-01-01T00:09:43.750000Z,q0001,cotton shirt
2026-01-01T00:09:43.917000Z,q0042,football
2026-01-01T00:09:44.083000Z,q0021,desk lamp
2026-01-01T00:09:44.250000Z,q0002,linen dress
2026-01-01T00:09:44.417000Z,q0010,sunscreen
2026-01-01T00:09:44.583000Z,q0776,Vela cordless drill
2026-01-01T00:09:44.750000Z,q0034,chopping board
2026-01-01T00:09:44.917000Z,q0017,first aid kit
2026-01-01T00:09:45.083000Z,q0618,Harbour sleep mask
2026-01-01T00:09:45.250000Z,q0023,bath towel
2026-01-01T00:09:45.417000Z,q0015,crime novel
2026-01-01T00:09:45.583000Z,q0914,recycled gardening book
2026-01-01T00:09:45.750000Z,q0007,shampoo
2026-01-01T00:09:45.917000Z,q0019,heat pad
2026-01-01T00:09:46.083000Z,q0021,desk lamp
2026-01-01T00:09:46.250000Z,q0010,sunscreen
2026-01-01T00:09:46.417000Z,q0031,steel saucepan
2026-01-01T00:09:46.583000Z,q0044,resistance bands
2026-01-01T00:09:46.750000Z,q0042,football
2026-01-01T00:09:46.917000Z,q0038,sandals
2026-01-01T00:09:47.083000Z,q0048,plush bear
2026-01-01T00:09:47.250000Z,q0021,desk lamp
2026-01-01T00:09:47.417000Z,q0036,running shoes
2026-01-01T00:09:47.583000Z,q0050,toy train
2026-01-01T00:09:47.750000Z,q0048,plush bear
2026-01-01T00:09:47.917000Z,q0010,sunscreen
2026-01-01T00:09:48.083000Z,q0009,body wash
2026-01-01T00:09:48.250000Z,q0045,running shorts
2026-01-01T00:09:48.417000Z,q0300,green sticky notes
2026-01-01T00:09:48.583000Z,q0601,Harbour cotton shirt
2026-01-01T00:09:48.750000Z,q0043,water bottle
2026-01-01T00:09:48.917000Z,q0013,children storybook
2026-01-01T00:09:49.083000Z,q0010,sunscreen
2026-01-01T00:09:49.250000Z,q0021,desk lamp
2026-01-01T00:09:49.417000Z,q0042,football
2026-01-01T00:09:49.583000Z,q0032,ceramic mug
2026-01-01T00:09:49.750000Z,q0021,desk lamp
2026-01-01T00:09:49.917000Z,q0980,premium rain jacket
2026-01-01T00:09:50.083000Z,q0818,Vela pet bowl
2026-01-01T00:09:50.250000Z,q0808,Vela herbal tea
2026-01-01T00:09:50.417000Z,q0002,linen dress
2026-01-01T00:09:50.583000Z,q0038,sandals
2026-01-01T00:09:50.750000Z,q0038,sandals
2026-01-01T00:09:50.917000Z,q0661,Harbour garden gloves
2026-01-01T00:09:51.083000Z,q0119,black resistance bands
2026-01-01T00:09:51.250000Z,q0091,black vitamin tablets
2026-01-01T00:09:51.417000Z,q0020,electric toothbrush
2026-01-01T00:09:51.583000Z,q0042,football
2026-01-01T00:09:51.750000Z,q0010,sunscreen
2026-01-01T00:09:51.917000Z,q0037,walking boots
2026-01-01T00:09:52.083000Z,q0224,blue sketch pad
2026-01-01T00:09:52.250000Z,q0029,wall shelf
2026-01-01T00:09:52.417000Z,q0002,linen dress
2026-01-01T00:09:52.583000Z,q0033,cutlery set
2026-01-01T00:09:52.750000Z,q0027,paint brush
2026-01-01T00:09:52.917000Z,q0026,cordless drill
2026-01-01T00:09:53.071000Z,q0855,cotton work gloves
2026-01-01T00:09:53.214000Z,q0018,sleep mask
2026-01-01T00:09:53.357000Z,q0275,green toy train
2026-01-01T00:09:53.500000Z,q0029,wall shelf
2026-01-01T00:09:53.643000Z,q0006,face moisturiser
2026-01-01T00:09:53.786000Z,q0972,recycled ballpoint pens
2026-01-01T00:09:53.929000Z,q0018,sleep mask
2026-01-01T00:09:54.071000Z,q0034,chopping board
2026-01-01T00:09:54.214000Z,q0617,Harbour first aid kit
2026-01-01T00:09:54.357000Z,q0050,toy train
2026-01-01T00:09:54.500000Z,q0037,walking boots
2026-01-01T00:09:54.643000Z,q0027,paint brush
2026-01-01T00:09:54.786000Z,q0203,blue tablet
2026-01-01T00:09:54.929000Z,q0023,bath towel
2026-01-01T00:09:55.071000Z,q0020,electric toothbrush
2026-01-01T00:09:55.214000Z,q0047,building blocks
2026-01-01T00:09:55.357000Z,q0022,cotton bedding
2026-01-01T00:09:55.500000Z,q0008,hand cream
2026-01-01T00:09:55.643000Z,q0026,cordless drill
2026-01-01T00:09:55.786000Z,q0736,Linden garden gloves
2026-01-01T00:09:55.929000Z,q0988,archived lunar model 8
2026-01-01T00:09:56.071000Z,q0010,sunscreen
2026-01-01T00:09:56.214000Z,q0028,tool box
2026-01-01T00:09:56.357000Z,q0029,wall shelf
2026-01-01T00:09:56.500000Z,q0024,storage basket
2026-01-01T00:09:56.643000Z,q0016,vitamin tablets
2026-01-01T00:09:56.786000Z,q0033,cutlery set
2026-01-01T00:09:56.929000Z,q0045,running shorts
2026-01-01T00:09:57.071000Z,q0023,bath towel
2026-01-01T00:09:57.214000Z,q0049,craft kit
2026-01-01T00:09:57.357000Z,q0967,recycled cat toy
2026-01-01T00:09:57.500000Z,q0041,yoga mat
2026-01-01T00:09:57.643000Z,q0033,cutlery set
2026-01-01T00:09:57.786000Z,q0005,rain jacket
2026-01-01T00:09:57.929000Z,q0747,Linden ballpoint pens
2026-01-01T00:09:58.071000Z,q0363,grey plant pot
2026-01-01T00:09:58.214000Z,q0015,crime novel
2026-01-01T00:09:58.357000Z,q0049,craft kit
2026-01-01T00:09:58.500000Z,q0015,crime novel
2026-01-01T00:09:58.643000Z,q0037,walking boots
2026-01-01T00:09:58.786000Z,q0008,hand cream
2026-01-01T00:09:58.929000Z,q0020,electric toothbrush
2026-01-01T00:09:59.071000Z,q0048,plush bear
2026-01-01T00:09:59.214000Z,q0256,green steel saucepan
2026-01-01T00:09:59.357000Z,q0018,sleep mask
2026-01-01T00:09:59.500000Z,q0042,football
2026-01-01T00:09:59.643000Z,q0974,recycled sketch pad
2026-01-01T00:09:59.786000Z,q0037,walking boots
2026-01-01T00:09:59.929000Z,q0009,body wash
2026-01-01T00:10:00.071000Z,q0003,denim jeans
2026-01-01T00:10:00.214000Z,q0017,first aid kit
2026-01-01T00:10:00.357000Z,q0050,toy train
2026-01-01T00:10:00.500000Z,q0024,storage basket
2026-01-01T00:10:00.643000Z,q0594,Alder bird feeder
2026-01-01T00:10:00.786000Z,q0320,grey electric toothbrush
2026-01-01T00:10:00.929000Z,q0025,throw blanket
2026-01-01T00:10:01.071000Z,q0006,face moisturiser
2026-01-01T00:10:01.214000Z,q0046,wooden puzzle
2026-01-01T00:10:01.357000Z,q0048,plush bear
2026-01-01T00:10:01.500000Z,q0020,electric toothbrush
2026-01-01T00:10:01.643000Z,q0019,heat pad
2026-01-01T00:10:01.786000Z,q0036,running shoes
2026-01-01T00:10:01.929000Z,q0037,walking boots
2026-01-01T00:10:02.071000Z,q0021,desk lamp
2026-01-01T00:10:02.214000Z,q0031,steel saucepan
2026-01-01T00:10:02.357000Z,q0042,football
2026-01-01T00:10:02.500000Z,q0746,Linden notebook
2026-01-01T00:10:02.643000Z,q0904,recycled wool jumper
2026-01-01T00:10:02.786000Z,q0843,cotton sleep mask
2026-01-01T00:10:02.929000Z,q0050,toy train
2026-01-01T00:10:03.071000Z,q0495,white running shorts
2026-01-01T00:10:03.214000Z,q0024,storage basket
2026-01-01T00:10:03.357000Z,q0026,cordless drill
2026-01-01T00:10:03.500000Z,q0009,body wash
2026-01-01T00:10:03.643000Z,q0012,travel guide
2026-01-01T00:10:03.786000Z,q0049,craft kit
2026-01-01T00:10:03.929000Z,q0024,storage basket
2026-01-01T00:10:04.071000Z,q0865,cotton leather shoes
2026-01-01T00:10:04.214000Z,q0016,vitamin tablets
2026-01-01T00:10:04.357000Z,q0024,storage basket
2026-01-01T00:10:04.500000Z,q0012,travel guide
2026-01-01T00:10:04.643000Z,q0026,cordless drill
2026-01-01T00:10:04.786000Z,q0006,face moisturiser
2026-01-01T00:10:04.929000Z,q0019,heat pad
2026-01-01T00:10:05.071000Z,q0006,face moisturiser
2026-01-01T00:10:05.214000Z,q0961,recycled garden gloves
2026-01-01T00:10:05.357000Z,q0129,black smart watch
2026-01-01T00:10:05.500000Z,q0730,Linden usb c charger
2026-01-01T00:10:05.643000Z,q0031,steel saucepan
2026-01-01T00:10:05.786000Z,q0572,Alder building blocks
2026-01-01T00:10:05.929000Z,q0099,black storage basket
2026-01-01T00:10:06.071000Z,q0006,face moisturiser
2026-01-01T00:10:06.214000Z,q0189,blue slippers
2026-01-01T00:10:06.357000Z,q0043,water bottle
2026-01-01T00:10:06.500000Z,q0009,body wash
2026-01-01T00:10:06.643000Z,q0045,running shorts
2026-01-01T00:10:06.786000Z,q0013,children storybook
2026-01-01T00:10:06.929000Z,q0009,body wash
2026-01-01T00:10:07.071000Z,q0003,denim jeans
2026-01-01T00:10:07.214000Z,q0596,Alder notebook
2026-01-01T00:10:07.357000Z,q0028,tool box
2026-01-01T00:10:07.500000Z,q0500,white toy train
2026-01-01T00:10:07.643000Z,q0482,white ceramic mug
2026-01-01T00:10:07.786000Z,q0013,children storybook
2026-01-01T00:10:07.929000Z,q0036,running shoes
2026-01-01T00:10:08.062000Z,q0034,chopping board
2026-01-01T00:10:08.188000Z,q0726,Linden wireless headphones
2026-01-01T00:10:08.312000Z,q0300,green sticky notes
2026-01-01T00:10:08.438000Z,q0781,Vela steel saucepan
2026-01-01T00:10:08.562000Z,q0034,chopping board
2026-01-01T00:10:08.688000Z,q0015,crime novel
2026-01-01T00:10:08.812000Z,q0020,electric toothbrush
2026-01-01T00:10:08.938000Z,q0033,cutlery set
2026-01-01T00:10:09.062000Z,q0912,recycled travel guide
2026-01-01T00:10:09.188000Z,q0645,Harbour running shorts
2026-01-01T00:10:09.312000Z,q0050,toy train
2026-01-01T00:10:09.438000Z,q0004,wool jumper
2026-01-01T00:10:09.562000Z,q0025,throw blanket
2026-01-01T00:10:09.688000Z,q0028,tool box
2026-01-01T00:10:09.812000Z,q0024,storage basket
2026-01-01T00:10:09.938000Z,q0022,cotton bedding
2026-01-01T00:10:10.062000Z,q0021,desk lamp
2026-01-01T00:10:10.188000Z,q0043,water bottle
2026-01-01T00:10:10.312000Z,q0020,electric toothbrush
2026-01-01T00:10:10.438000Z,q0605,Harbour rain jacket
2026-01-01T00:10:10.562000Z,q0020,electric toothbrush
2026-01-01T00:10:10.688000Z,q0013,children storybook
2026-01-01T00:10:10.812000Z,q0004,wool jumper
2026-01-01T00:10:10.938000Z,q0049,craft kit
2026-01-01T00:10:11.062000Z,q0968,recycled pet bowl
2026-01-01T00:10:11.188000Z,q0024,storage basket
2026-01-01T00:10:11.312000Z,q0047,building blocks
2026-01-01T00:10:11.438000Z,q0041,yoga mat
2026-01-01T00:10:11.562000Z,q0004,wool jumper
2026-01-01T00:10:11.688000Z,q0015,crime novel
2026-01-01T00:10:11.812000Z,q0044,resistance bands
2026-01-01T00:10:11.938000Z,q0011,cookbook
2026-01-01T00:10:12.062000Z,q0046,wooden puzzle
2026-01-01T00:10:12.188000Z,q0019,heat pad
2026-01-01T00:10:12.312000Z,q0005,rain jacket
2026-01-01T00:10:12.438000Z,q0025,throw blanket
2026-01-01T00:10:12.562000Z,q0024,storage basket
2026-01-01T00:10:12.688000Z,q0750,Linden sticky notes
2026-01-01T00:10:12.812000Z,q0035,glass storage jar
2026-01-01T00:10:12.938000Z,q0025,throw blanket
2026-01-01T00:10:13.062000Z,q0044,resistance bands
2026-01-01T00:10:13.188000Z,q0007,shampoo
2026-01-01T00:10:13.312000Z,q0039,slippers
2026-01-01T00:10:13.438000Z,q0732,Linden ground coffee
2026-01-01T00:10:13.562000Z,q0022,cotton bedding
2026-01-01T00:10:13.688000Z,q0047,building blocks
2026-01-01T00:10:13.812000Z,q0025,throw blanket
2026-01-01T00:10:13.938000Z,q0921,recycled desk lamp
2026-01-01T00:10:14.062000Z,q0134,black pasta sauce
2026-01-01T00:10:14.188000Z,q0010,sunscreen
2026-01-01T00:10:14.312000Z,q0026,cordless drill
2026-01-01T00:10:14.438000Z,q0256,green steel saucepan
2026-01-01T00:10:14.562000Z,q0050,toy train
2026-01-01T00:10:14.688000Z,q0637,Harbour walking boots
2026-01-01T00:10:14.812000Z,q0171,blue desk lamp
2026-01-01T00:10:14.938000Z,q0002,linen dress
2026-01-01T00:10:15.062000Z,q0011,cookbook
2026-01-01T00:10:15.188000Z,q0224,blue sketch pad
2026-01-01T00:10:15.312000Z,q0012,travel guide
2026-01-01T00:10:15.438000Z,q0122,black building blocks
2026-01-01T00:10:15.562000Z,q0007,shampoo
2026-01-01T00:10:15.688000Z,q0017,first aid kit
2026-01-01T00:10:15.812000Z,q0075,sticky notes
2026-01-01T00:10:15.938000Z,q0021,desk lamp
2026-01-01T00:10:16.062000Z,q0721,Linden wooden puzzle
2026-01-01T00:10:16.188000Z,q0034,chopping board
2026-01-01T00:10:16.312000Z,q0045,running shorts
2026-01-01T00:10:16.438000Z,q0049,craft kit
2026-01-01T00:10:16.562000Z,q0528,Alder denim jeans
2026-01-01T00:10:16.688000Z,q0004,wool jumper
2026-01-01T00:10:16.812000Z,q0013,children storybook
2026-01-01T00:10:16.938000Z,q0817,Vela cat toy
2026-01-01T00:10:17.062000Z,q0039,slippers
2026-01-01T00:10:17.188000Z,q0060,olive oil
2026-01-01T00:10:17.312000Z,q0115,black leather shoes
2026-01-01T00:10:17.438000Z,q0409,red chopping board
2026-01-01T00:10:17.562000Z,q0022,cotton bedding
2026-01-01T00:10:17.688000Z,q0038,sandals
2026-01-01T00:10:17.812000Z,q0026,cordless drill
2026-01-01T00:10:17.938000Z,q0029,wall shelf
2026-01-01T00:10:18.062000Z,q0165,blue crime novel
2026-01-01T00:10:18.188000Z,q0072,ballpoint pens
2026-01-01T00:10:18.312000Z,q0486,white running shoes
2026-01-01T00:10:18.438000Z,q0008,hand cream
2026-01-01T00:10:18.562000Z,q0028,tool box
2026-01-01T00:10:18.688000Z,q0036,running shoes
2026-01-01T00:10:18.812000Z,q0003,denim jeans
2026-01-01T00:10:18.938000Z,q0402,red paint brush
2026-01-01T00:10:19.062000Z,q0015,crime novel
2026-01-01T00:10:19.188000Z,q0049,craft kit
2026-01-01T00:10:19.312000Z,q0046,wooden puzzle
2026-01-01T00:10:19.438000Z,q0009,body wash
2026-01-01T00:10:19.562000Z,q0038,sandals
2026-01-01T00:10:19.688000Z,q0046,wooden puzzle
2026-01-01T00:10:19.812000Z,q0001,cotton shirt
2026-01-01T00:10:19.938000Z,q0570,Alder running shorts
2026-01-01T00:10:20.062000Z,q0045,running shorts
2026-01-01T00:10:20.188000Z,q0028,tool box
2026-01-01T00:10:20.312000Z,q0046,wooden puzzle
2026-01-01T00:10:20.438000Z,q0022,cotton bedding
2026-01-01T00:10:20.562000Z,q0041,yoga mat
2026-01-01T00:10:20.688000Z,q0040,leather shoes
2026-01-01T00:10:20.812000Z,q0009,body wash
2026-01-01T00:10:20.938000Z,q0004,wool jumper
2026-01-01T00:10:21.062000Z,q0030,work gloves
2026-01-01T00:10:21.188000Z,q0004,wool jumper
2026-01-01T00:10:21.312000Z,q0033,cutlery set
2026-01-01T00:10:21.438000Z,q0032,ceramic mug
2026-01-01T00:10:21.562000Z,q0090,black crime novel
2026-01-01T00:10:21.688000Z,q0035,glass storage jar
2026-01-01T00:10:21.812000Z,q0012,travel guide
2026-01-01T00:10:21.938000Z,q0040,leather shoes
2026-01-01T00:10:22.062000Z,q0515,white solar lights
2026-01-01T00:10:22.188000Z,q0019,heat pad
2026-01-01T00:10:22.312000Z,q0831,cotton face moisturiser
2026-01-01T00:10:22.438000Z,q0002,linen dress
2026-01-01T00:10:22.562000Z,q0032,ceramic mug
2026-01-01T00:10:22.688000Z,q0024,storage basket
2026-01-01T00:10:22.812000Z,q0966,recycled dog lead
2026-01-01T00:10:22.938000Z,q0044,resistance bands
2026-01-01T00:10:23.062000Z,q0021,desk lamp
2026-01-01T00:10:23.188000Z,q0688,Linden children storybook
2026-01-01T00:10:23.312000Z,q0017,first aid kit
2026-01-01T00:10:23.438000Z,q0021,desk lamp
2026-01-01T00:10:23.562000Z,q0046,wooden puzzle
2026-01-01T00:10:23.688000Z,q0234,green body wash
2026-01-01T00:10:23.812000Z,q0036,running shoes
2026-01-01T00:10:23.938000Z,q0043,water bottle
2026-01-01T00:10:24.062000Z,q0023,bath towel
2026-01-01T00:10:24.188000Z,q0259,green chopping board
2026-01-01T00:10:24.312000Z,q0214,blue pruning shears
2026-01-01T00:10:24.438000Z,q0367,grey cat toy
2026-01-01T00:10:24.562000Z,q0043,water bottle
2026-01-01T00:10:24.688000Z,q0031,steel saucepan
2026-01-01T00:10:24.812000Z,q0047,building blocks
2026-01-01T00:10:24.938000Z,q0020,electric toothbrush
2026-01-01T00:10:25.056000Z,q0034,chopping board
2026-01-01T00:10:25.167000Z,q0007,shampoo
2026-01-01T00:10:25.278000Z,q0007,shampoo
2026-01-01T00:10:25.389000Z,q0006,face moisturiser
2026-01-01T00:10:25.500000Z,q0136,black garden gloves
2026-01-01T00:10:25.611000Z,q0189,blue slippers
2026-01-01T00:10:25.722000Z,q0041,yoga mat
2026-01-01T00:10:25.833000Z,q0049,craft kit
2026-01-01T00:10:25.944000Z,q0275,green toy train
2026-01-01T00:10:26.056000Z,q0374,grey sketch pad
2026-01-01T00:10:26.167000Z,q0420,red running shorts
2026-01-01T00:10:26.278000Z,q0959,recycled pasta sauce
2026-01-01T00:10:26.389000Z,q0031,steel saucepan
2026-01-01T00:10:26.500000Z,q0010,sunscreen
2026-01-01T00:10:26.611000Z,q0006,face moisturiser
2026-01-01T00:10:26.722000Z,q0014,gardening book
2026-01-01T00:10:26.833000Z,q0008,hand cream
2026-01-01T00:10:26.944000Z,q0008,hand cream
2026-01-01T00:10:27.056000Z,q0021,desk lamp
2026-01-01T00:10:27.167000Z,q0601,Harbour cotton shirt
2026-01-01T00:10:27.278000Z,q0003,denim jeans
2026-01-01T00:10:27.389000Z,q0969,recycled bird feeder
2026-01-01T00:10:27.500000Z,q0080,black rain jacket
2026-01-01T00:10:27.611000Z,q0692,Linden first aid kit
2026-01-01T00:10:27.722000Z,q0690,Linden crime novel
2026-01-01T00:10:27.833000Z,q0003,denim jeans
2026-01-01T00:10:27.944000Z,q0177,blue paint brush
2026-01-01T00:10:28.056000Z,q0007,shampoo
2026-01-01T00:10:28.167000Z,q0023,bath towel
2026-01-01T00:10:28.278000Z,q0008,hand cream
2026-01-01T00:10:28.389000Z,q0022,cotton bedding
2026-01-01T00:10:28.500000Z,q0003,denim jeans
2026-01-01T00:10:28.611000Z,q0978,premium denim jeans
2026-01-01T00:10:28.722000Z,q0345,grey running shorts
2026-01-01T00:10:28.833000Z,q0040,leather shoes
2026-01-01T00:10:28.944000Z,q0010,sunscreen
2026-01-01T00:10:29.056000Z,q0003,denim jeans
2026-01-01T00:10:29.167000Z,q0047,building blocks
2026-01-01T00:10:29.278000Z,q0015,crime novel
2026-01-01T00:10:29.389000Z,q0943,recycled water bottle
2026-01-01T00:10:29.500000Z,q0023,bath towel
2026-01-01T00:10:29.611000Z,q0193,blue water bottle
2026-01-01T00:10:29.722000Z,q0010,sunscreen
2026-01-01T00:10:29.833000Z,q0023,bath towel
2026-01-01T00:10:29.944000Z,q0005,rain jacket
2026-01-01T00:10:30.056000Z,q0002,linen dress
2026-01-01T00:10:30.167000Z,q0043,water bottle
2026-01-01T00:10:30.278000Z,q0986,archived lunar model 6
2026-01-01T00:10:30.389000Z,q0043,water bottle
2026-01-01T00:10:30.500000Z,q0645,Harbour running shorts
2026-01-01T00:10:30.611000Z,q0016,vitamin tablets
2026-01-01T00:10:30.722000Z,q0034,chopping board
2026-01-01T00:10:30.833000Z,q0177,blue paint brush
2026-01-01T00:10:30.944000Z,q0028,tool box
2026-01-01T00:10:31.056000Z,q0014,gardening book
2026-01-01T00:10:31.167000Z,q0857,cotton ceramic mug
2026-01-01T00:10:31.278000Z,q0021,desk lamp
2026-01-01T00:10:31.389000Z,q0823,Vela desk organiser
2026-01-01T00:10:31.500000Z,q0366,grey dog lead
2026-01-01T00:10:31.611000Z,q0012,travel guide
2026-01-01T00:10:31.722000Z,q0005,rain jacket
2026-01-01T00:10:31.833000Z,q0013,children storybook
2026-01-01T00:10:31.944000Z,q0014,gardening book
2026-01-01T00:10:32.056000Z,q0829,cotton wool jumper
2026-01-01T00:10:32.167000Z,q0620,Harbour electric toothbrush
2026-01-01T00:10:32.278000Z,q0028,tool box
2026-01-01T00:10:32.389000Z,q0019,heat pad
2026-01-01T00:10:32.500000Z,q0034,chopping board
2026-01-01T00:10:32.611000Z,q0789,Vela slippers
2026-01-01T00:10:32.722000Z,q0779,Vela wall shelf
2026-01-01T00:10:32.833000Z,q0019,heat pad
2026-01-01T00:10:32.944000Z,q0548,Alder bath towel
2026-01-01T00:10:33.056000Z,q0010,sunscreen
2026-01-01T00:10:33.167000Z,q0050,toy train
2026-01-01T00:10:33.278000Z,q0050,toy train
2026-01-01T00:10:33.389000Z,q0046,wooden puzzle
2026-01-01T00:10:33.500000Z,q0531,Alder face moisturiser
2026-01-01T00:10:33.611000Z,q0048,plush bear
2026-01-01T00:10:33.722000Z,q0020,electric toothbrush
2026-01-01T00:10:33.833000Z,q0043,water bottle
2026-01-01T00:10:33.944000Z,q0013,children storybook
2026-01-01T00:10:34.056000Z,q0019,heat pad
2026-01-01T00:10:34.167000Z,q0561,Alder running shoes
2026-01-01T00:10:34.278000Z,q0039,slippers
2026-01-01T00:10:34.389000Z,q0024,storage basket
2026-01-01T00:10:34.500000Z,q0043,water bottle
2026-01-01T00:10:34.611000Z,q0041,yoga mat
2026-01-01T00:10:34.722000Z,q0037,walking boots
2026-01-01T00:10:34.833000Z,q0034,chopping board
2026-01-01T00:10:34.944000Z,q0041,yoga mat
2026-01-01T00:10:35.056000Z,q0049,craft kit
2026-01-01T00:10:35.167000Z,q0029,wall shelf
2026-01-01T00:10:35.278000Z,q0039,slippers
2026-01-01T00:10:35.389000Z,q0366,grey dog lead
2026-01-01T00:10:35.500000Z,q0548,Alder bath towel
2026-01-01T00:10:35.611000Z,q0031,steel saucepan
2026-01-01T00:10:35.722000Z,q0031,steel saucepan
2026-01-01T00:10:35.833000Z,q0020,electric toothbrush
2026-01-01T00:10:35.944000Z,q0844,cotton heat pad
2026-01-01T00:10:36.056000Z,q0025,throw blanket
2026-01-01T00:10:36.167000Z,q0025,throw blanket
2026-01-01T00:10:36.278000Z,q0254,green wall shelf
2026-01-01T00:10:36.389000Z,q0302,grey linen dress
2026-01-01T00:10:36.500000Z,q0019,heat pad
2026-01-01T00:10:36.611000Z,q0010,sunscreen
2026-01-01T00:10:36.722000Z,q0908,recycled hand cream
2026-01-01T00:10:36.833000Z,q0170,blue electric toothbrush
2026-01-01T00:10:36.944000Z,q0007,shampoo
2026-01-01T00:10:37.056000Z,q0268,green water bottle
2026-01-01T00:10:37.167000Z,q0047,building blocks
2026-01-01T00:10:37.278000Z,q0317,grey first aid kit
2026-01-01T00:10:37.389000Z,q0044,resistance bands
2026-01-01T00:10:37.500000Z,q0030,work gloves
2026-01-01T00:10:37.611000Z,q0530,Alder rain jacket
2026-01-01T00:10:37.722000Z,q0347,grey building blocks
2026-01-01T00:10:37.833000Z,q0308,grey hand cream
2026-01-01T00:10:37.944000Z,q0006,face moisturiser
2026-01-01T00:10:38.056000Z,q0019,heat pad
2026-01-01T00:10:38.167000Z,q0035,glass storage jar
2026-01-01T00:10:38.278000Z,q0010,sunscreen
2026-01-01T00:10:38.389000Z,q0041,yoga mat
2026-01-01T00:10:38.500000Z,q0032,ceramic mug
2026-01-01T00:10:38.611000Z,q0047,building blocks
2026-01-01T00:10:38.722000Z,q0029,wall shelf
2026-01-01T00:10:38.833000Z,q0016,vitamin tablets
2026-01-01T00:10:38.944000Z,q0003,denim jeans
2026-01-01T00:10:39.056000Z,q0019,heat pad
2026-01-01T00:10:39.167000Z,q0903,recycled denim jeans
2026-01-01T00:10:39.278000Z,q0050,toy train
2026-01-01T00:10:39.389000Z,q0008,hand cream
2026-01-01T00:10:39.500000Z,q0003,denim jeans
2026-01-01T00:10:39.611000Z,q0009,body wash
2026-01-01T00:10:39.722000Z,q0027,paint brush
2026-01-01T00:10:39.833000Z,q0198,blue plush bear
2026-01-01T00:10:39.944000Z,q0644,Harbour resistance bands
2026-01-01T00:10:40.056000Z,q0783,Vela cutlery set
2026-01-01T00:10:40.167000Z,q0009,body wash
2026-01-01T00:10:40.278000Z,q0049,craft kit
2026-01-01T00:10:40.389000Z,q0867,cotton football
2026-01-01T00:10:40.500000Z,q0049,craft kit
2026-01-01T00:10:40.611000Z,q0951,recycled wireless headphones
2026-01-01T00:10:40.722000Z,q0232,green shampoo
2026-01-01T00:10:40.833000Z,q0029,wall shelf
2026-01-01T00:10:40.944000Z,q0008,hand cream
2026-01-01T00:10:41.056000Z,q0034,chopping board
2026-01-01T00:10:41.167000Z,q0044,resistance bands
2026-01-01T00:10:41.278000Z,q0805,Vela usb c charger
2026-01-01T00:10:41.389000Z,q0045,running shorts
2026-01-01T00:10:41.500000Z,q0001,cotton shirt
2026-01-01T00:10:41.611000Z,q0016,vitamin tablets
2026-01-01T00:10:41.722000Z,q0006,face moisturiser
2026-01-01T00:10:41.833000Z,q0048,plush bear
2026-01-01T00:10:41.944000Z,q0031,steel saucepan
2026-01-01T00:10:42.056000Z,q0020,electric toothbrush
2026-01-01T00:10:42.167000Z,q0011,cookbook
2026-01-01T00:10:42.278000Z,q0016,vitamin tablets
2026-01-01T00:10:42.389000Z,q0598,Alder desk organiser
2026-01-01T00:10:42.500000Z,q0968,recycled pet bowl
2026-01-01T00:10:42.611000Z,q0005,rain jacket
2026-01-01T00:10:42.722000Z,q0006,face moisturiser
2026-01-01T00:10:42.833000Z,q0037,walking boots
2026-01-01T00:10:42.944000Z,q0288,green plant pot
2026-01-01T00:10:43.056000Z,q0400,red throw blanket
2026-01-01T00:10:43.167000Z,q0011,cookbook
2026-01-01T00:10:43.278000Z,q0014,gardening book
2026-01-01T00:10:43.389000Z,q0426,red wireless headphones
2026-01-01T00:10:43.500000Z,q0027,paint brush
2026-01-01T00:10:43.611000Z,q0032,ceramic mug
2026-01-01T00:10:43.722000Z,q0481,white steel saucepan
2026-01-01T00:10:43.833000Z,q0245,green electric toothbrush
2026-01-01T00:10:43.944000Z,q0016,vitamin tablets
2026-01-01T00:10:44.056000Z,q0016,vitamin tablets
2026-01-01T00:10:44.167000Z,q0012,travel guide
2026-01-01T00:10:44.278000Z,q0048,plush bear
2026-01-01T00:10:44.389000Z,q0033,cutlery set
2026-01-01T00:10:44.500000Z,q0024,storage basket
2026-01-01T00:10:44.611000Z,q0955,recycled usb c charger
2026-01-01T00:10:44.722000Z,q0047,building blocks
2026-01-01T00:10:44.833000Z,q0046,wooden puzzle
2026-01-01T00:10:44.944000Z,q0128,black tablet
2026-01-01T00:10:45.056000Z,q0008,hand cream
2026-01-01T00:10:45.167000Z,q0041,yoga mat
2026-01-01T00:10:45.278000Z,q0016,vitamin tablets
2026-01-01T00:10:45.389000Z,q0009,body wash
2026-01-01T00:10:45.500000Z,q0010,sunscreen
2026-01-01T00:10:45.611000Z,q0009,body wash
2026-01-01T00:10:45.722000Z,q0501,white wireless headphones
2026-01-01T00:10:45.833000Z,q0024,storage basket
2026-01-01T00:10:45.944000Z,q0043,water bottle
2026-01-01T00:10:46.056000Z,q0008,hand cream
2026-01-01T00:10:46.167000Z,q0009,body wash
2026-01-01T00:10:46.278000Z,q0042,football
2026-01-01T00:10:46.389000Z,q0036,running shoes
2026-01-01T00:10:46.500000Z,q0014,gardening book
2026-01-01T00:10:46.611000Z,q0038,sandals
2026-01-01T00:10:46.722000Z,q0843,cotton sleep mask
2026-01-01T00:10:46.833000Z,q0014,gardening book
2026-01-01T00:10:46.944000Z,q0949,recycled craft kit
2026-01-01T00:10:47.056000Z,q0559,Alder chopping board
2026-01-01T00:10:47.167000Z,q0021,desk lamp
2026-01-01T00:10:47.278000Z,q0021,desk lamp
2026-01-01T00:10:47.389000Z,q0027,paint brush
2026-01-01T00:10:47.500000Z,q0003,denim jeans
2026-01-01T00:10:47.611000Z,q0021,desk lamp
2026-01-01T00:10:47.722000Z,q0026,cordless drill
2026-01-01T00:10:47.833000Z,q0033,cutlery set
2026-01-01T00:10:47.944000Z,q0298,green desk organiser
2026-01-01T00:10:48.050000Z,q0024,storage basket
2026-01-01T00:10:48.150000Z,q0954,recycled smart watch
2026-01-01T00:10:48.250000Z,q0040,leather shoes
2026-01-01T00:10:48.350000Z,q0502,white bluetooth speaker
2026-01-01T00:10:48.450000Z,q0020,electric toothbrush
2026-01-01T00:10:48.550000Z,q0029,wall shelf
2026-01-01T00:10:48.650000Z,q0049,craft kit
2026-01-01T00:10:48.750000Z,q0033,cutlery set
2026-01-01T00:10:48.850000Z,q0016,vitamin tablets
2026-01-01T00:10:48.950000Z,q0021,desk lamp
2026-01-01T00:10:49.050000Z,q0959,recycled pasta sauce
2026-01-01T00:10:49.150000Z,q0037,walking boots
2026-01-01T00:10:49.250000Z,q0021,desk lamp
2026-01-01T00:10:49.350000Z,q0033,cutlery set
2026-01-01T00:10:49.450000Z,q0048,plush bear
2026-01-01T00:10:49.550000Z,q0006,face moisturiser
2026-01-01T00:10:49.650000Z,q0027,paint brush
2026-01-01T00:10:49.750000Z,q0196,blue wooden puzzle
2026-01-01T00:10:49.850000Z,q0255,green work gloves
2026-01-01T00:10:49.950000Z,q0046,wooden puzzle
2026-01-01T00:10:50.050000Z,q0005,rain jacket
2026-01-01T00:10:50.150000Z,q0019,heat pad
2026-01-01T00:10:50.250000Z,q0020,electric toothbrush
2026-01-01T00:10:50.350000Z,q0046,wooden puzzle
2026-01-01T00:10:50.450000Z,q0006,face moisturiser
2026-01-01T00:10:50.550000Z,q0016,vitamin tablets
2026-01-01T00:10:50.650000Z,q0224,blue sketch pad
2026-01-01T00:10:50.750000Z,q0924,recycled storage basket
2026-01-01T00:10:50.850000Z,q0093,black sleep mask
2026-01-01T00:10:50.950000Z,q0102,black paint brush
2026-01-01T00:10:51.050000Z,q0004,wool jumper
2026-01-01T00:10:51.150000Z,q0049,craft kit
2026-01-01T00:10:51.250000Z,q0017,first aid kit
2026-01-01T00:10:51.350000Z,q0030,work gloves
2026-01-01T00:10:51.450000Z,q0044,resistance bands
2026-01-01T00:10:51.550000Z,q0010,sunscreen
2026-01-01T00:10:51.650000Z,q0015,crime novel
2026-01-01T00:10:51.750000Z,q0396,red desk lamp
2026-01-01T00:10:51.850000Z,q0164,blue gardening book
2026-01-01T00:10:51.950000Z,q0036,running shoes
2026-01-01T00:10:52.050000Z,q0592,Alder cat toy
2026-01-01T00:10:52.150000Z,q0043,water bottle
2026-01-01T00:10:52.250000Z,q0452,white linen dress
2026-01-01T00:10:52.350000Z,q0330,grey work gloves
2026-01-01T00:10:52.450000Z,q0152,blue linen dress
2026-01-01T00:10:52.550000Z,q0035,glass storage jar
2026-01-01T00:10:52.650000Z,q0003,denim jeans
2026-01-01T00:10:52.750000Z,q0024,storage basket
2026-01-01T00:10:52.850000Z,q0028,tool box
2026-01-01T00:10:52.950000Z,q0018,sleep mask
2026-01-01T00:10:53.050000Z,q0030,work gloves
2026-01-01T00:10:53.150000Z,q0012,travel guide
2026-01-01T00:10:53.250000Z,q0276,green wireless headphones
2026-01-01T00:10:53.350000Z,q0046,wooden puzzle
2026-01-01T00:10:53.450000Z,q0601,Harbour cotton shirt
2026-01-01T00:10:53.550000Z,q0674,Harbour sketch pad
2026-01-01T00:10:53.650000Z,q0018,sleep mask
2026-01-01T00:10:53.750000Z,q0932,recycled ceramic mug
2026-01-01T00:10:53.850000Z,q0034,chopping board
2026-01-01T00:10:53.950000Z,q0554,Alder wall shelf
2026-01-01T00:10:54.050000Z,q0807,Vela ground coffee
2026-01-01T00:10:54.150000Z,q0045,running shorts
2026-01-01T00:10:54.250000Z,q0028,tool box
2026-01-01T00:10:54.350000Z,q0019,heat pad
2026-01-01T00:10:54.450000Z,q0032,ceramic mug
2026-01-01T00:10:54.550000Z,q0778,Vela tool box
2026-01-01T00:10:54.650000Z,q0049,craft kit
2026-01-01T00:10:54.750000Z,q0425,red toy train
2026-01-01T00:10:54.850000Z,q0018,sleep mask
2026-01-01T00:10:54.950000Z,q0043,water bottle
2026-01-01T00:10:55.050000Z,q0020,electric toothbrush
2026-01-01T00:10:55.150000Z,q0004,wool jumper
2026-01-01T00:10:55.250000Z,q0996,archived lunar model 16
2026-01-01T00:10:55.350000Z,q0001,cotton shirt
2026-01-01T00:10:55.450000Z,q0526,Alder cotton shirt
2026-01-01T00:10:55.550000Z,q0050,toy train
2026-01-01T00:10:55.650000Z,q0548,Alder bath towel
2026-01-01T00:10:55.750000Z,q0037,walking boots
2026-01-01T00:10:55.850000Z,q0025,throw blanket
2026-01-01T00:10:55.950000Z,q0029,wall shelf
2026-01-01T00:10:56.050000Z,q0017,first aid kit
2026-01-01T00:10:56.150000Z,q0040,leather shoes
2026-01-01T00:10:56.250000Z,q0570,Alder running shorts
2026-01-01T00:10:56.350000Z,q0804,Vela smart watch
2026-01-01T00:10:56.450000Z,q0046,wooden puzzle
2026-01-01T00:10:56.550000Z,q0019,heat pad
2026-01-01T00:10:56.650000Z,q0037,walking boots
2026-01-01T00:10:56.750000Z,q0013,children storybook
2026-01-01T00:10:56.850000Z,q0795,Vela running shorts
2026-01-01T00:10:56.950000Z,q0029,wall shelf
2026-01-01T00:10:57.050000Z,q0729,Linden smart watch
2026-01-01T00:10:57.150000Z,q0042,football
2026-01-01T00:10:57.250000Z,q0003,denim jeans
2026-01-01T00:10:57.350000Z,q0047,building blocks
2026-01-01T00:10:57.450000Z,q0028,tool box
2026-01-01T00:10:57.550000Z,q0002,linen dress
2026-01-01T00:10:57.650000Z,q0049,craft kit
2026-01-01T00:10:57.750000Z,q0038,sandals
2026-01-01T00:10:57.850000Z,q0045,running shorts
2026-01-01T00:10:57.950000Z,q0028,tool box
2026-01-01T00:10:58.050000Z,q0021,desk lamp
2026-01-01T00:10:58.150000Z,q0003,denim jeans
2026-01-01T00:10:58.250000Z,q0025,throw blanket
2026-01-01T00:10:58.350000Z,q0035,glass storage jar
2026-01-01T00:10:58.450000Z,q0033,cutlery set
2026-01-01T00:10:58.550000Z,q0027,paint brush
2026-01-01T00:10:58.650000Z,q0746,Linden notebook
2026-01-01T00:10:58.750000Z,q0045,running shorts
2026-01-01T00:10:58.850000Z,q0036,running shoes
2026-01-01T00:10:58.950000Z,q0003,denim jeans
2026-01-01T00:10:59.050000Z,q0028,tool box
2026-01-01T00:10:59.150000Z,q0045,running shorts
2026-01-01T00:10:59.250000Z,q0777,Vela paint brush
2026-01-01T00:10:59.350000Z,q0048,plush bear
2026-01-01T00:10:59.450000Z,q0030,work gloves
2026-01-01T00:10:59.550000Z,q0047,building blocks
2026-01-01T00:10:59.650000Z,q0004,wool jumper
2026-01-01T00:10:59.750000Z,q0045,running shorts
2026-01-01T00:10:59.850000Z,q0030,work gloves
2026-01-01T00:10:59.950000Z,q0042,football
2026-01-01T00:11:00.050000Z,q0020,electric toothbrush
2026-01-01T00:11:00.150000Z,q0010,sunscreen
2026-01-01T00:11:00.250000Z,q0026,cordless drill
2026-01-01T00:11:00.350000Z,q0008,hand cream
2026-01-01T00:11:00.450000Z,q0016,vitamin tablets
2026-01-01T00:11:00.550000Z,q0044,resistance bands
2026-01-01T00:11:00.650000Z,q0926,recycled cordless drill
2026-01-01T00:11:00.750000Z,q0488,white sandals
2026-01-01T00:11:00.850000Z,q0027,paint brush
2026-01-01T00:11:00.950000Z,q0047,building blocks
2026-01-01T00:11:01.050000Z,q0024,storage basket
2026-01-01T00:11:01.150000Z,q0151,blue cotton shirt
2026-01-01T00:11:01.250000Z,q0021,desk lamp
2026-01-01T00:11:01.350000Z,q0003,denim jeans
2026-01-01T00:11:01.450000Z,q0027,paint brush
2026-01-01T00:11:01.550000Z,q0592,Alder cat toy
2026-01-01T00:11:01.650000Z,q0716,Linden yoga mat
2026-01-01T00:11:01.750000Z,q0042,football
2026-01-01T00:11:01.850000Z,q0008,hand cream
2026-01-01T00:11:01.950000Z,q0008,hand cream
2026-01-01T00:11:02.050000Z,q0042,football
2026-01-01T00:11:02.150000Z,q0045,running shorts
2026-01-01T00:11:02.250000Z,q0017,first aid kit
2026-01-01T00:11:02.350000Z,q0044,resistance bands
2026-01-01T00:11:02.450000Z,q0601,Harbour cotton shirt
2026-01-01T00:11:02.550000Z,q0031,steel saucepan
2026-01-01T00:11:02.650000Z,q0006,face moisturiser
2026-01-01T00:11:02.750000Z,q0048,plush bear
2026-01-01T00:11:02.850000Z,q0016,vitamin tablets
2026-01-01T00:11:02.950000Z,q0916,recycled vitamin tablets
2026-01-01T00:11:03.050000Z,q0048,plush bear
2026-01-01T00:11:03.150000Z,q0033,cutlery set
2026-01-01T00:11:03.250000Z,q0026,cordless drill
2026-01-01T00:11:03.350000Z,q0037,walking boots
2026-01-01T00:11:03.450000Z,q0999,archived lunar model 19
2026-01-01T00:11:03.550000Z,q0027,paint brush
2026-01-01T00:11:03.650000Z,q0025,throw blanket
2026-01-01T00:11:03.750000Z,q0023,bath towel
2026-01-01T00:11:03.850000Z,q0643,Harbour water bottle
2026-01-01T00:11:03.950000Z,q0002,linen dress
2026-01-01T00:11:04.050000Z,q0619,Harbour heat pad
2026-01-01T00:11:04.150000Z,q0416,red yoga mat
2026-01-01T00:11:04.250000Z,q0024,storage basket
2026-01-01T00:11:04.350000Z,q0240,green crime novel
2026-01-01T00:11:04.450000Z,q0039,slippers
2026-01-01T00:11:04.550000Z,q0973,recycled desk organiser
2026-01-01T00:11:04.650000Z,q0023,bath towel
2026-01-01T00:11:04.750000Z,q0026,cordless drill
2026-01-01T00:11:04.850000Z,q0012,travel guide
2026-01-01T00:11:04.950000Z,q0037,walking boots
2026-01-01T00:11:05.050000Z,q0043,water bottle
2026-01-01T00:11:05.150000Z,q0032,ceramic mug
2026-01-01T00:11:05.250000Z,q0050,toy train
2026-01-01T00:11:05.350000Z,q0026,cordless drill
2026-01-01T00:11:05.450000Z,q0062,watering can
2026-01-01T00:11:05.550000Z,q0015,crime novel
2026-01-01T00:11:05.650000Z,q0024,storage basket
2026-01-01T00:11:05.750000Z,q0006,face moisturiser
2026-01-01T00:11:05.850000Z,q0036,running shoes
2026-01-01T00:11:05.950000Z,q0013,children storybook
2026-01-01T00:11:06.050000Z,q0040,leather shoes
2026-01-01T00:11:06.150000Z,q0019,heat pad
2026-01-01T00:11:06.250000Z,q0965,recycled solar lights
2026-01-01T00:11:06.350000Z,q0611,Harbour cookbook
2026-01-01T00:11:06.450000Z,q0084,black body wash
2026-01-01T00:11:06.550000Z,q0392,red first aid kit
2026-01-01T00:11:06.650000Z,q0023,bath towel
2026-01-01T00:11:06.750000Z,q0027,paint brush
2026-01-01T00:11:06.850000Z,q0015,crime novel
2026-01-01T00:11:06.950000Z,q0041,yoga mat
2026-01-01T00:11:07.050000Z,q0034,chopping board
2026-01-01T00:11:07.150000Z,q0030,work gloves
2026-01-01T00:11:07.250000Z,q0022,cotton bedding
2026-01-01T00:11:07.350000Z,q0031,steel saucepan
2026-01-01T00:11:07.450000Z,q0404,red wall shelf
2026-01-01T00:11:07.550000Z,q0025,throw blanket
2026-01-01T00:11:07.650000Z,q0024,storage basket
2026-01-01T00:11:07.750000Z,q0021,desk lamp
2026-01-01T00:11:07.850000Z,q0021,desk lamp
2026-01-01T00:11:07.950000Z,q0035,glass storage jar
2026-01-01T00:11:08.050000Z,q0022,cotton bedding
2026-01-01T00:11:08.150000Z,q0031,steel saucepan
2026-01-01T00:11:08.250000Z,q0039,slippers
2026-01-01T00:11:08.350000Z,q0047,building blocks
2026-01-01T00:11:08.450000Z,q0021,desk lamp
2026-01-01T00:11:08.550000Z,q0035,glass storage jar
2026-01-01T00:11:08.650000Z,q0028,tool box
2026-01-01T00:11:08.750000Z,q0482,white ceramic mug
2026-01-01T00:11:08.850000Z,q0032,ceramic mug
2026-01-01T00:11:08.950000Z,q0039,slippers
2026-01-01T00:11:09.050000Z,q0014,gardening book
2026-01-01T00:11:09.150000Z,q0012,travel guide
2026-01-01T00:11:09.250000Z,q0007,shampoo
2026-01-01T00:11:09.350000Z,q0032,ceramic mug
2026-01-01T00:11:09.450000Z,q0940,recycled leather shoes
2026-01-01T00:11:09.550000Z,q0496,white wooden puzzle
2026-01-01T00:11:09.650000Z,q0045,running shorts
2026-01-01T00:11:09.750000Z,q0564,Alder slippers
2026-01-01T00:11:09.850000Z,q0049,craft kit
2026-01-01T00:11:09.950000Z,q0034,chopping board
2026-01-01T00:11:10.050000Z,q0007,shampoo
2026-01-01T00:11:10.150000Z,q0504,white smart watch
2026-01-01T00:11:10.250000Z,q0624,Harbour storage basket
2026-01-01T00:11:10.350000Z,q0586,Alder garden gloves
2026-01-01T00:11:10.450000Z,q0045,running shorts
2026-01-01T00:11:10.550000Z,q0049,craft kit
2026-01-01T00:11:10.650000Z,q0039,slippers
2026-01-01T00:11:10.750000Z,q0044,resistance bands
2026-01-01T00:11:10.850000Z,q0039,slippers
2026-01-01T00:11:10.950000Z,q0299,green sketch pad
2026-01-01T00:11:11.050000Z,q0431,red breakfast oats
2026-01-01T00:11:11.150000Z,q0568,Alder water bottle
2026-01-01T00:11:11.250000Z,q0996,archived lunar model 16
2026-01-01T00:11:11.350000Z,q0028,tool box
2026-01-01T00:11:11.450000Z,q0036,running shoes
2026-01-01T00:11:11.550000Z,q0500,white toy train
2026-01-01T00:11:11.650000Z,q0049,craft kit
2026-01-01T00:11:11.750000Z,q0325,grey throw blanket
2026-01-01T00:11:11.850000Z,q0023,bath towel
2026-01-01T00:11:11.950000Z,q0042,football
2026-01-01T00:11:12.050000Z,q0021,desk lamp
2026-01-01T00:11:12.150000Z,q0041,yoga mat
2026-01-01T00:11:12.250000Z,q0601,Harbour cotton shirt
2026-01-01T00:11:12.350000Z,q0005,rain jacket
2026-01-01T00:11:12.450000Z,q0049,craft kit
2026-01-01T00:11:12.550000Z,q0552,Alder paint brush
2026-01-01T00:11:12.650000Z,q0009,body wash
2026-01-01T00:11:12.750000Z,q0437,red watering can
2026-01-01T00:11:12.850000Z,q0048,plush bear
2026-01-01T00:11:12.950000Z,q0049,craft kit
2026-01-01T00:11:13.050000Z,q0399,red storage basket
2026-01-01T00:11:13.150000Z,q0044,resistance bands
2026-01-01T00:11:13.250000Z,q0471,white desk lamp
2026-01-01T00:11:13.350000Z,q0953,recycled tablet
2026-01-01T00:11:13.450000Z,q0050,toy train
2026-01-01T00:11:13.550000Z,q0045,running shorts
2026-01-01T00:11:13.650000Z,q0005,rain jacket
2026-01-01T00:11:13.750000Z,q0005,rain jacket
2026-01-01T00:11:13.850000Z,q0003,denim jeans
2026-01-01T00:11:13.950000Z,q0454,white wool jumper
2026-01-01T00:11:14.050000Z,q0013,children storybook
2026-01-01T00:11:14.150000Z,q0014,gardening book
2026-01-01T00:11:14.250000Z,q0189,blue slippers
2026-01-01T00:11:14.350000Z,q0038,sandals
2026-01-01T00:11:14.450000Z,q0048,plush bear
2026-01-01T00:11:14.550000Z,q0001,cotton shirt
2026-01-01T00:11:14.650000Z,q0467,white first aid kit
2026-01-01T00:11:14.750000Z,q0420,red running shorts
2026-01-01T00:11:14.850000Z,q0030,work gloves
2026-01-01T00:11:14.950000Z,q0009,body wash
2026-01-01T00:11:15.050000Z,q0044,resistance bands
2026-01-01T00:11:15.150000Z,q0027,paint brush
2026-01-01T00:11:15.250000Z,q0034,chopping board
2026-01-01T00:11:15.350000Z,q0012,travel guide
2026-01-01T00:11:15.450000Z,q0331,grey steel saucepan
2026-01-01T00:11:15.550000Z,q0006,face moisturiser
2026-01-01T00:11:15.650000Z,q0016,vitamin tablets
2026-01-01T00:11:15.750000Z,q0045,running shorts
2026-01-01T00:11:15.850000Z,q0014,gardening book
2026-01-01T00:11:15.950000Z,q0034,chopping board
2026-01-01T00:11:16.050000Z,q0037,walking boots
2026-01-01T00:11:16.150000Z,q0032,ceramic mug
2026-01-01T00:11:16.250000Z,q0134,black pasta sauce
2026-01-01T00:11:16.350000Z,q0025,throw blanket
2026-01-01T00:11:16.450000Z,q0493,white water bottle
2026-01-01T00:11:16.550000Z,q0048,plush bear
2026-01-01T00:11:16.650000Z,q0046,wooden puzzle
2026-01-01T00:11:16.750000Z,q0031,steel saucepan
2026-01-01T00:11:16.850000Z,q0049,craft kit
2026-01-01T00:11:16.950000Z,q0017,first aid kit
2026-01-01T00:11:17.050000Z,q0042,football
2026-01-01T00:11:17.150000Z,q0214,blue pruning shears
2026-01-01T00:11:17.250000Z,q0714,Linden slippers
2026-01-01T00:11:17.350000Z,q0152,blue linen dress
2026-01-01T00:11:17.450000Z,q0040,leather shoes
2026-01-01T00:11:17.550000Z,q0049,craft kit
2026-01-01T00:11:17.650000Z,q0089,black gardening book
2026-01-01T00:11:17.750000Z,q0042,football
2026-01-01T00:11:17.850000Z,q0024,storage basket
2026-01-01T00:11:17.950000Z,q0044,resistance bands
2026-01-01T00:11:18.050000Z,q0040,leather shoes
2026-01-01T00:11:18.150000Z,q0009,body wash
2026-01-01T00:11:18.250000Z,q0017,first aid kit
2026-01-01T00:11:18.350000Z,q0049,craft kit
2026-01-01T00:11:18.450000Z,q0683,Linden hand cream
2026-01-01T00:11:18.550000Z,q0039,slippers
2026-01-01T00:11:18.650000Z,q1000,archived lunar model 20
2026-01-01T00:11:18.750000Z,q0037,walking boots
2026-01-01T00:11:18.850000Z,q0910,recycled sunscreen
2026-01-01T00:11:18.950000Z,q0853,cotton tool box
2026-01-01T00:11:19.050000Z,q0010,sunscreen
2026-01-01T00:11:19.150000Z,q0012,travel guide
2026-01-01T00:11:19.250000Z,q0340,grey leather shoes
2026-01-01T00:11:19.350000Z,q0151,blue cotton shirt
2026-01-01T00:11:19.450000Z,q0009,body wash
2026-01-01T00:11:19.550000Z,q0120,black running shorts
2026-01-01T00:11:19.650000Z,q0008,hand cream
2026-01-01T00:11:19.750000Z,q0019,heat pad
2026-01-01T00:11:19.850000Z,q0255,green work gloves
2026-01-01T00:11:19.950000Z,q0996,archived lunar model 16
2026-01-01T00:11:20.050000Z,q0196,blue wooden puzzle
2026-01-01T00:11:20.150000Z,q0018,sleep mask
2026-01-01T00:11:20.250000Z,q0702,Linden paint brush
2026-01-01T00:11:20.350000Z,q0027,paint brush
2026-01-01T00:11:20.450000Z,q0394,red heat pad
2026-01-01T00:11:20.550000Z,q0127,black bluetooth speaker
2026-01-01T00:11:20.650000Z,q0711,Linden running shoes
2026-01-01T00:11:20.750000Z,q0037,walking boots
2026-01-01T00:11:20.850000Z,q0004,wool jumper
2026-01-01T00:11:20.950000Z,q0003,denim jeans
2026-01-01T00:11:21.050000Z,q0016,vitamin tablets
2026-01-01T00:11:21.150000Z,q0985,archived lunar model 5
2026-01-01T00:11:21.250000Z,q0027,paint brush
2026-01-01T00:11:21.350000Z,q0009,body wash
2026-01-01T00:11:21.450000Z,q0028,tool box
2026-01-01T00:11:21.550000Z,q0030,work gloves
2026-01-01T00:11:21.650000Z,q0034,chopping board
2026-01-01T00:11:21.750000Z,q0767,Vela first aid kit
2026-01-01T00:11:21.850000Z,q0111,black running shoes
2026-01-01T00:11:21.950000Z,q0009,body wash
2026-01-01T00:11:22.050000Z,q0606,Harbour face moisturiser
2026-01-01T00:11:22.150000Z,q0008,hand cream
2026-01-01T00:11:22.250000Z,q0048,plush bear
2026-01-01T00:11:22.350000Z,q0191,blue yoga mat
2026-01-01T00:11:22.450000Z,q0327,grey paint brush
2026-01-01T00:11:22.550000Z,q0797,Vela building blocks
2026-01-01T00:11:22.650000Z,q0004,wool jumper
2026-01-01T00:11:22.750000Z,q0016,vitamin tablets
2026-01-01T00:11:22.850000Z,q0039,slippers
2026-01-01T00:11:22.950000Z,q0044,resistance bands
2026-01-01T00:11:23.050000Z,q0002,linen dress
2026-01-01T00:11:23.150000Z,q0810,Vela olive oil
2026-01-01T00:11:23.250000Z,q0032,ceramic mug
2026-01-01T00:11:23.350000Z,q0045,running shorts
2026-01-01T00:11:23.450000Z,q0057,ground coffee
2026-01-01T00:11:23.550000Z,q0027,paint brush
2026-01-01T00:11:23.650000Z,q0749,Linden sketch pad
2026-01-01T00:11:23.750000Z,q0048,plush bear
2026-01-01T00:11:23.850000Z,q0008,hand cream
2026-01-01T00:11:23.950000Z,q0043,water bottle
2026-01-01T00:11:24.050000Z,q0128,black tablet
2026-01-01T00:11:24.150000Z,q0009,body wash
2026-01-01T00:11:24.250000Z,q0003,denim jeans
2026-01-01T00:11:24.350000Z,q0048,plush bear
2026-01-01T00:11:24.450000Z,q0642,Harbour football
2026-01-01T00:11:24.550000Z,q0088,black children storybook
2026-01-01T00:11:24.650000Z,q0009,body wash
2026-01-01T00:11:24.750000Z,q0032,ceramic mug
2026-01-01T00:11:24.850000Z,q0057,ground coffee
2026-01-01T00:11:24.950000Z,q0045,running shorts
2026-01-01T00:11:25.050000Z,q0040,leather shoes
2026-01-01T00:11:25.150000Z,q0008,hand cream
2026-01-01T00:11:25.250000Z,q0046,wooden puzzle
2026-01-01T00:11:25.350000Z,q0047,building blocks
2026-01-01T00:11:25.450000Z,q0049,craft kit
2026-01-01T00:11:25.550000Z,q0031,steel saucepan
2026-01-01T00:11:25.650000Z,q0013,children storybook
2026-01-01T00:11:25.750000Z,q0024,storage basket
2026-01-01T00:11:25.850000Z,q0019,heat pad
2026-01-01T00:11:25.950000Z,q0039,slippers
2026-01-01T00:11:26.050000Z,q0049,craft kit
2026-01-01T00:11:26.150000Z,q0020,electric toothbrush
2026-01-01T00:11:26.250000Z,q0019,heat pad
2026-01-01T00:11:26.350000Z,q0251,green cordless drill
2026-01-01T00:11:26.450000Z,q0009,body wash
2026-01-01T00:11:26.550000Z,q0007,shampoo
2026-01-01T00:11:26.650000Z,q0018,sleep mask
2026-01-01T00:11:26.750000Z,q0002,linen dress
2026-01-01T00:11:26.850000Z,q0015,crime novel
2026-01-01T00:11:26.950000Z,q0025,throw blanket
2026-01-01T00:11:27.050000Z,q0030,work gloves
2026-01-01T00:11:27.150000Z,q0333,grey cutlery set
2026-01-01T00:11:27.250000Z,q0005,rain jacket
2026-01-01T00:11:27.350000Z,q0003,denim jeans
2026-01-01T00:11:27.450000Z,q0044,resistance bands
2026-01-01T00:11:27.550000Z,q0033,cutlery set
2026-01-01T00:11:27.650000Z,q0619,Harbour heat pad
2026-01-01T00:11:27.750000Z,q0047,building blocks
2026-01-01T00:11:27.850000Z,q0005,rain jacket
2026-01-01T00:11:27.950000Z,q0010,sunscreen
2026-01-01T00:11:28.050000Z,q0040,leather shoes
2026-01-01T00:11:28.150000Z,q0307,grey shampoo
2026-01-01T00:11:28.250000Z,q0034,chopping board
2026-01-01T00:11:28.350000Z,q0049,craft kit
2026-01-01T00:11:28.450000Z,q0049,craft kit
2026-01-01T00:11:28.550000Z,q0040,leather shoes
2026-01-01T00:11:28.650000Z,q0016,vitamin tablets
2026-01-01T00:11:28.750000Z,q0489,white slippers
2026-01-01T00:11:28.850000Z,q0039,slippers
2026-01-01T00:11:28.950000Z,q0009,body wash
2026-01-01T00:11:29.050000Z,q0030,work gloves
2026-01-01T00:11:29.150000Z,q0196,blue wooden puzzle
2026-01-01T00:11:29.250000Z,q0986,archived lunar model 6
2026-01-01T00:11:29.350000Z,q0001,cotton shirt
2026-01-01T00:11:29.450000Z,q0019,heat pad
2026-01-01T00:11:29.550000Z,q0039,slippers
2026-01-01T00:11:29.650000Z,q0041,yoga mat
2026-01-01T00:11:29.750000Z,q0642,Harbour football
2026-01-01T00:11:29.850000Z,q0431,red breakfast oats
2026-01-01T00:11:29.950000Z,q0241,green vitamin tablets
2026-01-01T00:11:30.050000Z,q0398,red bath towel
2026-01-01T00:11:30.150000Z,q0041,yoga mat
2026-01-01T00:11:30.250000Z,q0927,recycled paint brush
2026-01-01T00:11:30.350000Z,q0012,travel guide
2026-01-01T00:11:30.450000Z,q0363,grey plant pot
2026-01-01T00:11:30.550000Z,q0620,Harbour electric toothbrush
2026-01-01T00:11:30.650000Z,q0019,heat pad
2026-01-01T00:11:30.750000Z,q0795,Vela running shorts
2026-01-01T00:11:30.850000Z,q0016,vitamin tablets
2026-01-01T00:11:30.950000Z,q0099,black storage basket
2026-01-01T00:11:31.050000Z,q0850,cotton throw blanket
2026-01-01T00:11:31.150000Z,q0572,Alder building blocks
2026-01-01T00:11:31.250000Z,q0029,wall shelf
2026-01-01T00:11:31.350000Z,q0823,Vela desk organiser
2026-01-01T00:11:31.450000Z,q0022,cotton bedding
2026-01-01T00:11:31.550000Z,q0110,black glass storage jar
2026-01-01T00:11:31.650000Z,q0021,desk lamp
2026-01-01T00:11:31.750000Z,q0934,recycled chopping board
2026-01-01T00:11:31.850000Z,q0020,electric toothbrush
2026-01-01T00:11:31.950000Z,q0010,sunscreen
2026-01-01T00:11:32.050000Z,q0004,wool jumper
2026-01-01T00:11:32.150000Z,q0126,black wireless headphones
2026-01-01T00:11:32.250000Z,q0347,grey building blocks
2026-01-01T00:11:32.350000Z,q0020,electric toothbrush
2026-01-01T00:11:32.450000Z,q0030,work gloves
2026-01-01T00:11:32.550000Z,q0438,red plant pot
2026-01-01T00:11:32.650000Z,q0037,walking boots
2026-01-01T00:11:32.750000Z,q0981,archived lunar model 1
2026-01-01T00:11:32.850000Z,q0032,ceramic mug
2026-01-01T00:11:32.950000Z,q0973,recycled desk organiser
2026-01-01T00:11:33.050000Z,q0297,green ballpoint pens
2026-01-01T00:11:33.150000Z,q0652,Harbour bluetooth speaker
2026-01-01T00:11:33.250000Z,q0010,sunscreen
2026-01-01T00:11:33.350000Z,q0035,glass storage jar
2026-01-01T00:11:33.450000Z,q0042,football
2026-01-01T00:11:33.550000Z,q0022,cotton bedding
2026-01-01T00:11:33.650000Z,q0050,toy train
2026-01-01T00:11:33.750000Z,q0479,white wall shelf
2026-01-01T00:11:33.850000Z,q0020,electric toothbrush
2026-01-01T00:11:33.950000Z,q0019,heat pad
2026-01-01T00:11:34.050000Z,q0009,body wash
2026-01-01T00:11:34.150000Z,q0628,Harbour tool box
2026-01-01T00:11:34.250000Z,q0018,sleep mask
2026-01-01T00:11:34.350000Z,q0042,football
2026-01-01T00:11:34.450000Z,q0639,Harbour slippers
2026-01-01T00:11:34.550000Z,q0121,black wooden puzzle
2026-01-01T00:11:34.650000Z,q0879,cotton smart watch
2026-01-01T00:11:34.750000Z,q0005,rain jacket
2026-01-01T00:11:34.850000Z,q0021,desk lamp
2026-01-01T00:11:34.950000Z,q0020,electric toothbrush
2026-01-01T00:11:35.050000Z,q0034,chopping board
2026-01-01T00:11:35.150000Z,q0089,black gardening book
2026-01-01T00:11:35.250000Z,q0010,sunscreen
2026-01-01T00:11:35.350000Z,q0028,tool box
2026-01-01T00:11:35.450000Z,q0043,water bottle
2026-01-01T00:11:35.550000Z,q0024,storage basket
2026-01-01T00:11:35.650000Z,q0018,sleep mask
2026-01-01T00:11:35.750000Z,q0010,sunscreen
2026-01-01T00:11:35.850000Z,q0051,wireless headphones
2026-01-01T00:11:35.950000Z,q0047,building blocks
2026-01-01T00:11:36.050000Z,q0356,grey breakfast oats
2026-01-01T00:11:36.150000Z,q0001,cotton shirt
2026-01-01T00:11:36.250000Z,q0034,chopping board
2026-01-01T00:11:36.350000Z,q0981,archived lunar model 1
2026-01-01T00:11:36.450000Z,q0037,walking boots
2026-01-01T00:11:36.550000Z,q0038,sandals
2026-01-01T00:11:36.650000Z,q0616,Harbour vitamin tablets
2026-01-01T00:11:36.750000Z,q0242,green first aid kit
2026-01-01T00:11:36.850000Z,q0165,blue crime novel
2026-01-01T00:11:36.950000Z,q0589,Alder pruning shears
2026-01-01T00:11:37.050000Z,q0041,yoga mat
2026-01-01T00:11:37.150000Z,q0640,Harbour leather shoes
2026-01-01T00:11:37.250000Z,q0040,leather shoes
2026-01-01T00:11:37.350000Z,q0007,shampoo
2026-01-01T00:11:37.450000Z,q0227,green linen dress
2026-01-01T00:11:37.550000Z,q0011,cookbook
2026-01-01T00:11:37.650000Z,q0048,plush bear
2026-01-01T00:11:37.750000Z,q0142,black cat toy
2026-01-01T00:11:37.850000Z,q0116,black yoga mat
2026-01-01T00:11:37.950000Z,q0465,white crime novel
2026-01-01T00:11:38.050000Z,q0030,work gloves
2026-01-01T00:11:38.150000Z,q0447,red ballpoint pens
2026-01-01T00:11:38.250000Z,q0023,bath towel
2026-01-01T00:11:38.350000Z,q0850,cotton throw blanket
2026-01-01T00:11:38.450000Z,q0015,crime novel
2026-01-01T00:11:38.550000Z,q0041,yoga mat
2026-01-01T00:11:38.650000Z,q0042,football
2026-01-01T00:11:38.750000Z,q0021,desk lamp
2026-01-01T00:11:38.850000Z,q0424,red craft kit
2026-01-01T00:11:38.950000Z,q0301,grey cotton shirt
2026-01-01T00:11:39.050000Z,q0025,throw blanket
2026-01-01T00:11:39.150000Z,q0050,toy train
2026-01-01T00:11:39.250000Z,q0012,travel guide
2026-01-01T00:11:39.350000Z,q0033,cutlery set
2026-01-01T00:11:39.450000Z,q0737,Linden watering can
2026-01-01T00:11:39.550000Z,q0398,red bath towel
2026-01-01T00:11:39.650000Z,q0020,electric toothbrush
2026-01-01T00:11:39.750000Z,q0029,wall shelf
2026-01-01T00:11:39.850000Z,q0028,tool box
2026-01-01T00:11:39.950000Z,q0021,desk lamp
2026-01-01T00:11:40.050000Z,q0038,sandals
2026-01-01T00:11:40.150000Z,q0034,chopping board
2026-01-01T00:11:40.250000Z,q0033,cutlery set
2026-01-01T00:11:40.350000Z,q0647,Harbour building blocks
2026-01-01T00:11:40.450000Z,q0031,steel saucepan
2026-01-01T00:11:40.550000Z,q0048,plush bear
2026-01-01T00:11:40.650000Z,q0015,crime novel
2026-01-01T00:11:40.750000Z,q0005,rain jacket
2026-01-01T00:11:40.850000Z,q0008,hand cream
2026-01-01T00:11:40.950000Z,q0020,electric toothbrush
2026-01-01T00:11:41.050000Z,q0013,children storybook
2026-01-01T00:11:41.150000Z,q0156,blue face moisturiser
2026-01-01T00:11:41.250000Z,q0032,ceramic mug
2026-01-01T00:11:41.350000Z,q0027,paint brush
2026-01-01T00:11:41.450000Z,q0013,children storybook
2026-01-01T00:11:41.550000Z,q0010,sunscreen
2026-01-01T00:11:41.650000Z,q0027,paint brush
2026-01-01T00:11:41.750000Z,q0043,water bottle
2026-01-01T00:11:41.850000Z,q0028,tool box
2026-01-01T00:11:41.950000Z,q0029,wall shelf
2026-01-01T00:11:42.050000Z,q0008,hand cream
2026-01-01T00:11:42.150000Z,q0048,plush bear
2026-01-01T00:11:42.250000Z,q0455,white rain jacket
2026-01-01T00:11:42.350000Z,q0035,glass storage jar
2026-01-01T00:11:42.450000Z,q0050,toy train
2026-01-01T00:11:42.550000Z,q0009,body wash
2026-01-01T00:11:42.650000Z,q0031,steel saucepan
2026-01-01T00:11:42.750000Z,q0291,green dog lead
2026-01-01T00:11:42.850000Z,q0049,craft kit
2026-01-01T00:11:42.950000Z,q0664,Harbour pruning shears
2026-01-01T00:11:43.056000Z,q0004,wool jumper
2026-01-01T00:11:43.167000Z,q0090,black crime novel
2026-01-01T00:11:43.278000Z,q0737,Linden watering can
2026-01-01T00:11:43.389000Z,q0013,children storybook
2026-01-01T00:11:43.500000Z,q0005,rain jacket
2026-01-01T00:11:43.611000Z,q0022,cotton bedding
2026-01-01T00:11:43.722000Z,q0014,gardening book
2026-01-01T00:11:43.833000Z,q0171,blue desk lamp
2026-01-01T00:11:43.944000Z,q0043,water bottle
2026-01-01T00:11:44.056000Z,q0896,cotton notebook
2026-01-01T00:11:44.167000Z,q0041,yoga mat
2026-01-01T00:11:44.278000Z,q0006,face moisturiser
2026-01-01T00:11:44.389000Z,q0042,football
2026-01-01T00:11:44.500000Z,q0038,sandals
2026-01-01T00:11:44.611000Z,q0003,denim jeans
2026-01-01T00:11:44.722000Z,q0049,craft kit
2026-01-01T00:11:44.833000Z,q0169,blue heat pad
2026-01-01T00:11:44.944000Z,q0002,linen dress
2026-01-01T00:11:45.056000Z,q0040,leather shoes
2026-01-01T00:11:45.167000Z,q0002,linen dress
2026-01-01T00:11:45.278000Z,q0009,body wash
2026-01-01T00:11:45.389000Z,q0032,ceramic mug
2026-01-01T00:11:45.500000Z,q0995,archived lunar model 15
2026-01-01T00:11:45.611000Z,q0044,resistance bands
2026-01-01T00:11:45.722000Z,q0022,cotton bedding
2026-01-01T00:11:45.833000Z,q0017,first aid kit
2026-01-01T00:11:45.944000Z,q0039,slippers
2026-01-01T00:11:46.056000Z,q0039,slippers
2026-01-01T00:11:46.167000Z,q0004,wool jumper
2026-01-01T00:11:46.278000Z,q0028,tool box
2026-01-01T00:11:46.389000Z,q0021,desk lamp
2026-01-01T00:11:46.500000Z,q0043,water bottle
2026-01-01T00:11:46.611000Z,q0007,shampoo
2026-01-01T00:11:46.722000Z,q0047,building blocks
2026-01-01T00:11:46.833000Z,q0024,storage basket
2026-01-01T00:11:46.944000Z,q0390,red crime novel
2026-01-01T00:11:47.056000Z,q0048,plush bear
2026-01-01T00:11:47.167000Z,q0008,hand cream
2026-01-01T00:11:47.278000Z,q0023,bath towel
2026-01-01T00:11:47.389000Z,q0508,white herbal tea
2026-01-01T00:11:47.500000Z,q0248,green bath towel
2026-01-01T00:11:47.611000Z,q0980,premium rain jacket
2026-01-01T00:11:47.722000Z,q0679,Linden wool jumper
2026-01-01T00:11:47.833000Z,q0031,steel saucepan
2026-01-01T00:11:47.944000Z,q0014,gardening book
2026-01-01T00:11:48.056000Z,q0009,body wash
2026-01-01T00:11:48.167000Z,q0036,running shoes
2026-01-01T00:11:48.278000Z,q0046,wooden puzzle
2026-01-01T00:11:48.389000Z,q0345,grey running shorts
2026-01-01T00:11:48.500000Z,q0457,white shampoo
2026-01-01T00:11:48.611000Z,q0627,Harbour paint brush
2026-01-01T00:11:48.722000Z,q0252,green paint brush
2026-01-01T00:11:48.833000Z,q0007,shampoo
2026-01-01T00:11:48.944000Z,q0040,leather shoes
2026-01-01T00:11:49.056000Z,q0030,work gloves
2026-01-01T00:11:49.167000Z,q0026,cordless drill
2026-01-01T00:11:49.278000Z,q0009,body wash
2026-01-01T00:11:49.389000Z,q0029,wall shelf
2026-01-01T00:11:49.500000Z,q0027,paint brush
2026-01-01T00:11:49.611000Z,q0019,heat pad
2026-01-01T00:11:49.722000Z,q0038,sandals
2026-01-01T00:11:49.833000Z,q0005,rain jacket
2026-01-01T00:11:49.944000Z,q0924,recycled storage basket
2026-01-01T00:11:50.056000Z,q0788,Vela sandals
2026-01-01T00:11:50.167000Z,q0028,tool box
2026-01-01T00:11:50.278000Z,q0823,Vela desk organiser
2026-01-01T00:11:50.389000Z,q0020,electric toothbrush
2026-01-01T00:11:50.500000Z,q0039,slippers
2026-01-01T00:11:50.611000Z,q0006,face moisturiser
2026-01-01T00:11:50.722000Z,q0604,Harbour wool jumper
2026-01-01T00:11:50.833000Z,q0050,toy train
2026-01-01T00:11:50.944000Z,q0739,Linden pruning shears
2026-01-01T00:11:51.056000Z,q0041,yoga mat
2026-01-01T00:11:51.167000Z,q0039,slippers
2026-01-01T00:11:51.278000Z,q0017,first aid kit
2026-01-01T00:11:51.389000Z,q0012,travel guide
2026-01-01T00:11:51.500000Z,q0010,sunscreen
2026-01-01T00:11:51.611000Z,q0048,plush bear
2026-01-01T00:11:51.722000Z,q0040,leather shoes
2026-01-01T00:11:51.833000Z,q0013,children storybook
2026-01-01T00:11:51.944000Z,q0036,running shoes
2026-01-01T00:11:52.056000Z,q0002,linen dress
2026-01-01T00:11:52.167000Z,q0001,cotton shirt
2026-01-01T00:11:52.278000Z,q0045,running shorts
2026-01-01T00:11:52.389000Z,q0048,plush bear
2026-01-01T00:11:52.500000Z,q0017,first aid kit
2026-01-01T00:11:52.611000Z,q0025,throw blanket
2026-01-01T00:11:52.722000Z,q0043,water bottle
2026-01-01T00:11:52.833000Z,q0784,Vela chopping board
2026-01-01T00:11:52.944000Z,q0607,Harbour shampoo
2026-01-01T00:11:53.056000Z,q0033,cutlery set
2026-01-01T00:11:53.167000Z,q0009,body wash
2026-01-01T00:11:53.278000Z,q0013,children storybook
2026-01-01T00:11:53.389000Z,q0011,cookbook
2026-01-01T00:11:53.500000Z,q0325,grey throw blanket
2026-01-01T00:11:53.611000Z,q0029,wall shelf
2026-01-01T00:11:53.722000Z,q0035,glass storage jar
2026-01-01T00:11:53.833000Z,q0944,recycled resistance bands
2026-01-01T00:11:53.944000Z,q0395,red electric toothbrush
2026-01-01T00:11:54.056000Z,q0004,wool jumper
2026-01-01T00:11:54.167000Z,q0016,vitamin tablets
2026-01-01T00:11:54.278000Z,q0028,tool box
2026-01-01T00:11:54.389000Z,q0029,wall shelf
2026-01-01T00:11:54.500000Z,q0116,black yoga mat
2026-01-01T00:11:54.611000Z,q0486,white running shoes
2026-01-01T00:11:54.722000Z,q0021,desk lamp
2026-01-01T00:11:54.833000Z,q0791,Vela yoga mat
2026-01-01T00:11:54.944000Z,q0780,Vela work gloves
2026-01-01T00:11:55.056000Z,q0506,white breakfast oats
2026-01-01T00:11:55.167000Z,q0034,chopping board
2026-01-01T00:11:55.278000Z,q0044,resistance bands
2026-01-01T00:11:55.389000Z,q0022,cotton bedding
2026-01-01T00:11:55.500000Z,q0034,chopping board
2026-01-01T00:11:55.611000Z,q0005,rain jacket
2026-01-01T00:11:55.722000Z,q0020,electric toothbrush
2026-01-01T00:11:55.833000Z,q0872,cotton building blocks
2026-01-01T00:11:55.944000Z,q0007,shampoo
2026-01-01T00:11:56.056000Z,q0009,body wash
2026-01-01T00:11:56.167000Z,q0030,work gloves
2026-01-01T00:11:56.278000Z,q0001,cotton shirt
2026-01-01T00:11:56.389000Z,q0001,cotton shirt
2026-01-01T00:11:56.500000Z,q0250,green throw blanket
2026-01-01T00:11:56.611000Z,q0028,tool box
2026-01-01T00:11:56.722000Z,q0031,steel saucepan
2026-01-01T00:11:56.833000Z,q0033,cutlery set
2026-01-01T00:11:56.944000Z,q0009,body wash
2026-01-01T00:11:57.056000Z,q0741,Linden dog lead
2026-01-01T00:11:57.167000Z,q0523,white desk organiser
2026-01-01T00:11:57.278000Z,q0042,football
2026-01-01T00:11:57.389000Z,q0012,travel guide
2026-01-01T00:11:57.500000Z,q0047,building blocks
2026-01-01T00:11:57.611000Z,q0042,football
2026-01-01T00:11:57.722000Z,q0014,gardening book
2026-01-01T00:11:57.833000Z,q0026,cordless drill
2026-01-01T00:11:57.944000Z,q0926,recycled cordless drill
2026-01-01T00:11:58.056000Z,q0001,cotton shirt
2026-01-01T00:11:58.167000Z,q0033,cutlery set
2026-01-01T00:11:58.278000Z,q0032,ceramic mug
2026-01-01T00:11:58.389000Z,q0030,work gloves
2026-01-01T00:11:58.500000Z,q0999,archived lunar model 19
2026-01-01T00:11:58.611000Z,q0043,water bottle
2026-01-01T00:11:58.722000Z,q0035,glass storage jar
2026-01-01T00:11:58.833000Z,q0834,cotton body wash
2026-01-01T00:11:58.944000Z,q0770,Vela electric toothbrush
2026-01-01T00:11:59.056000Z,q0179,blue wall shelf
2026-01-01T00:11:59.167000Z,q0901,recycled cotton shirt
2026-01-01T00:11:59.278000Z,q0017,first aid kit
2026-01-01T00:11:59.389000Z,q0432,red ground coffee
2026-01-01T00:11:59.500000Z,q0570,Alder running shorts
2026-01-01T00:11:59.611000Z,q0033,cutlery set
2026-01-01T00:11:59.722000Z,q0040,leather shoes
2026-01-01T00:11:59.833000Z,q0750,Linden sticky notes
2026-01-01T00:11:59.944000Z,q0026,cordless drill
2026-01-01T00:12:00.036000Z,q0426,red wireless headphones
2026-01-01T00:12:00.107000Z,q0004,wool jumper
2026-01-01T00:12:00.179000Z,q0754,Vela wool jumper
2026-01-01T00:12:00.250000Z,q0027,paint brush
2026-01-01T00:12:00.321000Z,q0371,grey notebook
2026-01-01T00:12:00.393000Z,q0048,plush bear
2026-01-01T00:12:00.464000Z,q0020,electric toothbrush
2026-01-01T00:12:00.536000Z,q0014,gardening book
2026-01-01T00:12:00.607000Z,q0027,paint brush
2026-01-01T00:12:00.679000Z,q0039,slippers
2026-01-01T00:12:00.750000Z,q0001,cotton shirt
2026-01-01T00:12:00.821000Z,q0013,children storybook
2026-01-01T00:12:00.893000Z,q0024,storage basket
2026-01-01T00:12:00.964000Z,q0030,work gloves
2026-01-01T00:12:01.036000Z,q0014,gardening book
2026-01-01T00:12:01.107000Z,q0037,walking boots
2026-01-01T00:12:01.179000Z,q0810,Vela olive oil
2026-01-01T00:12:01.250000Z,q0683,Linden hand cream
2026-01-01T00:12:01.321000Z,q0043,water bottle
2026-01-01T00:12:01.393000Z,q0276,green wireless headphones
2026-01-01T00:12:01.464000Z,q0047,building blocks
2026-01-01T00:12:01.536000Z,q0012,travel guide
2026-01-01T00:12:01.607000Z,q0013,children storybook
2026-01-01T00:12:01.679000Z,q0019,heat pad
2026-01-01T00:12:01.750000Z,q0044,resistance bands
2026-01-01T00:12:01.821000Z,q0019,heat pad
2026-01-01T00:12:01.893000Z,q0006,face moisturiser
2026-01-01T00:12:01.964000Z,q0007,shampoo
2026-01-01T00:12:02.036000Z,q0159,blue body wash
2026-01-01T00:12:02.107000Z,q0006,face moisturiser
2026-01-01T00:12:02.179000Z,q0469,white heat pad
2026-01-01T00:12:02.250000Z,q0022,cotton bedding
2026-01-01T00:12:02.321000Z,q0013,children storybook
2026-01-01T00:12:02.393000Z,q0029,wall shelf
2026-01-01T00:12:02.464000Z,q0005,rain jacket
2026-01-01T00:12:02.536000Z,q0033,cutlery set
2026-01-01T00:12:02.607000Z,q0949,recycled craft kit
2026-01-01T00:12:02.679000Z,q0006,face moisturiser
2026-01-01T00:12:02.750000Z,q0049,craft kit
2026-01-01T00:12:02.821000Z,q0031,steel saucepan
2026-01-01T00:12:02.893000Z,q0052,bluetooth speaker
2026-01-01T00:12:02.964000Z,q0015,crime novel
2026-01-01T00:12:03.036000Z,q0033,cutlery set
2026-01-01T00:12:03.107000Z,q0025,throw blanket
2026-01-01T00:12:03.179000Z,q0023,bath towel
2026-01-01T00:12:03.250000Z,q0012,travel guide
2026-01-01T00:12:03.321000Z,q0605,Harbour rain jacket
2026-01-01T00:12:03.393000Z,q0002,linen dress
2026-01-01T00:12:03.464000Z,q0332,grey ceramic mug
2026-01-01T00:12:03.536000Z,q0614,Harbour gardening book
2026-01-01T00:12:03.607000Z,q0045,running shorts
2026-01-01T00:12:03.679000Z,q0015,crime novel
2026-01-01T00:12:03.750000Z,q0683,Linden hand cream
2026-01-01T00:12:03.821000Z,q0045,running shorts
2026-01-01T00:12:03.893000Z,q0038,sandals
2026-01-01T00:12:03.964000Z,q0296,green notebook
2026-01-01T00:12:04.036000Z,q0866,cotton yoga mat
2026-01-01T00:12:04.107000Z,q0037,walking boots
2026-01-01T00:12:04.179000Z,q0768,Vela sleep mask
2026-01-01T00:12:04.250000Z,q0008,hand cream
2026-01-01T00:12:04.321000Z,q0027,paint brush
2026-01-01T00:12:04.393000Z,q0040,leather shoes
2026-01-01T00:12:04.464000Z,q0031,steel saucepan
2026-01-01T00:12:04.536000Z,q0111,black running shoes
2026-01-01T00:12:04.607000Z,q0041,yoga mat
2026-01-01T00:12:04.679000Z,q0019,heat pad
2026-01-01T00:12:04.750000Z,q0030,work gloves
2026-01-01T00:12:04.821000Z,q0018,sleep mask
2026-01-01T00:12:04.893000Z,q0013,children storybook
2026-01-01T00:12:04.964000Z,q0014,gardening book
2026-01-01T00:12:05.036000Z,q0025,throw blanket
2026-01-01T00:12:05.107000Z,q0827,cotton linen dress
2026-01-01T00:12:05.179000Z,q0021,desk lamp
2026-01-01T00:12:05.250000Z,q0570,Alder running shorts
2026-01-01T00:12:05.321000Z,q0028,tool box
2026-01-01T00:12:05.393000Z,q0005,rain jacket
2026-01-01T00:12:05.464000Z,q0019,heat pad
2026-01-01T00:12:05.536000Z,q0039,slippers
2026-01-01T00:12:05.607000Z,q0009,body wash
2026-01-01T00:12:05.679000Z,q0001,cotton shirt
2026-01-01T00:12:05.750000Z,q0043,water bottle
2026-01-01T00:12:05.821000Z,q0017,first aid kit
2026-01-01T00:12:05.893000Z,q0013,children storybook
2026-01-01T00:12:05.964000Z,q0019,heat pad
2026-01-01T00:12:06.038000Z,q0031,steel saucepan
2026-01-01T00:12:06.115000Z,q0269,green resistance bands
2026-01-01T00:12:06.192000Z,q0042,football
2026-01-01T00:12:06.269000Z,q0010,sunscreen
2026-01-01T00:12:06.346000Z,q0026,cordless drill
2026-01-01T00:12:06.423000Z,q0026,cordless drill
2026-01-01T00:12:06.500000Z,q0002,linen dress
2026-01-01T00:12:06.577000Z,q0032,ceramic mug
2026-01-01T00:12:06.654000Z,q0040,leather shoes
2026-01-01T00:12:06.731000Z,q0004,wool jumper
2026-01-01T00:12:06.808000Z,q0003,denim jeans
2026-01-01T00:12:06.885000Z,q0021,desk lamp
2026-01-01T00:12:06.962000Z,q0020,electric toothbrush
2026-01-01T00:12:07.038000Z,q0007,shampoo
2026-01-01T00:12:07.115000Z,q0671,Harbour notebook
2026-01-01T00:12:07.192000Z,q0135,black olive oil
2026-01-01T00:12:07.269000Z,q0103,black tool box
2026-01-01T00:12:07.346000Z,q0748,Linden desk organiser
2026-01-01T00:12:07.423000Z,q0639,Harbour slippers
2026-01-01T00:12:07.500000Z,q0004,wool jumper
2026-01-01T00:12:07.577000Z,q0684,Linden body wash
2026-01-01T00:12:07.654000Z,q0829,cotton wool jumper
2026-01-01T00:12:07.731000Z,q0004,wool jumper
2026-01-01T00:12:07.808000Z,q0936,recycled running shoes
2026-01-01T00:12:07.885000Z,q0047,building blocks
2026-01-01T00:12:07.962000Z,q0013,children storybook
2026-01-01T00:12:08.038000Z,q0656,Harbour breakfast oats
2026-01-01T00:12:08.115000Z,q0020,electric toothbrush
2026-01-01T00:12:08.192000Z,q0008,hand cream
2026-01-01T00:12:08.269000Z,q0045,running shorts
2026-01-01T00:12:08.346000Z,q0031,steel saucepan
2026-01-01T00:12:08.423000Z,q0413,red sandals
2026-01-01T00:12:08.500000Z,q0022,cotton bedding
2026-01-01T00:12:08.577000Z,q0021,desk lamp
2026-01-01T00:12:08.654000Z,q0034,chopping board
2026-01-01T00:12:08.731000Z,q0009,body wash
2026-01-01T00:12:08.808000Z,q0159,blue body wash
2026-01-01T00:12:08.885000Z,q0099,black storage basket
2026-01-01T00:12:08.962000Z,q0046,wooden puzzle
2026-01-01T00:12:09.038000Z,q0011,cookbook
2026-01-01T00:12:09.115000Z,q0888,cotton plant pot
2026-01-01T00:12:09.192000Z,q0009,body wash
2026-01-01T00:12:09.269000Z,q0995,archived lunar model 15
2026-01-01T00:12:09.346000Z,q0038,sandals
2026-01-01T00:12:09.423000Z,q0029,wall shelf
2026-01-01T00:12:09.500000Z,q0465,white crime novel
2026-01-01T00:12:09.577000Z,q0996,archived lunar model 16
2026-01-01T00:12:09.654000Z,q0008,hand cream
2026-01-01T00:12:09.731000Z,q0295,green pet blanket
2026-01-01T00:12:09.808000Z,q0018,sleep mask
2026-01-01T00:12:09.885000Z,q0027,paint brush
2026-01-01T00:12:09.962000Z,q0009,body wash
2026-01-01T00:12:10.062000Z,q0043,water bottle
2026-01-01T00:12:10.188000Z,q0360,grey olive oil
2026-01-01T00:12:10.312000Z,q0013,children storybook
2026-01-01T00:12:10.438000Z,q0961,recycled garden gloves
2026-01-01T00:12:10.562000Z,q0392,red first aid kit
2026-01-01T00:12:10.688000Z,q0048,plush bear
2026-01-01T00:12:10.812000Z,q0866,cotton yoga mat
2026-01-01T00:12:10.938000Z,q0003,denim jeans
2026-01-01T00:12:11.062000Z,q0025,throw blanket
2026-01-01T00:12:11.188000Z,q0008,hand cream
2026-01-01T00:12:11.312000Z,q0040,leather shoes
2026-01-01T00:12:11.438000Z,q0194,blue resistance bands
2026-01-01T00:12:11.562000Z,q0047,building blocks
2026-01-01T00:12:11.688000Z,q0035,glass storage jar
2026-01-01T00:12:11.812000Z,q0047,building blocks
2026-01-01T00:12:11.938000Z,q0039,slippers
2026-01-01T00:12:12.062000Z,q0050,toy train
2026-01-01T00:12:12.188000Z,q0032,ceramic mug
2026-01-01T00:12:12.312000Z,q0013,children storybook
2026-01-01T00:12:12.438000Z,q0039,slippers
2026-01-01T00:12:12.562000Z,q0021,desk lamp
2026-01-01T00:12:12.688000Z,q0622,Harbour cotton bedding
2026-01-01T00:12:12.812000Z,q0013,children storybook
2026-01-01T00:12:12.938000Z,q0687,Linden travel guide
2026-01-01T00:12:13.062000Z,q0026,cordless drill
2026-01-01T00:12:13.188000Z,q0012,travel guide
2026-01-01T00:12:13.312000Z,q0020,electric toothbrush
2026-01-01T00:12:13.438000Z,q0047,building blocks
2026-01-01T00:12:13.562000Z,q0048,plush bear
2026-01-01T00:12:13.688000Z,q0119,black resistance bands
2026-01-01T00:12:13.812000Z,q0243,green sleep mask
2026-01-01T00:12:13.938000Z,q0004,wool jumper
2026-01-01T00:12:14.062000Z,q0006,face moisturiser
2026-01-01T00:12:14.188000Z,q0041,yoga mat
2026-01-01T00:12:14.312000Z,q0015,crime novel
2026-01-01T00:12:14.438000Z,q0853,cotton tool box
2026-01-01T00:12:14.562000Z,q0047,building blocks
2026-01-01T00:12:14.688000Z,q0224,blue sketch pad
2026-01-01T00:12:14.812000Z,q0790,Vela leather shoes
2026-01-01T00:12:14.938000Z,q0006,face moisturiser
2026-01-01T00:12:15.062000Z,q0023,bath towel
2026-01-01T00:12:15.188000Z,q0030,work gloves
2026-01-01T00:12:15.312000Z,q0038,sandals
2026-01-01T00:12:15.438000Z,q0209,blue pasta sauce
2026-01-01T00:12:15.562000Z,q0043,water bottle
2026-01-01T00:12:15.688000Z,q0360,grey olive oil
2026-01-01T00:12:15.812000Z,q0924,recycled storage basket
2026-01-01T00:12:15.938000Z,q0301,grey cotton shirt
2026-01-01T00:12:16.062000Z,q0167,blue first aid kit
2026-01-01T00:12:16.188000Z,q0951,recycled wireless headphones
2026-01-01T00:12:16.312000Z,q0036,running shoes
2026-01-01T00:12:16.438000Z,q0038,sandals
2026-01-01T00:12:16.562000Z,q0032,ceramic mug
2026-01-01T00:12:16.688000Z,q0686,Linden cookbook
2026-01-01T00:12:16.812000Z,q0026,cordless drill
2026-01-01T00:12:16.938000Z,q0040,leather shoes
2026-01-01T00:12:17.062000Z,q0004,wool jumper
2026-01-01T00:12:17.188000Z,q0034,chopping board
2026-01-01T00:12:17.312000Z,q0020,electric toothbrush
2026-01-01T00:12:17.438000Z,q0034,chopping board
2026-01-01T00:12:17.562000Z,q0040,leather shoes
2026-01-01T00:12:17.688000Z,q0048,plush bear
2026-01-01T00:12:17.812000Z,q0030,work gloves
2026-01-01T00:12:17.938000Z,q0634,Harbour chopping board
2026-01-01T00:12:18.062000Z,q0601,Harbour cotton shirt
2026-01-01T00:12:18.188000Z,q0012,travel guide
2026-01-01T00:12:18.312000Z,q0007,shampoo
2026-01-01T00:12:18.438000Z,q0038,sandals
2026-01-01T00:12:18.562000Z,q0138,black plant pot
2026-01-01T00:12:18.688000Z,q0611,Harbour cookbook
2026-01-01T00:12:18.812000Z,q0014,gardening book
2026-01-01T00:12:18.938000Z,q0001,cotton shirt
2026-01-01T00:12:19.062000Z,q0660,Harbour olive oil
2026-01-01T00:12:19.188000Z,q0040,leather shoes
2026-01-01T00:12:19.312000Z,q0009,body wash
2026-01-01T00:12:19.438000Z,q0357,grey ground coffee
2026-01-01T00:12:19.562000Z,q0007,shampoo
2026-01-01T00:12:19.688000Z,q0038,sandals
2026-01-01T00:12:19.812000Z,q0025,throw blanket
2026-01-01T00:12:19.938000Z,q0024,storage basket
2026-01-01T00:12:20.062000Z,q0031,steel saucepan
2026-01-01T00:12:20.188000Z,q0037,walking boots
2026-01-01T00:12:20.312000Z,q0036,running shoes
2026-01-01T00:12:20.438000Z,q0961,recycled garden gloves
2026-01-01T00:12:20.562000Z,q0036,running shoes
2026-01-01T00:12:20.688000Z,q0044,resistance bands
2026-01-01T00:12:20.812000Z,q0041,yoga mat
2026-01-01T00:12:20.938000Z,q0017,first aid kit
2026-01-01T00:12:21.062000Z,q0038,sandals
2026-01-01T00:12:21.188000Z,q0043,water bottle
2026-01-01T00:12:21.312000Z,q0019,heat pad
2026-01-01T00:12:21.438000Z,q0014,gardening book
2026-01-01T00:12:21.562000Z,q0037,walking boots
2026-01-01T00:12:21.688000Z,q0004,wool jumper
2026-01-01T00:12:21.812000Z,q0038,sandals
2026-01-01T00:12:21.938000Z,q0034,chopping board
2026-01-01T00:12:22.062000Z,q0019,heat pad
2026-01-01T00:12:22.188000Z,q0010,sunscreen
2026-01-01T00:12:22.312000Z,q0035,glass storage jar
2026-01-01T00:12:22.438000Z,q0042,football
2026-01-01T00:12:22.562000Z,q0047,building blocks
2026-01-01T00:12:22.688000Z,q0003,denim jeans
2026-01-01T00:12:22.812000Z,q0070,pet blanket
2026-01-01T00:12:22.938000Z,q0561,Alder running shoes
2026-01-01T00:12:23.071000Z,q0026,cordless drill
2026-01-01T00:12:23.214000Z,q0006,face moisturiser
2026-01-01T00:12:23.357000Z,q0516,white dog lead
2026-01-01T00:12:23.500000Z,q0045,running shorts
2026-01-01T00:12:23.643000Z,q0029,wall shelf
2026-01-01T00:12:23.786000Z,q0596,Alder notebook
2026-01-01T00:12:23.929000Z,q0040,leather shoes
2026-01-01T00:12:24.071000Z,q0181,blue steel saucepan
2026-01-01T00:12:24.214000Z,q0846,cotton desk lamp
2026-01-01T00:12:24.357000Z,q0033,cutlery set
2026-01-01T00:12:24.500000Z,q0338,grey sandals
2026-01-01T00:12:24.643000Z,q0006,face moisturiser
2026-01-01T00:12:24.786000Z,q0037,walking boots
2026-01-01T00:12:24.929000Z,q0031,steel saucepan
2026-01-01T00:12:25.071000Z,q0043,water bottle
2026-01-01T00:12:25.214000Z,q0939,recycled slippers
2026-01-01T00:12:25.357000Z,q0023,bath towel
2026-01-01T00:12:25.500000Z,q0028,tool box
2026-01-01T00:12:25.643000Z,q0200,blue toy train
2026-01-01T00:12:25.786000Z,q0826,cotton cotton shirt
2026-01-01T00:12:25.929000Z,q0718,Linden water bottle
2026-01-01T00:12:26.071000Z,q0014,gardening book
2026-01-01T00:12:26.214000Z,q0748,Linden desk organiser
2026-01-01T00:12:26.357000Z,q0009,body wash
2026-01-01T00:12:26.500000Z,q0420,red running shorts
2026-01-01T00:12:26.643000Z,q0050,toy train
2026-01-01T00:12:26.786000Z,q0717,Linden football
2026-01-01T00:12:26.929000Z,q0042,football
2026-01-01T00:12:27.071000Z,q0002,linen dress
2026-01-01T00:12:27.214000Z,q0012,travel guide
2026-01-01T00:12:27.357000Z,q0029,wall shelf
2026-01-01T00:12:27.500000Z,q0032,ceramic mug
2026-01-01T00:12:27.643000Z,q0001,cotton shirt
2026-01-01T00:12:27.786000Z,q0615,Harbour crime novel
2026-01-01T00:12:27.929000Z,q0019,heat pad
2026-01-01T00:12:28.071000Z,q0028,tool box
2026-01-01T00:12:28.214000Z,q0013,children storybook
2026-01-01T00:12:28.357000Z,q0425,red toy train
2026-01-01T00:12:28.500000Z,q0022,cotton bedding
2026-01-01T00:12:28.643000Z,q0002,linen dress
2026-01-01T00:12:28.786000Z,q0004,wool jumper
2026-01-01T00:12:28.929000Z,q0011,cookbook
2026-01-01T00:12:29.071000Z,q0987,archived lunar model 7
2026-01-01T00:12:29.214000Z,q0408,red cutlery set
2026-01-01T00:12:29.357000Z,q0004,wool jumper
2026-01-01T00:12:29.500000Z,q0040,leather shoes
2026-01-01T00:12:29.643000Z,q0077,black linen dress
2026-01-01T00:12:29.786000Z,q0017,first aid kit
2026-01-01T00:12:29.929000Z,q0027,paint brush
2026-01-01T00:12:30.071000Z,q0560,Alder glass storage jar
2026-01-01T00:12:30.214000Z,q0034,chopping board
2026-01-01T00:12:30.357000Z,q0562,Alder walking boots
2026-01-01T00:12:30.500000Z,q0783,Vela cutlery set
2026-01-01T00:12:30.643000Z,q0011,cookbook
2026-01-01T00:12:30.786000Z,q0283,green herbal tea
2026-01-01T00:12:30.929000Z,q0025,throw blanket
2026-01-01T00:12:31.071000Z,q0028,tool box
2026-01-01T00:12:31.214000Z,q0204,blue smart watch
2026-01-01T00:12:31.357000Z,q0410,red glass storage jar
2026-01-01T00:12:31.500000Z,q0034,chopping board
2026-01-01T00:12:31.643000Z,q0026,cordless drill
2026-01-01T00:12:31.786000Z,q0574,Alder craft kit
2026-01-01T00:12:31.929000Z,q0033,cutlery set
2026-01-01T00:12:32.071000Z,q0008,hand cream
2026-01-01T00:12:32.214000Z,q0044,resistance bands
2026-01-01T00:12:32.357000Z,q0008,hand cream
2026-01-01T00:12:32.500000Z,q0006,face moisturiser
2026-01-01T00:12:32.643000Z,q0824,Vela sketch pad
2026-01-01T00:12:32.786000Z,q0044,resistance bands
2026-01-01T00:12:32.929000Z,q0322,grey cotton bedding
2026-01-01T00:12:33.071000Z,q0007,shampoo
2026-01-01T00:12:33.214000Z,q0012,travel guide
2026-01-01T00:12:33.357000Z,q0004,wool jumper
2026-01-01T00:12:33.500000Z,q0040,leather shoes
2026-01-01T00:12:33.643000Z,q0010,sunscreen
2026-01-01T00:12:33.786000Z,q0045,running shorts
2026-01-01T00:12:33.929000Z,q0032,ceramic mug
2026-01-01T00:12:34.071000Z,q0049,craft kit
2026-01-01T00:12:34.214000Z,q0020,electric toothbrush
2026-01-01T00:12:34.357000Z,q0003,denim jeans
2026-01-01T00:12:34.500000Z,q0270,green running shorts
2026-01-01T00:12:34.643000Z,q0616,Harbour vitamin tablets
2026-01-01T00:12:34.786000Z,q0850,cotton throw blanket
2026-01-01T00:12:34.929000Z,q0614,Harbour gardening book
2026-01-01T00:12:35.071000Z,q0032,ceramic mug
2026-01-01T00:12:35.214000Z,q0038,sandals
2026-01-01T00:12:35.357000Z,q0233,green hand cream
2026-01-01T00:12:35.500000Z,q0008,hand cream
2026-01-01T00:12:35.643000Z,q0606,Harbour face moisturiser
2026-01-01T00:12:35.786000Z,q0046,wooden puzzle
2026-01-01T00:12:35.929000Z,q0029,wall shelf
2026-01-01T00:12:36.071000Z,q0181,blue steel saucepan
2026-01-01T00:12:36.214000Z,q0017,first aid kit
2026-01-01T00:12:36.357000Z,q0035,glass storage jar
2026-01-01T00:12:36.500000Z,q0030,work gloves
2026-01-01T00:12:36.643000Z,q0031,steel saucepan
2026-01-01T00:12:36.786000Z,q0019,heat pad
2026-01-01T00:12:36.929000Z,q0744,Linden bird feeder
2026-01-01T00:12:37.071000Z,q0039,slippers
2026-01-01T00:12:37.214000Z,q0033,cutlery set
2026-01-01T00:12:37.357000Z,q0987,archived lunar model 7
2026-01-01T00:12:37.500000Z,q0030,work gloves
2026-01-01T00:12:37.643000Z,q0025,throw blanket
2026-01-01T00:12:37.786000Z,q0189,blue slippers
2026-01-01T00:12:37.929000Z,q0322,grey cotton bedding
2026-01-01T00:12:38.083000Z,q0040,leather shoes
2026-01-01T00:12:38.250000Z,q0029,wall shelf
2026-01-01T00:12:38.417000Z,q0174,blue storage basket
2026-01-01T00:12:38.583000Z,q0006,face moisturiser
2026-01-01T00:12:38.750000Z,q0030,work gloves
2026-01-01T00:12:38.917000Z,q0509,white pasta sauce
2026-01-01T00:12:39.083000Z,q0046,wooden puzzle
2026-01-01T00:12:39.250000Z,q0013,children storybook
2026-01-01T00:12:39.417000Z,q0028,tool box
2026-01-01T00:12:39.583000Z,q0284,green pasta sauce
2026-01-01T00:12:39.750000Z,q0201,blue wireless headphones
2026-01-01T00:12:39.917000Z,q0018,sleep mask
2026-01-01T00:12:40.083000Z,q0027,paint brush
2026-01-01T00:12:40.250000Z,q0364,grey pruning shears
2026-01-01T00:12:40.417000Z,q0033,cutlery set
2026-01-01T00:12:40.583000Z,q0495,white running shorts
2026-01-01T00:12:40.750000Z,q0290,green solar lights
2026-01-01T00:12:40.917000Z,q0017,first aid kit
2026-01-01T00:12:41.083000Z,q0046,wooden puzzle
2026-01-01T00:12:41.250000Z,q0825,Vela sticky notes
2026-01-01T00:12:41.417000Z,q0115,black leather shoes
2026-01-01T00:12:41.583000Z,q0033,cutlery set
2026-01-01T00:12:41.750000Z,q0050,toy train
2026-01-01T00:12:41.917000Z,q0575,Alder toy train
2026-01-01T00:12:42.083000Z,q0016,vitamin tablets
2026-01-01T00:12:42.250000Z,q0024,storage basket
2026-01-01T00:12:42.417000Z,q0028,tool box
2026-01-01T00:12:42.583000Z,q0025,throw blanket
2026-01-01T00:12:42.750000Z,q0958,recycled herbal tea
2026-01-01T00:12:42.917000Z,q0045,running shorts
2026-01-01T00:12:43.083000Z,q0028,tool box
2026-01-01T00:12:43.250000Z,q0036,running shoes
2026-01-01T00:12:43.417000Z,q0019,heat pad
2026-01-01T00:12:43.583000Z,q0597,Alder ballpoint pens
2026-01-01T00:12:43.750000Z,q0031,steel saucepan
2026-01-01T00:12:43.917000Z,q0003,denim jeans
2026-01-01T00:12:44.083000Z,q0181,blue steel saucepan
2026-01-01T00:12:44.250000Z,q0022,cotton bedding
2026-01-01T00:12:44.417000Z,q0521,white notebook
2026-01-01T00:12:44.583000Z,q0266,green yoga mat
2026-01-01T00:12:44.750000Z,q0032,ceramic mug
2026-01-01T00:12:44.917000Z,q0006,face moisturiser
2026-01-01T00:12:45.083000Z,q0495,white running shorts
2026-01-01T00:12:45.250000Z,q0013,children storybook
2026-01-01T00:12:45.417000Z,q0246,green desk lamp
2026-01-01T00:12:45.583000Z,q0542,Alder first aid kit
2026-01-01T00:12:45.750000Z,q0048,plush bear
2026-01-01T00:12:45.917000Z,q0047,building blocks
2026-01-01T00:12:46.083000Z,q0036,running shoes
2026-01-01T00:12:46.250000Z,q0729,Linden smart watch
2026-01-01T00:12:46.417000Z,q0049,craft kit
2026-01-01T00:12:46.583000Z,q0012,travel guide
2026-01-01T00:12:46.750000Z,q0315,grey crime novel
2026-01-01T00:12:46.917000Z,q0010,sunscreen
2026-01-01T00:12:47.083000Z,q0417,red football
2026-01-01T00:12:47.250000Z,q0528,Alder denim jeans
2026-01-01T00:12:47.417000Z,q0021,desk lamp
2026-01-01T00:12:47.583000Z,q0018,sleep mask
2026-01-01T00:12:47.750000Z,q0042,football
2026-01-01T00:12:47.917000Z,q0042,football
2026-01-01T00:12:48.083000Z,q0025,throw blanket
2026-01-01T00:12:48.250000Z,q0007,shampoo
2026-01-01T00:12:48.417000Z,q0015,crime novel
2026-01-01T00:12:48.583000Z,q0017,first aid kit
2026-01-01T00:12:48.750000Z,q0007,shampoo
2026-01-01T00:12:48.917000Z,q0003,denim jeans
2026-01-01T00:12:49.083000Z,q0161,blue cookbook
2026-01-01T00:12:49.250000Z,q0023,bath towel
2026-01-01T00:12:49.417000Z,q0014,gardening book
2026-01-01T00:12:49.583000Z,q0032,ceramic mug
2026-01-01T00:12:49.750000Z,q0042,football
2026-01-01T00:12:49.917000Z,q0887,cotton watering can
2026-01-01T00:12:50.083000Z,q0598,Alder desk organiser
2026-01-01T00:12:50.250000Z,q0463,white children storybook
2026-01-01T00:12:50.417000Z,q0039,slippers
2026-01-01T00:12:50.583000Z,q0039,slippers
2026-01-01T00:12:50.750000Z,q0007,shampoo
2026-01-01T00:12:50.917000Z,q0007,shampoo
2026-01-01T00:12:51.083000Z,q0001,cotton shirt
2026-01-01T00:12:51.250000Z,q0002,linen dress
2026-01-01T00:12:51.417000Z,q0464,white gardening book
2026-01-01T00:12:51.583000Z,q0534,Alder body wash
2026-01-01T00:12:51.750000Z,q0622,Harbour cotton bedding
2026-01-01T00:12:51.917000Z,q0014,gardening book
2026-01-01T00:12:52.083000Z,q0047,building blocks
2026-01-01T00:12:52.250000Z,q0017,first aid kit
2026-01-01T00:12:52.417000Z,q0142,black cat toy
2026-01-01T00:12:52.583000Z,q0857,cotton ceramic mug
2026-01-01T00:12:52.750000Z,q0049,craft kit
2026-01-01T00:12:52.917000Z,q0019,heat pad
2026-01-01T00:12:53.083000Z,q0169,blue heat pad
2026-01-01T00:12:53.250000Z,q0418,red water bottle
2026-01-01T00:12:53.417000Z,q0025,throw blanket
2026-01-01T00:12:53.583000Z,q0003,denim jeans
2026-01-01T00:12:53.750000Z,q0044,resistance bands
2026-01-01T00:12:53.917000Z,q0921,recycled desk lamp
2026-01-01T00:12:54.083000Z,q0019,heat pad
2026-01-01T00:12:54.250000Z,q0020,electric toothbrush
2026-01-01T00:12:54.417000Z,q0005,rain jacket
2026-01-01T00:12:54.583000Z,q0046,wooden puzzle
2026-01-01T00:12:54.750000Z,q0003,denim jeans
2026-01-01T00:12:54.917000Z,q0610,Harbour sunscreen
2026-01-01T00:12:55.083000Z,q0511,white garden gloves
2026-01-01T00:12:55.250000Z,q0035,glass storage jar
2026-01-01T00:12:55.417000Z,q0404,red wall shelf
2026-01-01T00:12:55.583000Z,q0005,rain jacket
2026-01-01T00:12:55.750000Z,q0855,cotton work gloves
2026-01-01T00:12:55.917000Z,q0316,grey vitamin tablets
2026-01-01T00:12:56.100000Z,q0023,bath towel
2026-01-01T00:12:56.300000Z,q0019,heat pad
2026-01-01T00:12:56.500000Z,q0017,first aid kit
2026-01-01T00:12:56.700000Z,q0023,bath towel
2026-01-01T00:12:56.900000Z,q0006,face moisturiser
2026-01-01T00:12:57.100000Z,q0037,walking boots
2026-01-01T00:12:57.300000Z,q0007,shampoo
2026-01-01T00:12:57.500000Z,q0015,crime novel
2026-01-01T00:12:57.700000Z,q0041,yoga mat
2026-01-01T00:12:57.900000Z,q0043,water bottle
2026-01-01T00:12:58.100000Z,q0928,recycled tool box
2026-01-01T00:12:58.300000Z,q0069,bird feeder
2026-01-01T00:12:58.500000Z,q0019,heat pad
2026-01-01T00:12:58.700000Z,q0409,red chopping board
2026-01-01T00:12:58.900000Z,q0006,face moisturiser
2026-01-01T00:12:59.100000Z,q0712,Linden walking boots
2026-01-01T00:12:59.300000Z,q0005,rain jacket
2026-01-01T00:12:59.500000Z,q0019,heat pad
2026-01-01T00:12:59.700000Z,q0048,plush bear
2026-01-01T00:12:59.900000Z,q0018,sleep mask
2026-01-01T00:13:00.100000Z,q0029,wall shelf
2026-01-01T00:13:00.300000Z,q0007,shampoo
2026-01-01T00:13:00.500000Z,q0033,cutlery set
2026-01-01T00:13:00.700000Z,q0013,children storybook
2026-01-01T00:13:00.900000Z,q0034,chopping board
2026-01-01T00:13:01.100000Z,q0026,cordless drill
2026-01-01T00:13:01.300000Z,q0400,red throw blanket
2026-01-01T00:13:01.500000Z,q0031,steel saucepan
2026-01-01T00:13:01.700000Z,q0053,tablet
2026-01-01T00:13:01.900000Z,q0111,black running shoes
2026-01-01T00:13:02.100000Z,q0024,storage basket
2026-01-01T00:13:02.300000Z,q0499,white craft kit
2026-01-01T00:13:02.500000Z,q0051,wireless headphones
2026-01-01T00:13:02.700000Z,q0004,wool jumper
2026-01-01T00:13:02.900000Z,q0219,blue bird feeder
2026-01-01T00:13:03.100000Z,q0038,sandals
2026-01-01T00:13:03.300000Z,q0025,throw blanket
2026-01-01T00:13:03.500000Z,q0772,Vela cotton bedding
2026-01-01T00:13:03.700000Z,q0023,bath towel
2026-01-01T00:13:03.900000Z,q0002,linen dress
2026-01-01T00:13:04.100000Z,q0041,yoga mat
2026-01-01T00:13:04.300000Z,q0031,steel saucepan
2026-01-01T00:13:04.500000Z,q0013,children storybook
2026-01-01T00:13:04.700000Z,q0041,yoga mat
2026-01-01T00:13:04.900000Z,q0005,rain jacket
2026-01-01T00:13:05.100000Z,q0237,green travel guide
2026-01-01T00:13:05.300000Z,q0047,building blocks
2026-01-01T00:13:05.500000Z,q0925,recycled throw blanket
2026-01-01T00:13:05.700000Z,q0047,building blocks
2026-01-01T00:13:05.900000Z,q0040,leather shoes
2026-01-01T00:13:06.100000Z,q0049,craft kit
2026-01-01T00:13:06.300000Z,q0037,walking boots
2026-01-01T00:13:06.500000Z,q0017,first aid kit
2026-01-01T00:13:06.700000Z,q0039,slippers
2026-01-01T00:13:06.900000Z,q0019,heat pad
2026-01-01T00:13:07.100000Z,q0028,tool box
2026-01-01T00:13:07.300000Z,q0006,face moisturiser
2026-01-01T00:13:07.500000Z,q0014,gardening book
2026-01-01T00:13:07.700000Z,q0029,wall shelf
2026-01-01T00:13:07.900000Z,q0004,wool jumper
2026-01-01T00:13:08.100000Z,q0050,toy train
2026-01-01T00:13:08.300000Z,q0035,glass storage jar
2026-01-01T00:13:08.500000Z,q0027,paint brush
2026-01-01T00:13:08.700000Z,q0992,archived lunar model 12
2026-01-01T00:13:08.900000Z,q0048,plush bear
2026-01-01T00:13:09.100000Z,q0702,Linden paint brush
2026-01-01T00:13:09.300000Z,q0366,grey dog lead
2026-01-01T00:13:09.500000Z,q0103,black tool box
2026-01-01T00:13:09.700000Z,q0019,heat pad
2026-01-01T00:13:09.900000Z,q0045,running shorts
2026-01-01T00:13:10.100000Z,q0602,Harbour linen dress
2026-01-01T00:13:10.300000Z,q0025,throw blanket
2026-01-01T00:13:10.500000Z,q0032,ceramic mug
2026-01-01T00:13:10.700000Z,q0017,first aid kit
2026-01-01T00:13:10.900000Z,q0026,cordless drill
2026-01-01T00:13:11.100000Z,q0045,running shorts
2026-01-01T00:13:11.300000Z,q0010,sunscreen
2026-01-01T00:13:11.500000Z,q0012,travel guide
2026-01-01T00:13:11.700000Z,q0034,chopping board
2026-01-01T00:13:11.900000Z,q0404,red wall shelf
2026-01-01T00:13:12.100000Z,q0009,body wash
2026-01-01T00:13:12.300000Z,q0031,steel saucepan
2026-01-01T00:13:12.500000Z,q0349,grey craft kit
2026-01-01T00:13:12.700000Z,q0006,face moisturiser
2026-01-01T00:13:12.900000Z,q0009,body wash
2026-01-01T00:13:13.100000Z,q0898,cotton desk organiser
2026-01-01T00:13:13.300000Z,q0028,tool box
2026-01-01T00:13:13.500000Z,q0038,sandals
2026-01-01T00:13:13.700000Z,q0240,green crime novel
2026-01-01T00:13:13.900000Z,q0030,work gloves
2026-01-01T00:13:14.100000Z,q0018,sleep mask
2026-01-01T00:13:14.300000Z,q0018,sleep mask
2026-01-01T00:13:14.500000Z,q0762,Vela travel guide
2026-01-01T00:13:14.700000Z,q0007,shampoo
2026-01-01T00:13:14.900000Z,q0387,red travel guide
2026-01-01T00:13:15.100000Z,q0564,Alder slippers
2026-01-01T00:13:15.300000Z,q0038,sandals
2026-01-01T00:13:15.500000Z,q0045,running shorts
2026-01-01T00:13:15.700000Z,q0031,steel saucepan
2026-01-01T00:13:15.900000Z,q0718,Linden water bottle
2026-01-01T00:13:16.100000Z,q0013,children storybook
2026-01-01T00:13:16.300000Z,q0440,red solar lights
2026-01-01T00:13:16.500000Z,q0032,ceramic mug
2026-01-01T00:13:16.700000Z,q0044,resistance bands
2026-01-01T00:13:16.900000Z,q0009,body wash
2026-01-01T00:13:17.100000Z,q0043,water bottle
2026-01-01T00:13:17.300000Z,q0707,Linden ceramic mug
2026-01-01T00:13:17.500000Z,q0784,Vela chopping board
2026-01-01T00:13:17.700000Z,q0878,cotton tablet
2026-01-01T00:13:17.900000Z,q0037,walking boots
2026-01-01T00:13:18.125000Z,q0514,white pruning shears
2026-01-01T00:13:18.375000Z,q0240,green crime novel
2026-01-01T00:13:18.625000Z,q0587,Alder watering can
2026-01-01T00:13:18.875000Z,q0416,red yoga mat
2026-01-01T00:13:19.125000Z,q0032,ceramic mug
2026-01-01T00:13:19.375000Z,q0016,vitamin tablets
2026-01-01T00:13:19.625000Z,q0036,running shoes
2026-01-01T00:13:19.875000Z,q0036,running shoes
2026-01-01T00:13:20.125000Z,q0027,paint brush
2026-01-01T00:13:20.375000Z,q0012,travel guide
2026-01-01T00:13:20.625000Z,q0366,grey dog lead
2026-01-01T00:13:20.875000Z,q0015,crime novel
2026-01-01T00:13:21.125000Z,q0853,cotton tool box
2026-01-01T00:13:21.375000Z,q0789,Vela slippers
2026-01-01T00:13:21.625000Z,q0029,wall shelf
2026-01-01T00:13:21.875000Z,q0026,cordless drill
2026-01-01T00:13:22.125000Z,q0039,slippers
2026-01-01T00:13:22.375000Z,q0046,wooden puzzle
2026-01-01T00:13:22.625000Z,q0026,cordless drill
2026-01-01T00:13:22.875000Z,q0939,recycled slippers
2026-01-01T00:13:23.125000Z,q0002,linen dress
2026-01-01T00:13:23.375000Z,q0032,ceramic mug
2026-01-01T00:13:23.625000Z,q0034,chopping board
2026-01-01T00:13:23.875000Z,q0790,Vela leather shoes
2026-01-01T00:13:24.125000Z,q0002,linen dress
2026-01-01T00:13:24.375000Z,q0013,children storybook
2026-01-01T00:13:24.625000Z,q0017,first aid kit
2026-01-01T00:13:24.875000Z,q0011,cookbook
2026-01-01T00:13:25.125000Z,q0033,cutlery set
2026-01-01T00:13:25.375000Z,q0019,heat pad
2026-01-01T00:13:25.625000Z,q0008,hand cream
2026-01-01T00:13:25.875000Z,q0048,plush bear
2026-01-01T00:13:26.125000Z,q0537,Alder travel guide
2026-01-01T00:13:26.375000Z,q0046,wooden puzzle
2026-01-01T00:13:26.625000Z,q0020,electric toothbrush
2026-01-01T00:13:26.875000Z,q0020,electric toothbrush
2026-01-01T00:13:27.125000Z,q0004,wool jumper
2026-01-01T00:13:27.375000Z,q0506,white breakfast oats
2026-01-01T00:13:27.625000Z,q0002,linen dress
2026-01-01T00:13:27.875000Z,q0036,running shoes
2026-01-01T00:13:28.125000Z,q0036,running shoes
2026-01-01T00:13:28.375000Z,q0275,green toy train
2026-01-01T00:13:28.625000Z,q0429,red smart watch
2026-01-01T00:13:28.875000Z,q0017,first aid kit
2026-01-01T00:13:29.125000Z,q0007,shampoo
2026-01-01T00:13:29.375000Z,q0023,bath towel
2026-01-01T00:13:29.625000Z,q0004,wool jumper
2026-01-01T00:13:29.875000Z,q0003,denim jeans
2026-01-01T00:13:30.125000Z,q0002,linen dress
2026-01-01T00:13:30.375000Z,q0026,cordless drill
2026-01-01T00:13:30.625000Z,q0035,glass storage jar
2026-01-01T00:13:30.875000Z,q0023,bath towel
2026-01-01T00:13:31.125000Z,q0396,red desk lamp
2026-01-01T00:13:31.375000Z,q0018,sleep mask
2026-01-01T00:13:31.625000Z,q0941,recycled yoga mat
2026-01-01T00:13:31.875000Z,q0021,desk lamp
2026-01-01T00:13:32.125000Z,q0035,glass storage jar
2026-01-01T00:13:32.375000Z,q0021,desk lamp
2026-01-01T00:13:32.625000Z,q0009,body wash
2026-01-01T00:13:32.875000Z,q0012,travel guide
2026-01-01T00:13:33.125000Z,q0024,storage basket
2026-01-01T00:13:33.375000Z,q0251,green cordless drill
2026-01-01T00:13:33.625000Z,q0018,sleep mask
2026-01-01T00:13:33.875000Z,q0037,walking boots
2026-01-01T00:13:34.125000Z,q0042,football
2026-01-01T00:13:34.375000Z,q0027,paint brush
2026-01-01T00:13:34.625000Z,q0005,rain jacket
2026-01-01T00:13:34.875000Z,q0015,crime novel
2026-01-01T00:13:35.125000Z,q0169,blue heat pad
2026-01-01T00:13:35.375000Z,q0046,wooden puzzle
2026-01-01T00:13:35.625000Z,q0025,throw blanket
2026-01-01T00:13:35.875000Z,q0038,sandals
2026-01-01T00:13:36.125000Z,q0718,Linden water bottle
2026-01-01T00:13:36.375000Z,q0544,Alder heat pad
2026-01-01T00:13:36.625000Z,q0082,black shampoo
2026-01-01T00:13:36.875000Z,q0605,Harbour rain jacket
2026-01-01T00:13:37.125000Z,q0005,rain jacket
2026-01-01T00:13:37.375000Z,q0030,work gloves
2026-01-01T00:13:37.625000Z,q0003,denim jeans
2026-01-01T00:13:37.875000Z,q0697,Linden cotton bedding
2026-01-01T00:13:38.125000Z,q0002,linen dress
2026-01-01T00:13:38.375000Z,q0001,cotton shirt
2026-01-01T00:13:38.625000Z,q0026,cordless drill
2026-01-01T00:13:38.875000Z,q0036,running shoes
2026-01-01T00:13:39.125000Z,q0034,chopping board
2026-01-01T00:13:39.375000Z,q0008,hand cream
2026-01-01T00:13:39.625000Z,q0007,shampoo
2026-01-01T00:13:39.875000Z,q0013,children storybook
2026-01-01T00:13:40.125000Z,q0544,Alder heat pad
2026-01-01T00:13:40.375000Z,q0920,recycled electric toothbrush
2026-01-01T00:13:40.625000Z,q0018,sleep mask
2026-01-01T00:13:40.875000Z,q0016,vitamin tablets
2026-01-01T00:13:41.125000Z,q0020,electric toothbrush
2026-01-01T00:13:41.375000Z,q0016,vitamin tablets
2026-01-01T00:13:41.625000Z,q0012,travel guide
2026-01-01T00:13:41.875000Z,q0117,black football
2026-01-01T00:13:42.125000Z,q0026,cordless drill
2026-01-01T00:13:42.375000Z,q0020,electric toothbrush
2026-01-01T00:13:42.625000Z,q0015,crime novel
2026-01-01T00:13:42.875000Z,q0041,yoga mat
2026-01-01T00:13:43.125000Z,q0034,chopping board
2026-01-01T00:13:43.375000Z,q0044,resistance bands
2026-01-01T00:13:43.625000Z,q0009,body wash
2026-01-01T00:13:43.875000Z,q0048,plush bear
2026-01-01T00:13:44.125000Z,q0029,wall shelf
2026-01-01T00:13:44.375000Z,q0048,plush bear
2026-01-01T00:13:44.625000Z,q0041,yoga mat
2026-01-01T00:13:44.875000Z,q0521,white notebook
2026-01-01T00:13:45.125000Z,q0488,white sandals
2026-01-01T00:13:45.375000Z,q0024,storage basket
2026-01-01T00:13:45.625000Z,q0499,white craft kit
2026-01-01T00:13:45.875000Z,q0019,heat pad
2026-01-01T00:13:46.125000Z,q0018,sleep mask
2026-01-01T00:13:46.375000Z,q0534,Alder body wash
2026-01-01T00:13:46.625000Z,q0036,running shoes
2026-01-01T00:13:46.875000Z,q0161,blue cookbook
2026-01-01T00:13:47.125000Z,q0020,electric toothbrush
2026-01-01T00:13:47.375000Z,q0016,vitamin tablets
2026-01-01T00:13:47.625000Z,q0007,shampoo
2026-01-01T00:13:47.875000Z,q0030,work gloves
2026-01-01T00:13:48.125000Z,q0010,sunscreen
2026-01-01T00:13:48.375000Z,q0003,denim jeans
2026-01-01T00:13:48.625000Z,q0022,cotton bedding
2026-01-01T00:13:48.875000Z,q0022,cotton bedding
2026-01-01T00:13:49.125000Z,q0024,storage basket
2026-01-01T00:13:49.375000Z,q0127,black bluetooth speaker
2026-01-01T00:13:49.625000Z,q0033,cutlery set
2026-01-01T00:13:49.875000Z,q0033,cutlery set
2026-01-01T00:13:50.125000Z,q0340,grey leather shoes
2026-01-01T00:13:50.375000Z,q0021,desk lamp
2026-01-01T00:13:50.625000Z,q0010,sunscreen
2026-01-01T00:13:50.875000Z,q0986,archived lunar model 6
2026-01-01T00:13:51.125000Z,q0457,white shampoo
2026-01-01T00:13:51.375000Z,q0480,white work gloves
2026-01-01T00:13:51.625000Z,q0046,wooden puzzle
2026-01-01T00:13:51.875000Z,q0015,crime novel
2026-01-01T00:13:52.125000Z,q0308,grey hand cream
2026-01-01T00:13:52.375000Z,q0005,rain jacket
2026-01-01T00:13:52.625000Z,q0035,glass storage jar
2026-01-01T00:13:52.875000Z,q0019,heat pad
2026-01-01T00:13:53.125000Z,q0044,resistance bands
2026-01-01T00:13:53.375000Z,q0032,ceramic mug
2026-01-01T00:13:53.625000Z,q0031,steel saucepan
2026-01-01T00:13:53.875000Z,q0046,wooden puzzle
2026-01-01T00:13:54.125000Z,q0040,leather shoes
2026-01-01T00:13:54.375000Z,q0044,resistance bands
2026-01-01T00:13:54.625000Z,q0012,travel guide
2026-01-01T00:13:54.875000Z,q0285,green olive oil
2026-01-01T00:13:55.125000Z,q0026,cordless drill
2026-01-01T00:13:55.375000Z,q0048,plush bear
2026-01-01T00:13:55.625000Z,q0960,recycled olive oil
2026-01-01T00:13:55.875000Z,q0025,throw blanket
2026-01-01T00:13:56.125000Z,q0030,work gloves
2026-01-01T00:13:56.375000Z,q0014,gardening book
2026-01-01T00:13:56.625000Z,q0041,yoga mat
2026-01-01T00:13:56.875000Z,q0037,walking boots
2026-01-01T00:13:57.125000Z,q0009,body wash
2026-01-01T00:13:57.375000Z,q0020,electric toothbrush
2026-01-01T00:13:57.625000Z,q0010,sunscreen
2026-01-01T00:13:57.875000Z,q0035,glass storage jar
2026-01-01T00:13:58.125000Z,q0006,face moisturiser
2026-01-01T00:13:58.375000Z,q0018,sleep mask
2026-01-01T00:13:58.625000Z,q0002,linen dress
2026-01-01T00:13:58.875000Z,q0018,sleep mask
2026-01-01T00:13:59.125000Z,q0012,travel guide
2026-01-01T00:13:59.375000Z,q0050,toy train
2026-01-01T00:13:59.625000Z,q0025,throw blanket
2026-01-01T00:13:59.875000Z,q0023,bath towel
2026-01-01T00:14:00.125000Z,q0350,grey toy train
2026-01-01T00:14:00.375000Z,q0526,Alder cotton shirt
2026-01-01T00:14:00.625000Z,q0019,heat pad
2026-01-01T00:14:00.875000Z,q0585,Alder olive oil
2026-01-01T00:14:01.125000Z,q0022,cotton bedding
2026-01-01T00:14:01.375000Z,q0021,desk lamp
2026-01-01T00:14:01.625000Z,q0223,blue desk organiser
2026-01-01T00:14:01.875000Z,q0048,plush bear
2026-01-01T00:14:02.125000Z,q0027,paint brush
2026-01-01T00:14:02.375000Z,q0025,throw blanket
2026-01-01T00:14:02.625000Z,q0039,slippers
2026-01-01T00:14:02.875000Z,q0966,recycled dog lead
2026-01-01T00:14:03.125000Z,q0048,plush bear
2026-01-01T00:14:03.375000Z,q0871,cotton wooden puzzle
2026-01-01T00:14:03.625000Z,q0025,throw blanket
2026-01-01T00:14:03.875000Z,q0049,craft kit
2026-01-01T00:14:04.125000Z,q0040,leather shoes
2026-01-01T00:14:04.375000Z,q0938,recycled sandals
2026-01-01T00:14:04.625000Z,q0020,electric toothbrush
2026-01-01T00:14:04.875000Z,q0018,sleep mask
2026-01-01T00:14:05.125000Z,q0369,grey bird feeder
2026-01-01T00:14:05.375000Z,q0028,tool box
2026-01-01T00:14:05.625000Z,q0047,building blocks
2026-01-01T00:14:05.875000Z,q0038,sandals
2026-01-01T00:14:06.125000Z,q0005,rain jacket
2026-01-01T00:14:06.375000Z,q0011,cookbook
2026-01-01T00:14:06.625000Z,q0137,black watering can
2026-01-01T00:14:06.875000Z,q0377,red linen dress
2026-01-01T00:14:07.125000Z,q0046,wooden puzzle
2026-01-01T00:14:07.375000Z,q0375,grey sticky notes
2026-01-01T00:14:07.625000Z,q0390,red crime novel
2026-01-01T00:14:07.875000Z,q0203,blue tablet
2026-01-01T00:14:08.125000Z,q0007,shampoo
2026-01-01T00:14:08.375000Z,q0050,toy train
2026-01-01T00:14:08.625000Z,q0704,Linden wall shelf
2026-01-01T00:14:08.875000Z,q0735,Linden olive oil
2026-01-01T00:14:09.125000Z,q0029,wall shelf
2026-01-01T00:14:09.375000Z,q0009,body wash
2026-01-01T00:14:09.625000Z,q0063,plant pot
2026-01-01T00:14:09.875000Z,q0026,cordless drill
2026-01-01T00:14:10.125000Z,q0290,green solar lights
2026-01-01T00:14:10.375000Z,q0048,plush bear
2026-01-01T00:14:10.625000Z,q0004,wool jumper
2026-01-01T00:14:10.875000Z,q0028,tool box
2026-01-01T00:14:11.125000Z,q0031,steel saucepan
2026-01-01T00:14:11.375000Z,q0032,ceramic mug
2026-01-01T00:14:11.625000Z,q0657,Harbour ground coffee
2026-01-01T00:14:11.875000Z,q0039,slippers
2026-01-01T00:14:12.125000Z,q0044,resistance bands
2026-01-01T00:14:12.375000Z,q0032,ceramic mug
2026-01-01T00:14:12.625000Z,q0827,cotton linen dress
2026-01-01T00:14:12.875000Z,q0036,running shoes
2026-01-01T00:14:13.100000Z,q0027,paint brush
2026-01-01T00:14:13.300000Z,q0019,heat pad
2026-01-01T00:14:13.500000Z,q0017,first aid kit
2026-01-01T00:14:13.700000Z,q0044,resistance bands
2026-01-01T00:14:13.900000Z,q0017,first aid kit
2026-01-01T00:14:14.100000Z,q0023,bath towel
2026-01-01T00:14:14.300000Z,q0015,crime novel
2026-01-01T00:14:14.500000Z,q0028,tool box
2026-01-01T00:14:14.700000Z,q0046,wooden puzzle
2026-01-01T00:14:14.900000Z,q0009,body wash
2026-01-01T00:14:15.100000Z,q0400,red throw blanket
2026-01-01T00:14:15.300000Z,q0835,cotton sunscreen
2026-01-01T00:14:15.500000Z,q0934,recycled chopping board
2026-01-01T00:14:15.700000Z,q0557,Alder ceramic mug
2026-01-01T00:14:15.900000Z,q0519,white bird feeder
2026-01-01T00:14:16.100000Z,q0001,cotton shirt
2026-01-01T00:14:16.300000Z,q0811,Vela garden gloves
2026-01-01T00:14:16.500000Z,q0041,yoga mat
2026-01-01T00:14:16.700000Z,q0048,plush bear
2026-01-01T00:14:16.900000Z,q0026,cordless drill
2026-01-01T00:14:17.100000Z,q0001,cotton shirt
2026-01-01T00:14:17.300000Z,q0127,black bluetooth speaker
2026-01-01T00:14:17.500000Z,q0147,black ballpoint pens
2026-01-01T00:14:17.700000Z,q0760,Vela sunscreen
2026-01-01T00:14:17.900000Z,q0043,water bottle
2026-01-01T00:14:18.100000Z,q0041,yoga mat
2026-01-01T00:14:18.300000Z,q0524,white sketch pad
2026-01-01T00:14:18.500000Z,q0038,sandals
2026-01-01T00:14:18.700000Z,q0594,Alder bird feeder
2026-01-01T00:14:18.900000Z,q0032,ceramic mug
2026-01-01T00:14:19.100000Z,q0024,storage basket
2026-01-01T00:14:19.300000Z,q0050,toy train
2026-01-01T00:14:19.500000Z,q0050,toy train
2026-01-01T00:14:19.700000Z,q0041,yoga mat
2026-01-01T00:14:19.900000Z,q0039,slippers
2026-01-01T00:14:20.100000Z,q0031,steel saucepan
2026-01-01T00:14:20.300000Z,q0015,crime novel
2026-01-01T00:14:20.500000Z,q0868,cotton water bottle
2026-01-01T00:14:20.700000Z,q0451,white cotton shirt
2026-01-01T00:14:20.900000Z,q0043,water bottle
2026-01-01T00:14:21.100000Z,q0023,bath towel
2026-01-01T00:14:21.300000Z,q0183,blue cutlery set
2026-01-01T00:14:21.500000Z,q0029,wall shelf
2026-01-01T00:14:21.700000Z,q0020,electric toothbrush
2026-01-01T00:14:21.900000Z,q0050,toy train
2026-01-01T00:14:22.100000Z,q0701,Linden cordless drill
2026-01-01T00:14:22.300000Z,q0031,steel saucepan
2026-01-01T00:14:22.500000Z,q0026,cordless drill
2026-01-01T00:14:22.700000Z,q0020,electric toothbrush
2026-01-01T00:14:22.900000Z,q0839,cotton gardening book
2026-01-01T00:14:23.100000Z,q0227,green linen dress
2026-01-01T00:14:23.300000Z,q0993,archived lunar model 13
2026-01-01T00:14:23.500000Z,q0122,black building blocks
2026-01-01T00:14:23.700000Z,q0030,work gloves
2026-01-01T00:14:23.900000Z,q0045,running shorts
2026-01-01T00:14:24.100000Z,q0381,red face moisturiser
2026-01-01T00:14:24.300000Z,q0412,red walking boots
2026-01-01T00:14:24.500000Z,q0011,cookbook
2026-01-01T00:14:24.700000Z,q0503,white tablet
2026-01-01T00:14:24.900000Z,q0342,grey football
2026-01-01T00:14:25.100000Z,q0215,blue solar lights
2026-01-01T00:14:25.300000Z,q0006,face moisturiser
2026-01-01T00:14:25.500000Z,q0033,cutlery set
2026-01-01T00:14:25.700000Z,q0029,wall shelf
2026-01-01T00:14:25.900000Z,q0017,first aid kit
2026-01-01T00:14:26.100000Z,q0027,paint brush
2026-01-01T00:14:26.300000Z,q0828,cotton denim jeans
2026-01-01T00:14:26.500000Z,q0017,first aid kit
2026-01-01T00:14:26.700000Z,q0039,slippers
2026-01-01T00:14:26.900000Z,q0068,pet bowl
2026-01-01T00:14:27.100000Z,q0010,sunscreen
2026-01-01T00:14:27.300000Z,q0690,Linden crime novel
2026-01-01T00:14:27.500000Z,q0013,children storybook
2026-01-01T00:14:27.700000Z,q0019,heat pad
2026-01-01T00:14:27.900000Z,q0016,vitamin tablets
2026-01-01T00:14:28.100000Z,q0696,Linden desk lamp
2026-01-01T00:14:28.300000Z,q0509,white pasta sauce
2026-01-01T00:14:28.500000Z,q0046,wooden puzzle
2026-01-01T00:14:28.700000Z,q0007,shampoo
2026-01-01T00:14:28.900000Z,q0017,first aid kit
2026-01-01T00:14:29.100000Z,q0013,children storybook
2026-01-01T00:14:29.300000Z,q0048,plush bear
2026-01-01T00:14:29.500000Z,q0872,cotton building blocks
2026-01-01T00:14:29.700000Z,q0035,glass storage jar
2026-01-01T00:14:29.900000Z,q0048,plush bear
2026-01-01T00:14:30.100000Z,q0038,sandals
2026-01-01T00:14:30.300000Z,q0004,wool jumper
2026-01-01T00:14:30.500000Z,q0694,Linden heat pad
2026-01-01T00:14:30.700000Z,q0021,desk lamp
2026-01-01T00:14:30.900000Z,q0500,white toy train
2026-01-01T00:14:31.100000Z,q0874,cotton craft kit
2026-01-01T00:14:31.300000Z,q0950,recycled toy train
2026-01-01T00:14:31.500000Z,q0149,black sketch pad
2026-01-01T00:14:31.700000Z,q0832,cotton shampoo
2026-01-01T00:14:31.900000Z,q0903,recycled denim jeans
2026-01-01T00:14:32.100000Z,q0027,paint brush
2026-01-01T00:14:32.300000Z,q0046,wooden puzzle
2026-01-01T00:14:32.500000Z,q0614,Harbour gardening book
2026-01-01T00:14:32.700000Z,q0025,throw blanket
2026-01-01T00:14:32.900000Z,q0360,grey olive oil
2026-01-01T00:14:33.100000Z,q0024,storage basket
2026-01-01T00:14:33.300000Z,q0372,grey ballpoint pens
2026-01-01T00:14:33.500000Z,q0034,chopping board
2026-01-01T00:14:33.700000Z,q0026,cordless drill
2026-01-01T00:14:33.900000Z,q0846,cotton desk lamp
2026-01-01T00:14:34.100000Z,q0044,resistance bands
2026-01-01T00:14:34.300000Z,q0897,cotton ballpoint pens
2026-01-01T00:14:34.500000Z,q0028,tool box
2026-01-01T00:14:34.700000Z,q0039,slippers
2026-01-01T00:14:34.900000Z,q0845,cotton electric toothbrush
2026-01-01T00:14:35.083000Z,q0049,craft kit
2026-01-01T00:14:35.250000Z,q0062,watering can
2026-01-01T00:14:35.417000Z,q0044,resistance bands
2026-01-01T00:14:35.583000Z,q0009,body wash
2026-01-01T00:14:35.750000Z,q0008,hand cream
2026-01-01T00:14:35.917000Z,q0938,recycled sandals
2026-01-01T00:14:36.083000Z,q0012,travel guide
2026-01-01T00:14:36.250000Z,q0002,linen dress
2026-01-01T00:14:36.417000Z,q0101,black cordless drill
2026-01-01T00:14:36.583000Z,q0007,shampoo
2026-01-01T00:14:36.750000Z,q0017,first aid kit
2026-01-01T00:14:36.917000Z,q0396,red desk lamp
2026-01-01T00:14:37.083000Z,q0406,red steel saucepan
2026-01-01T00:14:37.250000Z,q0046,wooden puzzle
2026-01-01T00:14:37.417000Z,q0569,Alder resistance bands
2026-01-01T00:14:37.583000Z,q0014,gardening book
2026-01-01T00:14:37.750000Z,q0541,Alder vitamin tablets
2026-01-01T00:14:37.917000Z,q0015,crime novel
2026-01-01T00:14:38.083000Z,q0011,cookbook
2026-01-01T00:14:38.250000Z,q0035,glass storage jar
2026-01-01T00:14:38.417000Z,q0036,running shoes
2026-01-01T00:14:38.583000Z,q0030,work gloves
2026-01-01T00:14:38.750000Z,q0028,tool box
2026-01-01T00:14:38.917000Z,q0019,heat pad
2026-01-01T00:14:39.083000Z,q0044,resistance bands
2026-01-01T00:14:39.250000Z,q0029,wall shelf
2026-01-01T00:14:39.417000Z,q0047,building blocks
2026-01-01T00:14:39.583000Z,q0019,heat pad
2026-01-01T00:14:39.750000Z,q0013,children storybook
2026-01-01T00:14:39.917000Z,q0036,running shoes
2026-01-01T00:14:40.083000Z,q0616,Harbour vitamin tablets
2026-01-01T00:14:40.250000Z,q0003,denim jeans
2026-01-01T00:14:40.417000Z,q0240,green crime novel
2026-01-01T00:14:40.583000Z,q0025,throw blanket
2026-01-01T00:14:40.750000Z,q0182,blue ceramic mug
2026-01-01T00:14:40.917000Z,q0030,work gloves
2026-01-01T00:14:41.083000Z,q0040,leather shoes
2026-01-01T00:14:41.250000Z,q0012,travel guide
2026-01-01T00:14:41.417000Z,q0001,cotton shirt
2026-01-01T00:14:41.583000Z,q0008,hand cream
2026-01-01T00:14:41.750000Z,q0011,cookbook
2026-01-01T00:14:41.917000Z,q0048,plush bear
2026-01-01T00:14:42.083000Z,q0012,travel guide
2026-01-01T00:14:42.250000Z,q0026,cordless drill
2026-01-01T00:14:42.417000Z,q0910,recycled sunscreen
2026-01-01T00:14:42.583000Z,q0045,running shorts
2026-01-01T00:14:42.750000Z,q0120,black running shorts
2026-01-01T00:14:42.917000Z,q0048,plush bear
2026-01-01T00:14:43.083000Z,q0757,Vela shampoo
2026-01-01T00:14:43.250000Z,q0421,red wooden puzzle
2026-01-01T00:14:43.417000Z,q0040,leather shoes
2026-01-01T00:14:43.583000Z,q0022,cotton bedding
2026-01-01T00:14:43.750000Z,q0555,Alder work gloves
2026-01-01T00:14:43.917000Z,q0024,storage basket
2026-01-01T00:14:44.083000Z,q0018,sleep mask
2026-01-01T00:14:44.250000Z,q0125,black toy train
2026-01-01T00:14:44.417000Z,q0001,cotton shirt
2026-01-01T00:14:44.583000Z,q0017,first aid kit
2026-01-01T00:14:44.750000Z,q0579,Alder smart watch
2026-01-01T00:14:44.917000Z,q0005,rain jacket
2026-01-01T00:14:45.083000Z,q0023,bath towel
2026-01-01T00:14:45.250000Z,q0008,hand cream
2026-01-01T00:14:45.417000Z,q0059,pasta sauce
2026-01-01T00:14:45.583000Z,q0005,rain jacket
2026-01-01T00:14:45.750000Z,q0457,white shampoo
2026-01-01T00:14:45.917000Z,q0042,football
2026-01-01T00:14:46.083000Z,q0004,wool jumper
2026-01-01T00:14:46.250000Z,q0037,walking boots
2026-01-01T00:14:46.417000Z,q0929,recycled wall shelf
2026-01-01T00:14:46.583000Z,q0004,wool jumper
2026-01-01T00:14:46.750000Z,q0003,denim jeans
2026-01-01T00:14:46.917000Z,q0018,sleep mask
2026-01-01T00:14:47.083000Z,q0028,tool box
2026-01-01T00:14:47.250000Z,q0028,tool box
2026-01-01T00:14:47.417000Z,q0321,grey desk lamp
2026-01-01T00:14:47.583000Z,q0955,recycled usb c charger
2026-01-01T00:14:47.750000Z,q0199,blue craft kit
2026-01-01T00:14:47.917000Z,q0001,cotton shirt
2026-01-01T00:14:48.083000Z,q0040,leather shoes
2026-01-01T00:14:48.250000Z,q0047,building blocks
2026-01-01T00:14:48.417000Z,q0039,slippers
2026-01-01T00:14:48.583000Z,q0335,grey glass storage jar
2026-01-01T00:14:48.750000Z,q0015,crime novel
2026-01-01T00:14:48.917000Z,q0285,green olive oil
2026-01-01T00:14:49.083000Z,q0018,sleep mask
2026-01-01T00:14:49.250000Z,q0028,tool box
2026-01-01T00:14:49.417000Z,q0911,recycled cookbook
2026-01-01T00:14:49.583000Z,q0027,paint brush
2026-01-01T00:14:49.750000Z,q0044,resistance bands
2026-01-01T00:14:49.917000Z,q0025,throw blanket
2026-01-01T00:14:50.083000Z,q0007,shampoo
2026-01-01T00:14:50.250000Z,q0014,gardening book
2026-01-01T00:14:50.417000Z,q0045,running shorts
2026-01-01T00:14:50.583000Z,q0011,cookbook
2026-01-01T00:14:50.750000Z,q0039,slippers
2026-01-01T00:14:50.917000Z,q0005,rain jacket
2026-01-01T00:14:51.083000Z,q0048,plush bear
2026-01-01T00:14:51.250000Z,q0024,storage basket
2026-01-01T00:14:51.417000Z,q0025,throw blanket
2026-01-01T00:14:51.583000Z,q0007,shampoo
2026-01-01T00:14:51.750000Z,q0600,Alder sticky notes
2026-01-01T00:14:51.917000Z,q0029,wall shelf
2026-01-01T00:14:52.083000Z,q0225,blue sticky notes
2026-01-01T00:14:52.250000Z,q0042,football
2026-01-01T00:14:52.417000Z,q0001,cotton shirt
2026-01-01T00:14:52.583000Z,q0855,cotton work gloves
2026-01-01T00:14:52.750000Z,q0002,linen dress
2026-01-01T00:14:52.917000Z,q0043,water bottle
2026-01-01T00:14:53.071000Z,q0021,desk lamp
2026-01-01T00:14:53.214000Z,q0227,green linen dress
2026-01-01T00:14:53.357000Z,q0011,cookbook
2026-01-01T00:14:53.500000Z,q0209,blue pasta sauce
2026-01-01T00:14:53.643000Z,q0972,recycled ballpoint pens
2026-01-01T00:14:53.786000Z,q0019,heat pad
2026-01-01T00:14:53.929000Z,q0027,paint brush
2026-01-01T00:14:54.071000Z,q0027,paint brush
2026-01-01T00:14:54.214000Z,q0785,Vela glass storage jar
2026-01-01T00:14:54.357000Z,q0761,Vela cookbook
2026-01-01T00:14:54.500000Z,q0010,sunscreen
2026-01-01T00:14:54.643000Z,q0480,white work gloves
2026-01-01T00:14:54.786000Z,q0002,linen dress
2026-01-01T00:14:54.929000Z,q0007,shampoo
2026-01-01T00:14:55.071000Z,q0457,white shampoo
2026-01-01T00:14:55.214000Z,q0574,Alder craft kit
2026-01-01T00:14:55.357000Z,q0744,Linden bird feeder
2026-01-01T00:14:55.500000Z,q0027,paint brush
2026-01-01T00:14:55.643000Z,q0043,water bottle
2026-01-01T00:14:55.786000Z,q0011,cookbook
2026-01-01T00:14:55.929000Z,q0487,white walking boots
2026-01-01T00:14:56.071000Z,q0811,Vela garden gloves
2026-01-01T00:14:56.214000Z,q0048,plush bear
2026-01-01T00:14:56.357000Z,q0043,water bottle
2026-01-01T00:14:56.500000Z,q0152,blue linen dress
2026-01-01T00:14:56.643000Z,q0004,wool jumper
2026-01-01T00:14:56.786000Z,q0336,grey running shoes
2026-01-01T00:14:56.929000Z,q0821,Vela notebook
2026-01-01T00:14:57.071000Z,q0732,Linden ground coffee
2026-01-01T00:14:57.214000Z,q0756,Vela face moisturiser
2026-01-01T00:14:57.357000Z,q0035,glass storage jar
2026-01-01T00:14:57.500000Z,q0038,sandals
2026-01-01T00:14:57.643000Z,q0017,first aid kit
2026-01-01T00:14:57.786000Z,q0019,heat pad
2026-01-01T00:14:57.929000Z,q0043,water bottle
2026-01-01T00:14:58.071000Z,q0035,glass storage jar
2026-01-01T00:14:58.214000Z,q0008,hand cream
2026-01-01T00:14:58.357000Z,q0029,wall shelf
2026-01-01T00:14:58.500000Z,q0314,grey gardening book
2026-01-01T00:14:58.643000Z,q0684,Linden body wash
2026-01-01T00:14:58.786000Z,q0020,electric toothbrush
2026-01-01T00:14:58.929000Z,q0029,wall shelf
2026-01-01T00:14:59.071000Z,q0310,grey sunscreen
2026-01-01T00:14:59.214000Z,q0010,sunscreen
2026-01-01T00:14:59.357000Z,q0024,storage basket
2026-01-01T00:14:59.500000Z,q0012,travel guide
2026-01-01T00:14:59.643000Z,q0007,shampoo
2026-01-01T00:14:59.786000Z,q0958,recycled herbal tea
2026-01-01T00:14:59.929000Z,q0012,travel guide
2026-01-01T00:15:00.042000Z,q0015,crime novel
2026-01-01T00:15:00.125000Z,q0004,wool jumper
2026-01-01T00:15:00.208000Z,q0681,Linden face moisturiser
2026-01-01T00:15:00.292000Z,q0872,cotton building blocks
2026-01-01T00:15:00.375000Z,q0282,green ground coffee
2026-01-01T00:15:00.458000Z,q0540,Alder crime novel
2026-01-01T00:15:00.542000Z,q0025,throw blanket
2026-01-01T00:15:00.625000Z,q0042,football
2026-01-01T00:15:00.708000Z,q0026,cordless drill
2026-01-01T00:15:00.792000Z,q0023,bath towel
2026-01-01T00:15:00.875000Z,q0012,travel guide
2026-01-01T00:15:00.958000Z,q0220,blue pet blanket
2026-01-01T00:15:01.042000Z,q0025,throw blanket
2026-01-01T00:15:01.125000Z,q0030,work gloves
2026-01-01T00:15:01.208000Z,q0519,white bird feeder
2026-01-01T00:15:01.292000Z,q0012,travel guide
2026-01-01T00:15:01.375000Z,q0008,hand cream
2026-01-01T00:15:01.458000Z,q0029,wall shelf
2026-01-01T00:15:01.542000Z,q0321,grey desk lamp
2026-01-01T00:15:01.625000Z,q0037,walking boots
2026-01-01T00:15:01.708000Z,q0045,running shorts
2026-01-01T00:15:01.792000Z,q0049,craft kit
2026-01-01T00:15:01.875000Z,q0038,sandals
2026-01-01T00:15:01.958000Z,q0043,water bottle
2026-01-01T00:15:02.042000Z,q0376,red cotton shirt
2026-01-01T00:15:02.125000Z,q0020,electric toothbrush
2026-01-01T00:15:02.208000Z,q0194,blue resistance bands
2026-01-01T00:15:02.292000Z,q0013,children storybook
2026-01-01T00:15:02.375000Z,q0015,crime novel
2026-01-01T00:15:02.458000Z,q0005,rain jacket
2026-01-01T00:15:02.542000Z,q0271,green wooden puzzle
2026-01-01T00:15:02.625000Z,q0028,tool box
2026-01-01T00:15:02.708000Z,q0026,cordless drill
2026-01-01T00:15:02.792000Z,q0038,sandals
2026-01-01T00:15:02.875000Z,q0024,storage basket
2026-01-01T00:15:02.958000Z,q0160,blue sunscreen
2026-01-01T00:15:03.042000Z,q0791,Vela yoga mat
2026-01-01T00:15:03.125000Z,q0048,plush bear
2026-01-01T00:15:03.208000Z,q0048,plush bear
2026-01-01T00:15:03.292000Z,q0042,football
2026-01-01T00:15:03.375000Z,q0038,sandals
2026-01-01T00:15:03.458000Z,q0799,Vela craft kit
2026-01-01T00:15:03.542000Z,q0047,building blocks
2026-01-01T00:15:03.625000Z,q0022,cotton bedding
2026-01-01T00:15:03.708000Z,q0030,work gloves
2026-01-01T00:15:03.792000Z,q0035,glass storage jar
2026-01-01T00:15:03.875000Z,q0036,running shoes
2026-01-01T00:15:03.958000Z,q0010,sunscreen
2026-01-01T00:15:04.042000Z,q0443,red pet bowl
2026-01-01T00:15:04.125000Z,q0044,resistance bands
2026-01-01T00:15:04.208000Z,q0028,tool box
2026-01-01T00:15:04.292000Z,q0031,steel saucepan
2026-01-01T00:15:04.375000Z,q0030,work gloves
2026-01-01T00:15:04.458000Z,q0289,green pruning shears
2026-01-01T00:15:04.542000Z,q0044,resistance bands
2026-01-01T00:15:04.625000Z,q0009,body wash
2026-01-01T00:15:04.708000Z,q0423,red plush bear
2026-01-01T00:15:04.792000Z,q0004,wool jumper
2026-01-01T00:15:04.875000Z,q0570,Alder running shorts
2026-01-01T00:15:04.958000Z,q0713,Linden sandals
2026-01-01T00:15:05.042000Z,q0721,Linden wooden puzzle
2026-01-01T00:15:05.125000Z,q0037,walking boots
2026-01-01T00:15:05.208000Z,q0032,ceramic mug
2026-01-01T00:15:05.292000Z,q0031,steel saucepan
2026-01-01T00:15:05.375000Z,q0070,pet blanket
2026-01-01T00:15:05.458000Z,q0043,water bottle
2026-01-01T00:15:05.542000Z,q0028,tool box
2026-01-01T00:15:05.625000Z,q0019,heat pad
2026-01-01T00:15:05.708000Z,q0013,children storybook
2026-01-01T00:15:05.792000Z,q0399,red storage basket
2026-01-01T00:15:05.875000Z,q0045,running shorts
2026-01-01T00:15:05.958000Z,q0808,Vela herbal tea
2026-01-01T00:15:06.042000Z,q0018,sleep mask
2026-01-01T00:15:06.125000Z,q0014,gardening book
2026-01-01T00:15:06.208000Z,q0028,tool box
2026-01-01T00:15:06.292000Z,q0885,cotton olive oil
2026-01-01T00:15:06.375000Z,q0022,cotton bedding
2026-01-01T00:15:06.458000Z,q0016,vitamin tablets
2026-01-01T00:15:06.542000Z,q0012,travel guide
2026-01-01T00:15:06.625000Z,q0038,sandals
2026-01-01T00:15:06.708000Z,q0045,running shorts
2026-01-01T00:15:06.792000Z,q0018,sleep mask
2026-01-01T00:15:06.875000Z,q0005,rain jacket
2026-01-01T00:15:06.958000Z,q0044,resistance bands
2026-01-01T00:15:07.042000Z,q0018,sleep mask
2026-01-01T00:15:07.125000Z,q0412,red walking boots
2026-01-01T00:15:07.208000Z,q0142,black cat toy
2026-01-01T00:15:07.292000Z,q0038,sandals
2026-01-01T00:15:07.375000Z,q0879,cotton smart watch
2026-01-01T00:15:07.458000Z,q0293,green pet bowl
2026-01-01T00:15:07.542000Z,q0038,sandals
2026-01-01T00:15:07.625000Z,q0046,wooden puzzle
2026-01-01T00:15:07.708000Z,q0324,grey storage basket
2026-01-01T00:15:07.792000Z,q0033,cutlery set
2026-01-01T00:15:07.875000Z,q0030,work gloves
2026-01-01T00:15:07.958000Z,q0093,black sleep mask
2026-01-01T00:15:08.038000Z,q0046,wooden puzzle
2026-01-01T00:15:08.115000Z,q0496,white wooden puzzle
2026-01-01T00:15:08.192000Z,q0025,throw blanket
2026-01-01T00:15:08.269000Z,q0590,Alder solar lights
2026-01-01T00:15:08.346000Z,q0023,bath towel
2026-01-01T00:15:08.423000Z,q0038,sandals
2026-01-01T00:15:08.500000Z,q0708,Linden cutlery set
2026-01-01T00:15:08.577000Z,q0026,cordless drill
2026-01-01T00:15:08.654000Z,q0047,building blocks
2026-01-01T00:15:08.731000Z,q0049,craft kit
2026-01-01T00:15:08.808000Z,q0011,cookbook
2026-01-01T00:15:08.885000Z,q0034,chopping board
2026-01-01T00:15:08.962000Z,q0044,resistance bands
2026-01-01T00:15:09.038000Z,q0706,Linden steel saucepan
2026-01-01T00:15:09.115000Z,q0853,cotton tool box
2026-01-01T00:15:09.192000Z,q0011,cookbook
2026-01-01T00:15:09.269000Z,q0036,running shoes
2026-01-01T00:15:09.346000Z,q0041,yoga mat
2026-01-01T00:15:09.423000Z,q0039,slippers
2026-01-01T00:15:09.500000Z,q0040,leather shoes
2026-01-01T00:15:09.577000Z,q0025,throw blanket
2026-01-01T00:15:09.654000Z,q0040,leather shoes
2026-01-01T00:15:09.731000Z,q0006,face moisturiser
2026-01-01T00:15:09.808000Z,q0022,cotton bedding
2026-01-01T00:15:09.885000Z,q0037,walking boots
2026-01-01T00:15:09.962000Z,q0027,paint brush
2026-01-01T00:15:10.062000Z,q0013,children storybook
2026-01-01T00:15:10.188000Z,q0050,toy train
2026-01-01T00:15:10.312000Z,q0811,Vela garden gloves
2026-01-01T00:15:10.438000Z,q0983,archived lunar model 3
2026-01-01T00:15:10.562000Z,q0483,white cutlery set
2026-01-01T00:15:10.688000Z,q0639,Harbour slippers
2026-01-01T00:15:10.812000Z,q0741,Linden dog lead
2026-01-01T00:15:10.938000Z,q0009,body wash
2026-01-01T00:15:11.062000Z,q0013,children storybook
2026-01-01T00:15:11.188000Z,q0006,face moisturiser
2026-01-01T00:15:11.312000Z,q0968,recycled pet bowl
2026-01-01T00:15:11.438000Z,q0042,football
2026-01-01T00:15:11.562000Z,q0027,paint brush
2026-01-01T00:15:11.688000Z,q0035,glass storage jar
2026-01-01T00:15:11.812000Z,q0038,sandals
2026-01-01T00:15:11.938000Z,q0002,linen dress
2026-01-01T00:15:12.062000Z,q0021,desk lamp
2026-01-01T00:15:12.188000Z,q0007,shampoo
2026-01-01T00:15:12.312000Z,q0016,vitamin tablets
2026-01-01T00:15:12.438000Z,q0045,running shorts
2026-01-01T00:15:12.562000Z,q0014,gardening book
2026-01-01T00:15:12.688000Z,q0043,water bottle
2026-01-01T00:15:12.812000Z,q0938,recycled sandals
2026-01-01T00:15:12.938000Z,q0237,green travel guide
2026-01-01T00:15:13.062000Z,q0012,travel guide
2026-01-01T00:15:13.188000Z,q0966,recycled dog lead
2026-01-01T00:15:13.312000Z,q0034,chopping board
2026-01-01T00:15:13.438000Z,q0017,first aid kit
2026-01-01T00:15:13.562000Z,q0684,Linden body wash
2026-01-01T00:15:13.688000Z,q0001,cotton shirt
2026-01-01T00:15:13.812000Z,q0145,black pet blanket
2026-01-01T00:15:13.938000Z,q0018,sleep mask
2026-01-01T00:15:14.062000Z,q0203,blue tablet
2026-01-01T00:15:14.188000Z,q0039,slippers
2026-01-01T00:15:14.312000Z,q0036,running shoes
2026-01-01T00:15:14.438000Z,q0031,steel saucepan
2026-01-01T00:15:14.562000Z,q0050,toy train
2026-01-01T00:15:14.688000Z,q0016,vitamin tablets
2026-01-01T00:15:14.812000Z,q0250,green throw blanket
2026-01-01T00:15:14.938000Z,q0172,blue cotton bedding
2026-01-01T00:15:15.062000Z,q0154,blue wool jumper
2026-01-01T00:15:15.188000Z,q0001,cotton shirt
2026-01-01T00:15:15.312000Z,q0007,shampoo
2026-01-01T00:15:15.438000Z,q0013,children storybook
2026-01-01T00:15:15.562000Z,q0216,blue dog lead
2026-01-01T00:15:15.688000Z,q0037,walking boots
2026-01-01T00:15:15.812000Z,q0039,slippers
2026-01-01T00:15:15.938000Z,q0039,slippers
2026-01-01T00:15:16.062000Z,q0411,red running shoes
2026-01-01T00:15:16.188000Z,q0482,white ceramic mug
2026-01-01T00:15:16.312000Z,q0366,grey dog lead
2026-01-01T00:15:16.438000Z,q0022,cotton bedding
2026-01-01T00:15:16.562000Z,q0024,storage basket
2026-01-01T00:15:16.688000Z,q0012,travel guide
2026-01-01T00:15:16.812000Z,q0024,storage basket
2026-01-01T00:15:16.938000Z,q0982,archived lunar model 2
2026-01-01T00:15:17.062000Z,q0035,glass storage jar
2026-01-01T00:15:17.188000Z,q0004,wool jumper
2026-01-01T00:15:17.312000Z,q0018,sleep mask
2026-01-01T00:15:17.438000Z,q0009,body wash
2026-01-01T00:15:17.562000Z,q0007,shampoo
2026-01-01T00:15:17.688000Z,q0005,rain jacket
2026-01-01T00:15:17.812000Z,q0021,desk lamp
2026-01-01T00:15:17.938000Z,q0025,throw blanket
2026-01-01T00:15:18.062000Z,q0045,running shorts
2026-01-01T00:15:18.188000Z,q0020,electric toothbrush
2026-01-01T00:15:18.312000Z,q0472,white cotton bedding
2026-01-01T00:15:18.438000Z,q0213,blue plant pot
2026-01-01T00:15:18.562000Z,q0014,gardening book
2026-01-01T00:15:18.688000Z,q0047,building blocks
2026-01-01T00:15:18.812000Z,q0017,first aid kit
2026-01-01T00:15:18.938000Z,q0046,wooden puzzle
2026-01-01T00:15:19.062000Z,q0801,Vela wireless headphones
2026-01-01T00:15:19.188000Z,q0043,water bottle
2026-01-01T00:15:19.312000Z,q0384,red body wash
2026-01-01T00:15:19.438000Z,q0099,black storage basket
2026-01-01T00:15:19.562000Z,q0008,hand cream
2026-01-01T00:15:19.688000Z,q0048,plush bear
2026-01-01T00:15:19.812000Z,q0579,Alder smart watch
2026-01-01T00:15:19.938000Z,q0408,red cutlery set
2026-01-01T00:15:20.062000Z,q0039,slippers
2026-01-01T00:15:20.188000Z,q0049,craft kit
2026-01-01T00:15:20.312000Z,q0080,black rain jacket
2026-01-01T00:15:20.438000Z,q0029,wall shelf
2026-01-01T00:15:20.562000Z,q0017,first aid kit
2026-01-01T00:15:20.688000Z,q0007,shampoo
2026-01-01T00:15:20.812000Z,q0025,throw blanket
2026-01-01T00:15:20.938000Z,q0250,green throw blanket
2026-01-01T00:15:21.062000Z,q0166,blue vitamin tablets
2026-01-01T00:15:21.188000Z,q0010,sunscreen
2026-01-01T00:15:21.312000Z,q0013,children storybook
2026-01-01T00:15:21.438000Z,q0889,cotton pruning shears
2026-01-01T00:15:21.562000Z,q0015,crime novel
2026-01-01T00:15:21.688000Z,q0913,recycled children storybook
2026-01-01T00:15:21.812000Z,q0414,red slippers
2026-01-01T00:15:21.938000Z,q0031,steel saucepan
2026-01-01T00:15:22.062000Z,q0237,green travel guide
2026-01-01T00:15:22.188000Z,q0015,crime novel
2026-01-01T00:15:22.312000Z,q0412,red walking boots
2026-01-01T00:15:22.438000Z,q0484,white chopping board
2026-01-01T00:15:22.562000Z,q0348,grey plush bear
2026-01-01T00:15:22.688000Z,q0024,storage basket
2026-01-01T00:15:22.812000Z,q0048,plush bear
2026-01-01T00:15:22.938000Z,q0642,Harbour football
2026-01-01T00:15:23.062000Z,q0007,shampoo
2026-01-01T00:15:23.188000Z,q0015,crime novel
2026-01-01T00:15:23.312000Z,q0045,running shorts
2026-01-01T00:15:23.438000Z,q0035,glass storage jar
2026-01-01T00:15:23.562000Z,q0533,Alder hand cream
2026-01-01T00:15:23.688000Z,q0029,wall shelf
2026-01-01T00:15:23.812000Z,q0420,red running shorts
2026-01-01T00:15:23.938000Z,q0540,Alder crime novel
2026-01-01T00:15:24.062000Z,q0013,children storybook
2026-01-01T00:15:24.188000Z,q0043,water bottle
2026-01-01T00:15:24.312000Z,q0524,white sketch pad
2026-01-01T00:15:24.438000Z,q0047,building blocks
2026-01-01T00:15:24.562000Z,q0033,cutlery set
2026-01-01T00:15:24.688000Z,q0992,archived lunar model 12
2026-01-01T00:15:24.812000Z,q0887,cotton watering can
2026-01-01T00:15:24.938000Z,q0037,walking boots
2026-01-01T00:15:25.062000Z,q0221,blue notebook
2026-01-01T00:15:25.188000Z,q0012,travel guide
2026-01-01T00:15:25.312000Z,q0010,sunscreen
2026-01-01T00:15:25.438000Z,q0035,glass storage jar
2026-01-01T00:15:25.562000Z,q0007,shampoo
2026-01-01T00:15:25.688000Z,q0044,resistance bands
2026-01-01T00:15:25.812000Z,q0835,cotton sunscreen
2026-01-01T00:15:25.938000Z,q0042,football
2026-01-01T00:15:26.056000Z,q0038,sandals
2026-01-01T00:15:26.167000Z,q0025,throw blanket
2026-01-01T00:15:26.278000Z,q0016,vitamin tablets
2026-01-01T00:15:26.389000Z,q0134,black pasta sauce
2026-01-01T00:15:26.500000Z,q0037,walking boots
2026-01-01T00:15:26.611000Z,q0124,black craft kit
2026-01-01T00:15:26.722000Z,q0040,leather shoes
2026-01-01T00:15:26.833000Z,q0002,linen dress
2026-01-01T00:15:26.944000Z,q0011,cookbook
2026-01-01T00:15:27.056000Z,q0041,yoga mat
2026-01-01T00:15:27.167000Z,q0001,cotton shirt
2026-01-01T00:15:27.278000Z,q0233,green hand cream
2026-01-01T00:15:27.389000Z,q0029,wall shelf
2026-01-01T00:15:27.500000Z,q0820,Vela pet blanket
2026-01-01T00:15:27.611000Z,q0001,cotton shirt
2026-01-01T00:15:27.722000Z,q0016,vitamin tablets
2026-01-01T00:15:27.833000Z,q0045,running shorts
2026-01-01T00:15:27.944000Z,q0048,plush bear
2026-01-01T00:15:28.056000Z,q0140,black solar lights
2026-01-01T00:15:28.167000Z,q0043,water bottle
2026-01-01T00:15:28.278000Z,q0562,Alder walking boots
2026-01-01T00:15:28.389000Z,q0015,crime novel
2026-01-01T00:15:28.500000Z,q0008,hand cream
2026-01-01T00:15:28.611000Z,q0048,plush bear
2026-01-01T00:15:28.722000Z,q0024,storage basket
2026-01-01T00:15:28.833000Z,q0016,vitamin tablets
2026-01-01T00:15:28.944000Z,q0002,linen dress
2026-01-01T00:15:29.056000Z,q0467,white first aid kit
2026-01-01T00:15:29.167000Z,q0025,throw blanket
2026-01-01T00:15:29.278000Z,q0211,blue garden gloves
2026-01-01T00:15:29.389000Z,q0017,first aid kit
2026-01-01T00:15:29.500000Z,q0684,Linden body wash
2026-01-01T00:15:29.611000Z,q0844,cotton heat pad
2026-01-01T00:15:29.722000Z,q0769,Vela heat pad
2026-01-01T00:15:29.833000Z,q0004,wool jumper
2026-01-01T00:15:29.944000Z,q0026,cordless drill
2026-01-01T00:15:30.056000Z,q0005,rain jacket
2026-01-01T00:15:30.167000Z,q0035,glass storage jar
2026-01-01T00:15:30.278000Z,q0096,black desk lamp
2026-01-01T00:15:30.389000Z,q0027,paint brush
2026-01-01T00:15:30.500000Z,q0018,sleep mask
2026-01-01T00:15:30.611000Z,q0112,black walking boots
2026-01-01T00:15:30.722000Z,q0275,green toy train
2026-01-01T00:15:30.833000Z,q0004,wool jumper
2026-01-01T00:15:30.944000Z,q0042,football
2026-01-01T00:15:31.056000Z,q0791,Vela yoga mat
2026-01-01T00:15:31.167000Z,q0035,glass storage jar
2026-01-01T00:15:31.278000Z,q0549,Alder storage basket
2026-01-01T00:15:31.389000Z,q0092,black first aid kit
2026-01-01T00:15:31.500000Z,q0017,first aid kit
2026-01-01T00:15:31.611000Z,q0036,running shoes
2026-01-01T00:15:31.722000Z,q0011,cookbook
2026-01-01T00:15:31.833000Z,q0787,Vela walking boots
2026-01-01T00:15:31.944000Z,q0028,tool box
2026-01-01T00:15:32.056000Z,q0033,cutlery set
2026-01-01T00:15:32.167000Z,q0035,glass storage jar
2026-01-01T00:15:32.278000Z,q0263,green sandals
2026-01-01T00:15:32.389000Z,q0024,storage basket
2026-01-01T00:15:32.500000Z,q0033,cutlery set
2026-01-01T00:15:32.611000Z,q0011,cookbook
2026-01-01T00:15:32.722000Z,q0496,white wooden puzzle
2026-01-01T00:15:32.833000Z,q0032,ceramic mug
2026-01-01T00:15:32.944000Z,q0032,ceramic mug
2026-01-01T00:15:33.056000Z,q0654,Harbour smart watch
2026-01-01T00:15:33.167000Z,q0040,leather shoes
2026-01-01T00:15:33.278000Z,q0008,hand cream
2026-01-01T00:15:33.389000Z,q0041,yoga mat
2026-01-01T00:15:33.500000Z,q0008,hand cream
2026-01-01T00:15:33.611000Z,q0026,cordless drill
2026-01-01T00:15:33.722000Z,q0190,blue leather shoes
2026-01-01T00:15:33.833000Z,q0041,yoga mat
2026-01-01T00:15:33.944000Z,q0699,Linden storage basket
2026-01-01T00:15:34.056000Z,q0014,gardening book
2026-01-01T00:15:34.167000Z,q0426,red wireless headphones
2026-01-01T00:15:34.278000Z,q0794,Vela resistance bands
2026-01-01T00:15:34.389000Z,q0036,running shoes
2026-01-01T00:15:34.500000Z,q0614,Harbour gardening book
2026-01-01T00:15:34.611000Z,q0897,cotton ballpoint pens
2026-01-01T00:15:34.722000Z,q0009,body wash
2026-01-01T00:15:34.833000Z,q0050,toy train
2026-01-01T00:15:34.944000Z,q0050,toy train
2026-01-01T00:15:35.056000Z,q0028,tool box
2026-01-01T00:15:35.167000Z,q0036,running shoes
2026-01-01T00:15:35.278000Z,q0009,body wash
2026-01-01T00:15:35.389000Z,q0033,cutlery set
2026-01-01T00:15:35.500000Z,q0041,yoga mat
2026-01-01T00:15:35.611000Z,q0024,storage basket
2026-01-01T00:15:35.722000Z,q0378,red denim jeans
2026-01-01T00:15:35.833000Z,q0385,red sunscreen
2026-01-01T00:15:35.944000Z,q0015,crime novel
2026-01-01T00:15:36.056000Z,q0021,desk lamp
2026-01-01T00:15:36.167000Z,q0038,sandals
2026-01-01T00:15:36.278000Z,q0030,work gloves
2026-01-01T00:15:36.389000Z,q0011,cookbook
2026-01-01T00:15:36.500000Z,q0001,cotton shirt
2026-01-01T00:15:36.611000Z,q0745,Linden pet blanket
2026-01-01T00:15:36.722000Z,q0020,electric toothbrush
2026-01-01T00:15:36.833000Z,q0561,Alder running shoes
2026-01-01T00:15:36.944000Z,q0022,cotton bedding
2026-01-01T00:15:37.056000Z,q0727,Linden bluetooth speaker
2026-01-01T00:15:37.167000Z,q0041,yoga mat
2026-01-01T00:15:37.278000Z,q0008,hand cream
2026-01-01T00:15:37.389000Z,q0047,building blocks
2026-01-01T00:15:37.500000Z,q0244,green heat pad
2026-01-01T00:15:37.611000Z,q0200,blue toy train
2026-01-01T00:15:37.722000Z,q0046,wooden puzzle
2026-01-01T00:15:37.833000Z,q0016,vitamin tablets
2026-01-01T00:15:37.944000Z,q0025,throw blanket
2026-01-01T00:15:38.056000Z,q0007,shampoo
2026-01-01T00:15:38.167000Z,q0048,plush bear
2026-01-01T00:15:38.278000Z,q0020,electric toothbrush
2026-01-01T00:15:38.389000Z,q0699,Linden storage basket
2026-01-01T00:15:38.500000Z,q0529,Alder wool jumper
2026-01-01T00:15:38.611000Z,q0040,leather shoes
2026-01-01T00:15:38.722000Z,q0205,blue usb c charger
2026-01-01T00:15:38.833000Z,q0012,travel guide
2026-01-01T00:15:38.944000Z,q0049,craft kit
2026-01-01T00:15:39.056000Z,q0034,chopping board
2026-01-01T00:15:39.167000Z,q0029,wall shelf
2026-01-01T00:15:39.278000Z,q0023,bath towel
2026-01-01T00:15:39.389000Z,q0073,desk organiser
2026-01-01T00:15:39.500000Z,q0001,cotton shirt
2026-01-01T00:15:39.611000Z,q0046,wooden puzzle
2026-01-01T00:15:39.722000Z,q0946,recycled wooden puzzle
2026-01-01T00:15:39.833000Z,q0011,cookbook
2026-01-01T00:15:39.944000Z,q0039,slippers
2026-01-01T00:15:40.056000Z,q0010,sunscreen
2026-01-01T00:15:40.167000Z,q0041,yoga mat
2026-01-01T00:15:40.278000Z,q0015,crime novel
2026-01-01T00:15:40.389000Z,q0728,Linden tablet
2026-01-01T00:15:40.500000Z,q0316,grey vitamin tablets
2026-01-01T00:15:40.611000Z,q0028,tool box
2026-01-01T00:15:40.722000Z,q0028,tool box
2026-01-01T00:15:40.833000Z,q0043,water bottle
2026-01-01T00:15:40.944000Z,q0007,shampoo
2026-01-01T00:15:41.056000Z,q0017,first aid kit
2026-01-01T00:15:41.167000Z,q0443,red pet bowl
2026-01-01T00:15:41.278000Z,q0025,throw blanket
2026-01-01T00:15:41.389000Z,q0020,electric toothbrush
2026-01-01T00:15:41.500000Z,q0044,resistance bands
2026-01-01T00:15:41.611000Z,q0042,football
2026-01-01T00:15:41.722000Z,q0015,crime novel
2026-01-01T00:15:41.833000Z,q0017,first aid kit
2026-01-01T00:15:41.944000Z,q0030,work gloves
2026-01-01T00:15:42.056000Z,q0268,green water bottle
2026-01-01T00:15:42.167000Z,q0034,chopping board
2026-01-01T00:15:42.278000Z,q0709,Linden chopping board
2026-01-01T00:15:42.389000Z,q0036,running shoes
2026-01-01T00:15:42.500000Z,q0027,paint brush
2026-01-01T00:15:42.611000Z,q0018,sleep mask
2026-01-01T00:15:42.722000Z,q0066,dog lead
2026-01-01T00:15:42.833000Z,q0041,yoga mat
2026-01-01T00:15:42.944000Z,q0998,archived lunar model 18
2026-01-01T00:15:43.056000Z,q0035,glass storage jar
2026-01-01T00:15:43.167000Z,q0544,Alder heat pad
2026-01-01T00:15:43.278000Z,q0209,blue pasta sauce
2026-01-01T00:15:43.389000Z,q0042,football
2026-01-01T00:15:43.500000Z,q0001,cotton shirt
2026-01-01T00:15:43.611000Z,q0793,Vela water bottle
2026-01-01T00:15:43.722000Z,q0036,running shoes
2026-01-01T00:15:43.833000Z,q0022,cotton bedding
2026-01-01T00:15:43.944000Z,q0024,storage basket
2026-01-01T00:15:44.056000Z,q0005,rain jacket
2026-01-01T00:15:44.167000Z,q0018,sleep mask
2026-01-01T00:15:44.278000Z,q0501,white wireless headphones
2026-01-01T00:15:44.389000Z,q0022,cotton bedding
2026-01-01T00:15:44.500000Z,q0023,bath towel
2026-01-01T00:15:44.611000Z,q0037,walking boots
2026-01-01T00:15:44.722000Z,q0784,Vela chopping board
2026-01-01T00:15:44.833000Z,q0022,cotton bedding
2026-01-01T00:15:44.944000Z,q0027,paint brush
2026-01-01T00:15:45.056000Z,q0029,wall shelf
2026-01-01T00:15:45.167000Z,q0470,white electric toothbrush
2026-01-01T00:15:45.278000Z,q0262,green walking boots
2026-01-01T00:15:45.389000Z,q0016,vitamin tablets
2026-01-01T00:15:45.500000Z,q0005,rain jacket
2026-01-01T00:15:45.611000Z,q0038,sandals
2026-01-01T00:15:45.722000Z,q0041,yoga mat
2026-01-01T00:15:45.833000Z,q0990,archived lunar model 10
2026-01-01T00:15:45.944000Z,q0327,grey paint brush
2026-01-01T00:15:46.056000Z,q0142,black cat toy
2026-01-01T00:15:46.167000Z,q0010,sunscreen
2026-01-01T00:15:46.278000Z,q0012,travel guide
2026-01-01T00:15:46.389000Z,q0285,green olive oil
2026-01-01T00:15:46.500000Z,q0049,craft kit
2026-01-01T00:15:46.611000Z,q0003,denim jeans
2026-01-01T00:15:46.722000Z,q0010,sunscreen
2026-01-01T00:15:46.833000Z,q0033,cutlery set
2026-01-01T00:15:46.944000Z,q0041,yoga mat
2026-01-01T00:15:47.056000Z,q0042,football
2026-01-01T00:15:47.167000Z,q0029,wall shelf
2026-01-01T00:15:47.278000Z,q0693,Linden sleep mask
2026-01-01T00:15:47.389000Z,q0028,tool box
2026-01-01T00:15:47.500000Z,q0015,crime novel
2026-01-01T00:15:47.611000Z,q0849,cotton storage basket
2026-01-01T00:15:47.722000Z,q0727,Linden bluetooth speaker
2026-01-01T00:15:47.833000Z,q0046,wooden puzzle
2026-01-01T00:15:47.944000Z,q0001,cotton shirt
2026-01-01T00:15:48.050000Z,q0018,sleep mask
2026-01-01T00:15:48.150000Z,q0379,red wool jumper
2026-01-01T00:15:48.250000Z,q0845,cotton electric toothbrush
2026-01-01T00:15:48.350000Z,q0093,black sleep mask
2026-01-01T00:15:48.450000Z,q0032,ceramic mug
2026-01-01T00:15:48.550000Z,q0021,desk lamp
2026-01-01T00:15:48.650000Z,q0020,electric toothbrush
2026-01-01T00:15:48.750000Z,q0510,white olive oil
2026-01-01T00:15:48.850000Z,q0024,storage basket
2026-01-01T00:15:48.950000Z,q0025,throw blanket
2026-01-01T00:15:49.050000Z,q0032,ceramic mug
2026-01-01T00:15:49.150000Z,q0348,grey plush bear
2026-01-01T00:15:49.250000Z,q0178,blue tool box
2026-01-01T00:15:49.350000Z,q0046,wooden puzzle
2026-01-01T00:15:49.450000Z,q0009,body wash
2026-01-01T00:15:49.550000Z,q0730,Linden usb c charger
2026-01-01T00:15:49.650000Z,q0011,cookbook
2026-01-01T00:15:49.750000Z,q0001,cotton shirt
2026-01-01T00:15:49.850000Z,q0045,running shorts
2026-01-01T00:15:49.950000Z,q0472,white cotton bedding
2026-01-01T00:15:50.050000Z,q0983,archived lunar model 3
2026-01-01T00:15:50.150000Z,q0034,chopping board
2026-01-01T00:15:50.250000Z,q0028,tool box
2026-01-01T00:15:50.350000Z,q0419,red resistance bands
2026-01-01T00:15:50.450000Z,q0007,shampoo
2026-01-01T00:15:50.550000Z,q0018,sleep mask
2026-01-01T00:15:50.650000Z,q0034,chopping board
2026-01-01T00:15:50.750000Z,q0520,white pet blanket
2026-01-01T00:15:50.850000Z,q0975,recycled sticky notes
2026-01-01T00:15:50.950000Z,q0455,white rain jacket
2026-01-01T00:15:51.050000Z,q0011,cookbook
2026-01-01T00:15:51.150000Z,q0035,glass storage jar
2026-01-01T00:15:51.250000Z,q0047,building blocks
2026-01-01T00:15:51.350000Z,q0011,cookbook
2026-01-01T00:15:51.450000Z,q0030,work gloves
2026-01-01T00:15:51.550000Z,q0149,black sketch pad
2026-01-01T00:15:51.650000Z,q0049,craft kit
2026-01-01T00:15:51.750000Z,q0030,work gloves
2026-01-01T00:15:51.850000Z,q0914,recycled gardening book
2026-01-01T00:15:51.950000Z,q0027,paint brush
2026-01-01T00:15:52.050000Z,q0011,cookbook
2026-01-01T00:15:52.150000Z,q0008,hand cream
2026-01-01T00:15:52.250000Z,q0003,denim jeans
2026-01-01T00:15:52.350000Z,q0027,paint brush
2026-01-01T00:15:52.450000Z,q0003,denim jeans
2026-01-01T00:15:52.550000Z,q0040,leather shoes
2026-01-01T00:15:52.650000Z,q0883,cotton herbal tea
2026-01-01T00:15:52.750000Z,q0009,body wash
2026-01-01T00:15:52.850000Z,q0954,recycled smart watch
2026-01-01T00:15:52.950000Z,q0009,body wash
2026-01-01T00:15:53.050000Z,q0020,electric toothbrush
2026-01-01T00:15:53.150000Z,q0006,face moisturiser
2026-01-01T00:15:53.250000Z,q0033,cutlery set
2026-01-01T00:15:53.350000Z,q0002,linen dress
2026-01-01T00:15:53.450000Z,q0003,denim jeans
2026-01-01T00:15:53.550000Z,q0002,linen dress
2026-01-01T00:15:53.650000Z,q0410,red glass storage jar
2026-01-01T00:15:53.750000Z,q0038,sandals
2026-01-01T00:15:53.850000Z,q0011,cookbook
2026-01-01T00:15:53.950000Z,q0001,cotton shirt
2026-01-01T00:15:54.050000Z,q0046,wooden puzzle
2026-01-01T00:15:54.150000Z,q0039,slippers
2026-01-01T00:15:54.250000Z,q0004,wool jumper
2026-01-01T00:15:54.350000Z,q0004,wool jumper
2026-01-01T00:15:54.450000Z,q0253,green tool box
2026-01-01T00:15:54.550000Z,q0010,sunscreen
2026-01-01T00:15:54.650000Z,q0002,linen dress
2026-01-01T00:15:54.750000Z,q0015,crime novel
2026-01-01T00:15:54.850000Z,q0001,cotton shirt
2026-01-01T00:15:54.950000Z,q0031,steel saucepan
2026-01-01T00:15:55.050000Z,q0008,hand cream
2026-01-01T00:15:55.150000Z,q0029,wall shelf
2026-01-01T00:15:55.250000Z,q0338,grey sandals
2026-01-01T00:15:55.350000Z,q0037,walking boots
2026-01-01T00:15:55.450000Z,q0005,rain jacket
2026-01-01T00:15:55.550000Z,q0691,Linden vitamin tablets
2026-01-01T00:15:55.650000Z,q0006,face moisturiser
2026-01-01T00:15:55.750000Z,q0027,paint brush
2026-01-01T00:15:55.850000Z,q0023,bath towel
2026-01-01T00:15:55.950000Z,q0018,sleep mask
2026-01-01T00:15:56.050000Z,q0478,white tool box
2026-01-01T00:15:56.150000Z,q0032,ceramic mug
2026-01-01T00:15:56.250000Z,q0022,cotton bedding
2026-01-01T00:15:56.350000Z,q0019,heat pad
2026-01-01T00:15:56.450000Z,q0934,recycled chopping board
2026-01-01T00:15:56.550000Z,q0692,Linden first aid kit
2026-01-01T00:15:56.650000Z,q0043,water bottle
2026-01-01T00:15:56.750000Z,q0046,wooden puzzle
2026-01-01T00:15:56.850000Z,q0035,glass storage jar
2026-01-01T00:15:56.950000Z,q0123,black plush bear
2026-01-01T00:15:57.050000Z,q0817,Vela cat toy
2026-01-01T00:15:57.150000Z,q0035,glass storage jar
2026-01-01T00:15:57.250000Z,q0048,plush bear
2026-01-01T00:15:57.350000Z,q0031,steel saucepan
2026-01-01T00:15:57.450000Z,q0909,recycled body wash
2026-01-01T00:15:57.550000Z,q0673,Harbour desk organiser
2026-01-01T00:15:57.650000Z,q0474,white storage basket
2026-01-01T00:15:57.750000Z,q0038,sandals
2026-01-01T00:15:57.850000Z,q0095,black electric toothbrush
2026-01-01T00:15:57.950000Z,q0037,walking boots
2026-01-01T00:15:58.050000Z,q0020,electric toothbrush
2026-01-01T00:15:58.150000Z,q0035,glass storage jar
2026-01-01T00:15:58.250000Z,q0040,leather shoes
2026-01-01T00:15:58.350000Z,q0024,storage basket
2026-01-01T00:15:58.450000Z,q0002,linen dress
2026-01-01T00:15:58.550000Z,q0035,glass storage jar
2026-01-01T00:15:58.650000Z,q0016,vitamin tablets
2026-01-01T00:15:58.750000Z,q0458,white hand cream
2026-01-01T00:15:58.850000Z,q0043,water bottle
2026-01-01T00:15:58.950000Z,q0004,wool jumper
2026-01-01T00:15:59.050000Z,q0018,sleep mask
2026-01-01T00:15:59.150000Z,q0035,glass storage jar
2026-01-01T00:15:59.250000Z,q0040,leather shoes
2026-01-01T00:15:59.350000Z,q0890,cotton solar lights
2026-01-01T00:15:59.450000Z,q0312,grey travel guide
2026-01-01T00:15:59.550000Z,q0941,recycled yoga mat
2026-01-01T00:15:59.650000Z,q0024,storage basket
2026-01-01T00:15:59.750000Z,q0504,white smart watch
2026-01-01T00:15:59.850000Z,q0029,wall shelf
2026-01-01T00:15:59.950000Z,q0033,cutlery set
2026-01-01T00:16:00.050000Z,q0050,toy train
2026-01-01T00:16:00.150000Z,q0995,archived lunar model 15
2026-01-01T00:16:00.250000Z,q0033,cutlery set
2026-01-01T00:16:00.350000Z,q0028,tool box
2026-01-01T00:16:00.450000Z,q0890,cotton solar lights
2026-01-01T00:16:00.550000Z,q0011,cookbook
2026-01-01T00:16:00.650000Z,q0018,sleep mask
2026-01-01T00:16:00.750000Z,q0030,work gloves
2026-01-01T00:16:00.850000Z,q0627,Harbour paint brush
2026-01-01T00:16:00.950000Z,q0846,cotton desk lamp
2026-01-01T00:16:01.050000Z,q0530,Alder rain jacket
2026-01-01T00:16:01.150000Z,q0012,travel guide
2026-01-01T00:16:01.250000Z,q0427,red bluetooth speaker
2026-01-01T00:16:01.350000Z,q0005,rain jacket
2026-01-01T00:16:01.450000Z,q0253,green tool box
2026-01-01T00:16:01.550000Z,q0009,body wash
2026-01-01T00:16:01.650000Z,q0460,white sunscreen
2026-01-01T00:16:01.750000Z,q0081,black face moisturiser
2026-01-01T00:16:01.850000Z,q0034,chopping board
2026-01-01T00:16:01.950000Z,q0040,leather shoes
2026-01-01T00:16:02.050000Z,q0006,face moisturiser
2026-01-01T00:16:02.150000Z,q0036,running shoes
2026-01-01T00:16:02.250000Z,q0017,first aid kit
2026-01-01T00:16:02.350000Z,q0700,Linden throw blanket
2026-01-01T00:16:02.450000Z,q0049,craft kit
2026-01-01T00:16:02.550000Z,q0015,crime novel
2026-01-01T00:16:02.650000Z,q0005,rain jacket
2026-01-01T00:16:02.750000Z,q0021,desk lamp
2026-01-01T00:16:02.850000Z,q0003,denim jeans
2026-01-01T00:16:02.950000Z,q0024,storage basket
2026-01-01T00:16:03.050000Z,q0228,green denim jeans
2026-01-01T00:16:03.150000Z,q0021,desk lamp
2026-01-01T00:16:03.250000Z,q0026,cordless drill
2026-01-01T00:16:03.350000Z,q0256,green steel saucepan
2026-01-01T00:16:03.450000Z,q0045,running shorts
2026-01-01T00:16:03.550000Z,q0026,cordless drill
2026-01-01T00:16:03.650000Z,q0108,black cutlery set
2026-01-01T00:16:03.750000Z,q0005,rain jacket
2026-01-01T00:16:03.850000Z,q0993,archived lunar model 13
2026-01-01T00:16:03.950000Z,q0027,paint brush
2026-01-01T00:16:04.050000Z,q0002,linen dress
2026-01-01T00:16:04.150000Z,q0018,sleep mask
2026-01-01T00:16:04.250000Z,q0032,ceramic mug
2026-01-01T00:16:04.350000Z,q0950,recycled toy train
2026-01-01T00:16:04.450000Z,q0046,wooden puzzle
2026-01-01T00:16:04.550000Z,q0961,recycled garden gloves
2026-01-01T00:16:04.650000Z,q0009,body wash
2026-01-01T00:16:04.750000Z,q0184,blue chopping board
2026-01-01T00:16:04.850000Z,q0006,face moisturiser
2026-01-01T00:16:04.950000Z,q0024,storage basket
2026-01-01T00:16:05.050000Z,q0023,bath towel
2026-01-01T00:16:05.150000Z,q0002,linen dress
2026-01-01T00:16:05.250000Z,q0049,craft kit
2026-01-01T00:16:05.350000Z,q0982,archived lunar model 2
2026-01-01T00:16:05.450000Z,q0041,yoga mat
2026-01-01T00:16:05.550000Z,q0726,Linden wireless headphones
2026-01-01T00:16:05.650000Z,q0027,paint brush
2026-01-01T00:16:05.750000Z,q0027,paint brush
2026-01-01T00:16:05.850000Z,q0016,vitamin tablets
2026-01-01T00:16:05.950000Z,q0688,Linden children storybook
2026-01-01T00:16:06.050000Z,q0028,tool box
2026-01-01T00:16:06.150000Z,q0026,cordless drill
2026-01-01T00:16:06.250000Z,q0028,tool box
2026-01-01T00:16:06.350000Z,q0065,solar lights
2026-01-01T00:16:06.450000Z,q0912,recycled travel guide
2026-01-01T00:16:06.550000Z,q0450,red sticky notes
2026-01-01T00:16:06.650000Z,q0033,cutlery set
2026-01-01T00:16:06.750000Z,q0485,white glass storage jar
2026-01-01T00:16:06.850000Z,q0003,denim jeans
2026-01-01T00:16:06.950000Z,q0006,face moisturiser
2026-01-01T00:16:07.050000Z,q0018,sleep mask
2026-01-01T00:16:07.150000Z,q0010,sunscreen
2026-01-01T00:16:07.250000Z,q0010,sunscreen
2026-01-01T00:16:07.350000Z,q0022,cotton bedding
2026-01-01T00:16:07.450000Z,q0048,plush bear
2026-01-01T00:16:07.550000Z,q0017,first aid kit
2026-01-01T00:16:07.650000Z,q0026,cordless drill
2026-01-01T00:16:07.750000Z,q0044,resistance bands
2026-01-01T00:16:07.850000Z,q0859,cotton chopping board
2026-01-01T00:16:07.950000Z,q0009,body wash
2026-01-01T00:16:08.050000Z,q0840,cotton crime novel
2026-01-01T00:16:08.150000Z,q0028,tool box
2026-01-01T00:16:08.250000Z,q0004,wool jumper
2026-01-01T00:16:08.350000Z,q0013,children storybook
2026-01-01T00:16:08.450000Z,q0036,running shoes
2026-01-01T00:16:08.550000Z,q0332,grey ceramic mug
2026-01-01T00:16:08.650000Z,q0008,hand cream
2026-01-01T00:16:08.750000Z,q0004,wool jumper
2026-01-01T00:16:08.850000Z,q0595,Alder pet blanket
2026-01-01T00:16:08.950000Z,q0005,rain jacket
2026-01-01T00:16:09.050000Z,q0046,wooden puzzle
2026-01-01T00:16:09.150000Z,q0141,black dog lead
2026-01-01T00:16:09.250000Z,q0740,Linden solar lights
2026-01-01T00:16:09.350000Z,q0145,black pet blanket
2026-01-01T00:16:09.450000Z,q0021,desk lamp
2026-01-01T00:16:09.550000Z,q0033,cutlery set
2026-01-01T00:16:09.650000Z,q0007,shampoo
2026-01-01T00:16:09.750000Z,q0038,sandals
2026-01-01T00:16:09.850000Z,q0318,grey sleep mask
2026-01-01T00:16:09.950000Z,q0034,chopping board
2026-01-01T00:16:10.050000Z,q0853,cotton tool box
2026-01-01T00:16:10.150000Z,q0034,chopping board
2026-01-01T00:16:10.250000Z,q0156,blue face moisturiser
2026-01-01T00:16:10.350000Z,q0449,red sketch pad
2026-01-01T00:16:10.450000Z,q0591,Alder dog lead
2026-01-01T00:16:10.550000Z,q0042,football
2026-01-01T00:16:10.650000Z,q0036,running shoes
2026-01-01T00:16:10.750000Z,q0022,cotton bedding
2026-01-01T00:16:10.850000Z,q0025,throw blanket
2026-01-01T00:16:10.950000Z,q0006,face moisturiser
2026-01-01T00:16:11.050000Z,q0620,Harbour electric toothbrush
2026-01-01T00:16:11.150000Z,q0354,grey smart watch
2026-01-01T00:16:11.250000Z,q0007,shampoo
2026-01-01T00:16:11.350000Z,q0155,blue rain jacket
2026-01-01T00:16:11.450000Z,q0785,Vela glass storage jar
2026-01-01T00:16:11.550000Z,q0049,craft kit
2026-01-01T00:16:11.650000Z,q0806,Vela breakfast oats
2026-01-01T00:16:11.750000Z,q0033,cutlery set
2026-01-01T00:16:11.850000Z,q0009,body wash
2026-01-01T00:16:11.950000Z,q0049,craft kit
2026-01-01T00:16:12.050000Z,q0010,sunscreen
2026-01-01T00:16:12.150000Z,q0018,sleep mask
2026-01-01T00:16:12.250000Z,q0029,wall shelf
2026-01-01T00:16:12.350000Z,q0016,vitamin tablets
2026-01-01T00:16:12.450000Z,q0020,electric toothbrush
2026-01-01T00:16:12.550000Z,q0905,recycled rain jacket
2026-01-01T00:16:12.650000Z,q0012,travel guide
2026-01-01T00:16:12.750000Z,q0016,vitamin tablets
2026-01-01T00:16:12.850000Z,q0662,Harbour watering can
2026-01-01T00:16:12.950000Z,q0018,sleep mask
2026-01-01T00:16:13.050000Z,q0126,black wireless headphones
2026-01-01T00:16:13.150000Z,q0120,black running shorts
2026-01-01T00:16:13.250000Z,q0021,desk lamp
2026-01-01T00:16:13.350000Z,q0454,white wool jumper
2026-01-01T00:16:13.450000Z,q0048,plush bear
2026-01-01T00:16:13.550000Z,q0016,vitamin tablets
2026-01-01T00:16:13.650000Z,q0612,Harbour travel guide
2026-01-01T00:16:13.750000Z,q0044,resistance bands
2026-01-01T00:16:13.850000Z,q0650,Harbour toy train
2026-01-01T00:16:13.950000Z,q0518,white pet bowl
2026-01-01T00:16:14.050000Z,q0048,plush bear
2026-01-01T00:16:14.150000Z,q0027,paint brush
2026-01-01T00:16:14.250000Z,q0046,wooden puzzle
2026-01-01T00:16:14.350000Z,q0028,tool box
2026-01-01T00:16:14.450000Z,q0710,Linden glass storage jar
2026-01-01T00:16:14.550000Z,q0084,black body wash
2026-01-01T00:16:14.650000Z,q0030,work gloves
2026-01-01T00:16:14.750000Z,q0005,rain jacket
2026-01-01T00:16:14.850000Z,q0047,building blocks
2026-01-01T00:16:14.950000Z,q0034,chopping board
2026-01-01T00:16:15.050000Z,q0328,grey tool box
2026-01-01T00:16:15.150000Z,q0048,plush bear
2026-01-01T00:16:15.250000Z,q0263,green sandals
2026-01-01T00:16:15.350000Z,q0033,cutlery set
2026-01-01T00:16:15.450000Z,q0945,recycled running shorts
2026-01-01T00:16:15.550000Z,q0024,storage basket
2026-01-01T00:16:15.650000Z,q0031,steel saucepan
2026-01-01T00:16:15.750000Z,q0851,cotton cordless drill
2026-01-01T00:16:15.850000Z,q0015,crime novel
2026-01-01T00:16:15.950000Z,q0806,Vela breakfast oats
2026-01-01T00:16:16.050000Z,q0016,vitamin tablets
2026-01-01T00:16:16.150000Z,q0004,wool jumper
2026-01-01T00:16:16.250000Z,q0982,archived lunar model 2
2026-01-01T00:16:16.350000Z,q0013,children storybook
2026-01-01T00:16:16.450000Z,q0015,crime novel
2026-01-01T00:16:16.550000Z,q0031,steel saucepan
2026-01-01T00:16:16.650000Z,q0014,gardening book
2026-01-01T00:16:16.750000Z,q0040,leather shoes
2026-01-01T00:16:16.850000Z,q0050,toy train
2026-01-01T00:16:16.950000Z,q0450,red sticky notes
2026-01-01T00:16:17.050000Z,q0008,hand cream
2026-01-01T00:16:17.150000Z,q0005,rain jacket
2026-01-01T00:16:17.250000Z,q0009,body wash
2026-01-01T00:16:17.350000Z,q0006,face moisturiser
2026-01-01T00:16:17.450000Z,q0007,shampoo
2026-01-01T00:16:17.550000Z,q0165,blue crime novel
2026-01-01T00:16:17.650000Z,q0036,running shoes
2026-01-01T00:16:17.750000Z,q0973,recycled desk organiser
2026-01-01T00:16:17.850000Z,q0029,wall shelf
2026-01-01T00:16:17.950000Z,q0009,body wash
2026-01-01T00:16:18.050000Z,q0047,building blocks
2026-01-01T00:16:18.150000Z,q0027,paint brush
2026-01-01T00:16:18.250000Z,q0021,desk lamp
2026-01-01T00:16:18.350000Z,q0252,green paint brush
2026-01-01T00:16:18.450000Z,q0971,recycled notebook
2026-01-01T00:16:18.550000Z,q0008,hand cream
2026-01-01T00:16:18.650000Z,q0006,face moisturiser
2026-01-01T00:16:18.750000Z,q0481,white steel saucepan
2026-01-01T00:16:18.850000Z,q0007,shampoo
2026-01-01T00:16:18.950000Z,q0026,cordless drill
2026-01-01T00:16:19.050000Z,q0545,Alder electric toothbrush
2026-01-01T00:16:19.150000Z,q0696,Linden desk lamp
2026-01-01T00:16:19.250000Z,q0254,green wall shelf
2026-01-01T00:16:19.350000Z,q0004,wool jumper
2026-01-01T00:16:19.450000Z,q0462,white travel guide
2026-01-01T00:16:19.550000Z,q0016,vitamin tablets
2026-01-01T00:16:19.650000Z,q0007,shampoo
2026-01-01T00:16:19.750000Z,q0017,first aid kit
2026-01-01T00:16:19.850000Z,q0037,walking boots
2026-01-01T00:16:19.950000Z,q0020,electric toothbrush
2026-01-01T00:16:20.050000Z,q0268,green water bottle
2026-01-01T00:16:20.150000Z,q0009,body wash
2026-01-01T00:16:20.250000Z,q0032,ceramic mug
2026-01-01T00:16:20.350000Z,q0006,face moisturiser
2026-01-01T00:16:20.450000Z,q0032,ceramic mug
2026-01-01T00:16:20.550000Z,q0032,ceramic mug
2026-01-01T00:16:20.650000Z,q0738,Linden plant pot
2026-01-01T00:16:20.750000Z,q0344,grey resistance bands
2026-01-01T00:16:20.850000Z,q0750,Linden sticky notes
2026-01-01T00:16:20.950000Z,q0037,walking boots
2026-01-01T00:16:21.050000Z,q0014,gardening book
2026-01-01T00:16:21.150000Z,q0006,face moisturiser
2026-01-01T00:16:21.250000Z,q0024,storage basket
2026-01-01T00:16:21.350000Z,q0142,black cat toy
2026-01-01T00:16:21.450000Z,q0058,herbal tea
2026-01-01T00:16:21.550000Z,q0018,sleep mask
2026-01-01T00:16:21.650000Z,q0027,paint brush
2026-01-01T00:16:21.750000Z,q0403,red tool box
2026-01-01T00:16:21.850000Z,q0889,cotton pruning shears
2026-01-01T00:16:21.950000Z,q0033,cutlery set
2026-01-01T00:16:22.050000Z,q0019,heat pad
2026-01-01T00:16:22.150000Z,q0033,cutlery set
2026-01-01T00:16:22.250000Z,q0025,throw blanket
2026-01-01T00:16:22.350000Z,q0574,Alder craft kit
2026-01-01T00:16:22.450000Z,q0021,desk lamp
2026-01-01T00:16:22.550000Z,q0656,Harbour breakfast oats
2026-01-01T00:16:22.650000Z,q0042,football
2026-01-01T00:16:22.750000Z,q0037,walking boots
2026-01-01T00:16:22.850000Z,q0532,Alder shampoo
2026-01-01T00:16:22.950000Z,q0169,blue heat pad
2026-01-01T00:16:23.050000Z,q0890,cotton solar lights
2026-01-01T00:16:23.150000Z,q0045,running shorts
2026-01-01T00:16:23.250000Z,q0003,denim jeans
2026-01-01T00:16:23.350000Z,q0490,white leather shoes
2026-01-01T00:16:23.450000Z,q0186,blue running shoes
2026-01-01T00:16:23.550000Z,q0847,cotton cotton bedding
2026-01-01T00:16:23.650000Z,q0048,plush bear
2026-01-01T00:16:23.750000Z,q0851,cotton cordless drill
2026-01-01T00:16:23.850000Z,q0033,cutlery set
2026-01-01T00:16:23.950000Z,q0042,football
2026-01-01T00:16:24.050000Z,q0020,electric toothbrush
2026-01-01T00:16:24.150000Z,q0016,vitamin tablets
2026-01-01T00:16:24.250000Z,q0020,electric toothbrush
2026-01-01T00:16:24.350000Z,q0027,paint brush
2026-01-01T00:16:24.450000Z,q0008,hand cream
2026-01-01T00:16:24.550000Z,q0002,linen dress
2026-01-01T00:16:24.650000Z,q0037,walking boots
2026-01-01T00:16:24.750000Z,q0258,green cutlery set
2026-01-01T00:16:24.850000Z,q0224,blue sketch pad
2026-01-01T00:16:24.950000Z,q0346,grey wooden puzzle
2026-01-01T00:16:25.050000Z,q0050,toy train
2026-01-01T00:16:25.150000Z,q0693,Linden sleep mask
2026-01-01T00:16:25.250000Z,q0378,red denim jeans
2026-01-01T00:16:25.350000Z,q0583,Alder herbal tea
2026-01-01T00:16:25.450000Z,q0433,red herbal tea
2026-01-01T00:16:25.550000Z,q0229,green wool jumper
2026-01-01T00:16:25.650000Z,q0033,cutlery set
2026-01-01T00:16:25.750000Z,q0022,cotton bedding
2026-01-01T00:16:25.850000Z,q0559,Alder chopping board
2026-01-01T00:16:25.950000Z,q0027,paint brush
2026-01-01T00:16:26.050000Z,q0033,cutlery set
2026-01-01T00:16:26.150000Z,q0018,sleep mask
2026-01-01T00:16:26.250000Z,q0047,building blocks
2026-01-01T00:16:26.350000Z,q0501,white wireless headphones
2026-01-01T00:16:26.450000Z,q0007,shampoo
2026-01-01T00:16:26.550000Z,q0035,glass storage jar
2026-01-01T00:16:26.650000Z,q0010,sunscreen
2026-01-01T00:16:26.750000Z,q0660,Harbour olive oil
2026-01-01T00:16:26.850000Z,q0030,work gloves
2026-01-01T00:16:26.950000Z,q0033,cutlery set
2026-01-01T00:16:27.050000Z,q0013,children storybook
2026-01-01T00:16:27.150000Z,q0016,vitamin tablets
2026-01-01T00:16:27.250000Z,q0742,Linden cat toy
2026-01-01T00:16:27.350000Z,q0037,walking boots
2026-01-01T00:16:27.450000Z,q0955,recycled usb c charger
2026-01-01T00:16:27.550000Z,q0846,cotton desk lamp
2026-01-01T00:16:27.650000Z,q0871,cotton wooden puzzle
2026-01-01T00:16:27.750000Z,q0656,Harbour breakfast oats
2026-01-01T00:16:27.850000Z,q0011,cookbook
2026-01-01T00:16:27.950000Z,q0002,linen dress
2026-01-01T00:16:28.050000Z,q0482,white ceramic mug
2026-01-01T00:16:28.150000Z,q0010,sunscreen
2026-01-01T00:16:28.250000Z,q0020,electric toothbrush
2026-01-01T00:16:28.350000Z,q0008,hand cream
2026-01-01T00:16:28.450000Z,q0050,toy train
2026-01-01T00:16:28.550000Z,q0701,Linden cordless drill
2026-01-01T00:16:28.650000Z,q0033,cutlery set
2026-01-01T00:16:28.750000Z,q0047,building blocks
2026-01-01T00:16:28.850000Z,q0038,sandals
2026-01-01T00:16:28.950000Z,q0347,grey building blocks
2026-01-01T00:16:29.050000Z,q0553,Alder tool box
2026-01-01T00:16:29.150000Z,q0010,sunscreen
2026-01-01T00:16:29.250000Z,q0639,Harbour slippers
2026-01-01T00:16:29.350000Z,q0405,red work gloves
2026-01-01T00:16:29.450000Z,q0028,tool box
2026-01-01T00:16:29.550000Z,q0045,running shorts
2026-01-01T00:16:29.650000Z,q0036,running shoes
2026-01-01T00:16:29.750000Z,q0196,blue wooden puzzle
2026-01-01T00:16:29.850000Z,q0011,cookbook
2026-01-01T00:16:29.950000Z,q0834,cotton body wash
2026-01-01T00:16:30.050000Z,q0219,blue bird feeder
2026-01-01T00:16:30.150000Z,q0029,wall shelf
2026-01-01T00:16:30.250000Z,q0010,sunscreen
2026-01-01T00:16:30.350000Z,q0048,plush bear
2026-01-01T00:16:30.450000Z,q0044,resistance bands
2026-01-01T00:16:30.550000Z,q0018,sleep mask
2026-01-01T00:16:30.650000Z,q0024,storage basket
2026-01-01T00:16:30.750000Z,q0872,cotton building blocks
2026-01-01T00:16:30.850000Z,q0031,steel saucepan
2026-01-01T00:16:30.950000Z,q0003,denim jeans
2026-01-01T00:16:31.050000Z,q0002,linen dress
2026-01-01T00:16:31.150000Z,q0004,wool jumper
2026-01-01T00:16:31.250000Z,q0489,white slippers
2026-01-01T00:16:31.350000Z,q0003,denim jeans
2026-01-01T00:16:31.450000Z,q0999,archived lunar model 19
2026-01-01T00:16:31.550000Z,q0049,craft kit
2026-01-01T00:16:31.650000Z,q0029,wall shelf
2026-01-01T00:16:31.750000Z,q0444,red bird feeder
2026-01-01T00:16:31.850000Z,q0024,storage basket
2026-01-01T00:16:31.950000Z,q0043,water bottle
2026-01-01T00:16:32.050000Z,q0432,red ground coffee
2026-01-01T00:16:32.150000Z,q0274,green craft kit
2026-01-01T00:16:32.250000Z,q0853,cotton tool box
2026-01-01T00:16:32.350000Z,q0030,work gloves
2026-01-01T00:16:32.450000Z,q0024,storage basket
2026-01-01T00:16:32.550000Z,q0574,Alder craft kit
2026-01-01T00:16:32.650000Z,q0449,red sketch pad
2026-01-01T00:16:32.750000Z,q0032,ceramic mug
2026-01-01T00:16:32.850000Z,q0039,slippers
2026-01-01T00:16:32.950000Z,q0048,plush bear
2026-01-01T00:16:33.050000Z,q0031,steel saucepan
2026-01-01T00:16:33.150000Z,q0922,recycled cotton bedding
2026-01-01T00:16:33.250000Z,q0010,sunscreen
2026-01-01T00:16:33.350000Z,q0041,yoga mat
2026-01-01T00:16:33.450000Z,q0841,cotton vitamin tablets
2026-01-01T00:16:33.550000Z,q0190,blue leather shoes
2026-01-01T00:16:33.650000Z,q0036,running shoes
2026-01-01T00:16:33.750000Z,q0148,black desk organiser
2026-01-01T00:16:33.850000Z,q0016,vitamin tablets
2026-01-01T00:16:33.950000Z,q0718,Linden water bottle
2026-01-01T00:16:34.050000Z,q0633,Harbour cutlery set
2026-01-01T00:16:34.150000Z,q0017,first aid kit
2026-01-01T00:16:34.250000Z,q0046,wooden puzzle
2026-01-01T00:16:34.350000Z,q0983,archived lunar model 3
2026-01-01T00:16:34.450000Z,q0884,cotton pasta sauce
2026-01-01T00:16:34.550000Z,q0981,archived lunar model 1
2026-01-01T00:16:34.650000Z,q0187,blue walking boots
2026-01-01T00:16:34.750000Z,q0461,white cookbook
2026-01-01T00:16:34.850000Z,q0019,heat pad
2026-01-01T00:16:34.950000Z,q0558,Alder cutlery set
2026-01-01T00:16:35.050000Z,q0036,running shoes
2026-01-01T00:16:35.150000Z,q0018,sleep mask
2026-01-01T00:16:35.250000Z,q0887,cotton watering can
2026-01-01T00:16:35.350000Z,q0003,denim jeans
2026-01-01T00:16:35.450000Z,q0034,chopping board
2026-01-01T00:16:35.550000Z,q0142,black cat toy
2026-01-01T00:16:35.650000Z,q0021,desk lamp
2026-01-01T00:16:35.750000Z,q0016,vitamin tablets
2026-01-01T00:16:35.850000Z,q0014,gardening book
2026-01-01T00:16:35.950000Z,q0943,recycled water bottle
2026-01-01T00:16:36.050000Z,q0046,wooden puzzle
2026-01-01T00:16:36.150000Z,q0558,Alder cutlery set
2026-01-01T00:16:36.250000Z,q0048,plush bear
2026-01-01T00:16:36.350000Z,q0027,paint brush
2026-01-01T00:16:36.450000Z,q0007,shampoo
2026-01-01T00:16:36.550000Z,q0574,Alder craft kit
2026-01-01T00:16:36.650000Z,q0050,toy train
2026-01-01T00:16:36.750000Z,q0390,red crime novel
2026-01-01T00:16:36.850000Z,q0047,building blocks
2026-01-01T00:16:36.950000Z,q0217,blue cat toy
2026-01-01T00:16:37.050000Z,q0048,plush bear
2026-01-01T00:16:37.150000Z,q0049,craft kit
2026-01-01T00:16:37.250000Z,q0009,body wash
2026-01-01T00:16:37.350000Z,q0008,hand cream
2026-01-01T00:16:37.450000Z,q0007,shampoo
2026-01-01T00:16:37.550000Z,q0953,recycled tablet
2026-01-01T00:16:37.650000Z,q0047,building blocks
2026-01-01T00:16:37.750000Z,q0005,rain jacket
2026-01-01T00:16:37.850000Z,q0036,running shoes
2026-01-01T00:16:37.950000Z,q0539,Alder gardening book
2026-01-01T00:16:38.050000Z,q0029,wall shelf
2026-01-01T00:16:38.150000Z,q0872,cotton building blocks
2026-01-01T00:16:38.250000Z,q0121,black wooden puzzle
2026-01-01T00:16:38.350000Z,q0011,cookbook
2026-01-01T00:16:38.450000Z,q0016,vitamin tablets
2026-01-01T00:16:38.550000Z,q0009,body wash
2026-01-01T00:16:38.650000Z,q0812,Vela watering can
2026-01-01T00:16:38.750000Z,q0015,crime novel
2026-01-01T00:16:38.850000Z,q0040,leather shoes
2026-01-01T00:16:38.950000Z,q0040,leather shoes
2026-01-01T00:16:39.050000Z,q0860,cotton glass storage jar
2026-01-01T00:16:39.150000Z,q0927,recycled paint brush
2026-01-01T00:16:39.250000Z,q0032,ceramic mug
2026-01-01T00:16:39.350000Z,q0018,sleep mask
2026-01-01T00:16:39.450000Z,q0933,recycled cutlery set
2026-01-01T00:16:39.550000Z,q0744,Linden bird feeder
2026-01-01T00:16:39.650000Z,q0010,sunscreen
2026-01-01T00:16:39.750000Z,q0033,cutlery set
2026-01-01T00:16:39.850000Z,q0038,sandals
2026-01-01T00:16:39.950000Z,q0029,wall shelf
2026-01-01T00:16:40.050000Z,q0011,cookbook
2026-01-01T00:16:40.150000Z,q0504,white smart watch
2026-01-01T00:16:40.250000Z,q0080,black rain jacket
2026-01-01T00:16:40.350000Z,q0025,throw blanket
2026-01-01T00:16:40.450000Z,q0457,white shampoo
2026-01-01T00:16:40.550000Z,q0050,toy train
2026-01-01T00:16:40.650000Z,q0009,body wash
2026-01-01T00:16:40.750000Z,q0342,grey football
2026-01-01T00:16:40.850000Z,q0031,steel saucepan
2026-01-01T00:16:40.950000Z,q0015,crime novel
2026-01-01T00:16:41.050000Z,q0685,Linden sunscreen
2026-01-01T00:16:41.150000Z,q0036,running shoes
2026-01-01T00:16:41.250000Z,q0132,black ground coffee
2026-01-01T00:16:41.350000Z,q0017,first aid kit
2026-01-01T00:16:41.450000Z,q0806,Vela breakfast oats
2026-01-01T00:16:41.550000Z,q0781,Vela steel saucepan
2026-01-01T00:16:41.650000Z,q0016,vitamin tablets
2026-01-01T00:16:41.750000Z,q0035,glass storage jar
2026-01-01T00:16:41.850000Z,q0029,wall shelf
2026-01-01T00:16:41.950000Z,q0034,chopping board
2026-01-01T00:16:42.050000Z,q0015,crime novel
2026-01-01T00:16:42.150000Z,q0023,bath towel
2026-01-01T00:16:42.250000Z,q0769,Vela heat pad
2026-01-01T00:16:42.350000Z,q0021,desk lamp
2026-01-01T00:16:42.450000Z,q0029,wall shelf
2026-01-01T00:16:42.550000Z,q0023,bath towel
2026-01-01T00:16:42.650000Z,q0021,desk lamp
2026-01-01T00:16:42.750000Z,q0170,blue electric toothbrush
2026-01-01T00:16:42.850000Z,q0971,recycled notebook
2026-01-01T00:16:42.950000Z,q0024,storage basket
2026-01-01T00:16:43.056000Z,q0034,chopping board
2026-01-01T00:16:43.167000Z,q0586,Alder garden gloves
2026-01-01T00:16:43.278000Z,q0690,Linden crime novel
2026-01-01T00:16:43.389000Z,q0662,Harbour watering can
2026-01-01T00:16:43.500000Z,q0220,blue pet blanket
2026-01-01T00:16:43.611000Z,q0668,Harbour pet bowl
2026-01-01T00:16:43.722000Z,q0029,wall shelf
2026-01-01T00:16:43.833000Z,q0011,cookbook
2026-01-01T00:16:43.944000Z,q0028,tool box
2026-01-01T00:16:44.056000Z,q0020,electric toothbrush
2026-01-01T00:16:44.167000Z,q0003,denim jeans
2026-01-01T00:16:44.278000Z,q0009,body wash
2026-01-01T00:16:44.389000Z,q0006,face moisturiser
2026-01-01T00:16:44.500000Z,q0049,craft kit
2026-01-01T00:16:44.611000Z,q0034,chopping board
2026-01-01T00:16:44.722000Z,q0025,throw blanket
2026-01-01T00:16:44.833000Z,q0035,glass storage jar
2026-01-01T00:16:44.944000Z,q0008,hand cream
2026-01-01T00:16:45.056000Z,q0011,cookbook
2026-01-01T00:16:45.167000Z,q0018,sleep mask
2026-01-01T00:16:45.278000Z,q0036,running shoes
2026-01-01T00:16:45.389000Z,q0012,travel guide
2026-01-01T00:16:45.500000Z,q0176,blue cordless drill
2026-01-01T00:16:45.611000Z,q0024,storage basket
2026-01-01T00:16:45.722000Z,q0011,cookbook
2026-01-01T00:16:45.833000Z,q0042,football
2026-01-01T00:16:45.944000Z,q0005,rain jacket
2026-01-01T00:16:46.056000Z,q0032,ceramic mug
2026-01-01T00:16:46.167000Z,q0041,yoga mat
2026-01-01T00:16:46.278000Z,q0032,ceramic mug
2026-01-01T00:16:46.389000Z,q0457,white shampoo
2026-01-01T00:16:46.500000Z,q0095,black electric toothbrush
2026-01-01T00:16:46.611000Z,q0016,vitamin tablets
2026-01-01T00:16:46.722000Z,q0736,Linden garden gloves
2026-01-01T00:16:46.833000Z,q0004,wool jumper
2026-01-01T00:16:46.944000Z,q0034,chopping board
2026-01-01T00:16:47.056000Z,q0012,travel guide
2026-01-01T00:16:47.167000Z,q0028,tool box
2026-01-01T00:16:47.278000Z,q0005,rain jacket
2026-01-01T00:16:47.389000Z,q0015,crime novel
2026-01-01T00:16:47.500000Z,q0541,Alder vitamin tablets
2026-01-01T00:16:47.611000Z,q0761,Vela cookbook
2026-01-01T00:16:47.722000Z,q0019,heat pad
2026-01-01T00:16:47.833000Z,q0755,Vela rain jacket
2026-01-01T00:16:47.944000Z,q0011,cookbook
2026-01-01T00:16:48.056000Z,q0005,rain jacket
2026-01-01T00:16:48.167000Z,q0022,cotton bedding
2026-01-01T00:16:48.278000Z,q0046,wooden puzzle
2026-01-01T00:16:48.389000Z,q0736,Linden garden gloves
2026-01-01T00:16:48.500000Z,q0799,Vela craft kit
2026-01-01T00:16:48.611000Z,q0109,black chopping board
2026-01-01T00:16:48.722000Z,q0022,cotton bedding
2026-01-01T00:16:48.833000Z,q0293,green pet bowl
2026-01-01T00:16:48.944000Z,q0688,Linden children storybook
2026-01-01T00:16:49.056000Z,q0045,running shorts
2026-01-01T00:16:49.167000Z,q0030,work gloves
2026-01-01T00:16:49.278000Z,q0434,red pasta sauce
2026-01-01T00:16:49.389000Z,q0013,children storybook
2026-01-01T00:16:49.500000Z,q0182,blue ceramic mug
2026-01-01T00:16:49.611000Z,q0006,face moisturiser
2026-01-01T00:16:49.722000Z,q0022,cotton bedding
2026-01-01T00:16:49.833000Z,q0535,Alder sunscreen
2026-01-01T00:16:49.944000Z,q0041,yoga mat
2026-01-01T00:16:50.056000Z,q0013,children storybook
2026-01-01T00:16:50.167000Z,q0009,body wash
2026-01-01T00:16:50.278000Z,q0027,paint brush
2026-01-01T00:16:50.389000Z,q0016,vitamin tablets
2026-01-01T00:16:50.500000Z,q0763,Vela children storybook
2026-01-01T00:16:50.611000Z,q0026,cordless drill
2026-01-01T00:16:50.722000Z,q0028,tool box
2026-01-01T00:16:50.833000Z,q0047,building blocks
2026-01-01T00:16:50.944000Z,q0035,glass storage jar
2026-01-01T00:16:51.056000Z,q0020,electric toothbrush
2026-01-01T00:16:51.167000Z,q0729,Linden smart watch
2026-01-01T00:16:51.278000Z,q0804,Vela smart watch
2026-01-01T00:16:51.389000Z,q0574,Alder craft kit
2026-01-01T00:16:51.500000Z,q0712,Linden walking boots
2026-01-01T00:16:51.611000Z,q0044,resistance bands
2026-01-01T00:16:51.722000Z,q0049,craft kit
2026-01-01T00:16:51.833000Z,q0006,face moisturiser
2026-01-01T00:16:51.944000Z,q0298,green desk organiser
2026-01-01T00:16:52.056000Z,q0030,work gloves
2026-01-01T00:16:52.167000Z,q0022,cotton bedding
2026-01-01T00:16:52.278000Z,q0018,sleep mask
2026-01-01T00:16:52.389000Z,q0824,Vela sketch pad
2026-01-01T00:16:52.500000Z,q0017,first aid kit
2026-01-01T00:16:52.611000Z,q0391,red vitamin tablets
2026-01-01T00:16:52.722000Z,q0044,resistance bands
2026-01-01T00:16:52.833000Z,q0008,hand cream
2026-01-01T00:16:52.944000Z,q0225,blue sticky notes
2026-01-01T00:16:53.056000Z,q0005,rain jacket
2026-01-01T00:16:53.167000Z,q0013,children storybook
2026-01-01T00:16:53.278000Z,q0019,heat pad
2026-01-01T00:16:53.389000Z,q0008,hand cream
2026-01-01T00:16:53.500000Z,q0026,cordless drill
2026-01-01T00:16:53.611000Z,q0004,wool jumper
2026-01-01T00:16:53.722000Z,q0018,sleep mask
2026-01-01T00:16:53.833000Z,q0803,Vela tablet
2026-01-01T00:16:53.944000Z,q0531,Alder face moisturiser
2026-01-01T00:16:54.056000Z,q0448,red desk organiser
2026-01-01T00:16:54.167000Z,q0778,Vela tool box
2026-01-01T00:16:54.278000Z,q0276,green wireless headphones
2026-01-01T00:16:54.389000Z,q0508,white herbal tea
2026-01-01T00:16:54.500000Z,q0158,blue hand cream
2026-01-01T00:16:54.611000Z,q0450,red sticky notes
2026-01-01T00:16:54.722000Z,q0041,yoga mat
2026-01-01T00:16:54.833000Z,q0322,grey cotton bedding
2026-01-01T00:16:54.944000Z,q0013,children storybook
2026-01-01T00:16:55.056000Z,q0003,denim jeans
2026-01-01T00:16:55.167000Z,q0943,recycled water bottle
2026-01-01T00:16:55.278000Z,q0426,red wireless headphones
2026-01-01T00:16:55.389000Z,q0037,walking boots
2026-01-01T00:16:55.500000Z,q0050,toy train
2026-01-01T00:16:55.611000Z,q0018,sleep mask
2026-01-01T00:16:55.722000Z,q0047,building blocks
2026-01-01T00:16:55.833000Z,q0043,water bottle
2026-01-01T00:16:55.944000Z,q0004,wool jumper
2026-01-01T00:16:56.056000Z,q0029,wall shelf
2026-01-01T00:16:56.167000Z,q0018,sleep mask
2026-01-01T00:16:56.278000Z,q0045,running shorts
2026-01-01T00:16:56.389000Z,q0469,white heat pad
2026-01-01T00:16:56.500000Z,q0033,cutlery set
2026-01-01T00:16:56.611000Z,q0916,recycled vitamin tablets
2026-01-01T00:16:56.722000Z,q0042,football
2026-01-01T00:16:56.833000Z,q0044,resistance bands
2026-01-01T00:16:56.944000Z,q0025,throw blanket
2026-01-01T00:16:57.056000Z,q0046,wooden puzzle
2026-01-01T00:16:57.167000Z,q0033,cutlery set
2026-01-01T00:16:57.278000Z,q0219,blue bird feeder
2026-01-01T00:16:57.389000Z,q0911,recycled cookbook
2026-01-01T00:16:57.500000Z,q0047,building blocks
2026-01-01T00:16:57.611000Z,q0680,Linden rain jacket
2026-01-01T00:16:57.722000Z,q0033,cutlery set
2026-01-01T00:16:57.833000Z,q0038,sandals
2026-01-01T00:16:57.944000Z,q0020,electric toothbrush
2026-01-01T00:16:58.056000Z,q0004,wool jumper
2026-01-01T00:16:58.167000Z,q0333,grey cutlery set
2026-01-01T00:16:58.278000Z,q0805,Vela usb c charger
2026-01-01T00:16:58.389000Z,q0286,green garden gloves
2026-01-01T00:16:58.500000Z,q0014,gardening book
2026-01-01T00:16:58.611000Z,q0021,desk lamp
2026-01-01T00:16:58.722000Z,q0039,slippers
2026-01-01T00:16:58.833000Z,q0015,crime novel
2026-01-01T00:16:58.944000Z,q0018,sleep mask
2026-01-01T00:16:59.056000Z,q0774,Vela storage basket
2026-01-01T00:16:59.167000Z,q0474,white storage basket
2026-01-01T00:16:59.278000Z,q0049,craft kit
2026-01-01T00:16:59.389000Z,q0013,children storybook
2026-01-01T00:16:59.500000Z,q0228,green denim jeans
2026-01-01T00:16:59.611000Z,q0021,desk lamp
2026-01-01T00:16:59.722000Z,q0034,chopping board
2026-01-01T00:16:59.833000Z,q0008,hand cream
2026-01-01T00:16:59.944000Z,q0028,tool box
2026-01-01T00:17:00.056000Z,q0036,running shoes
2026-01-01T00:17:00.167000Z,q0043,water bottle
2026-01-01T00:17:00.278000Z,q0030,work gloves
2026-01-01T00:17:00.389000Z,q0033,cutlery set
2026-01-01T00:17:00.500000Z,q0042,football
2026-01-01T00:17:00.611000Z,q0011,cookbook
2026-01-01T00:17:00.722000Z,q0006,face moisturiser
2026-01-01T00:17:00.833000Z,q0017,first aid kit
2026-01-01T00:17:00.944000Z,q0004,wool jumper
2026-01-01T00:17:01.056000Z,q0022,cotton bedding
2026-01-01T00:17:01.167000Z,q0029,wall shelf
2026-01-01T00:17:01.278000Z,q0035,glass storage jar
2026-01-01T00:17:01.389000Z,q0299,green sketch pad
2026-01-01T00:17:01.500000Z,q0019,heat pad
2026-01-01T00:17:01.611000Z,q0021,desk lamp
2026-01-01T00:17:01.722000Z,q0157,blue shampoo
2026-01-01T00:17:01.833000Z,q0035,glass storage jar
2026-01-01T00:17:01.944000Z,q0008,hand cream
2026-01-01T00:17:02.056000Z,q0015,crime novel
2026-01-01T00:17:02.167000Z,q0025,throw blanket
2026-01-01T00:17:02.278000Z,q0001,cotton shirt
2026-01-01T00:17:02.389000Z,q0040,leather shoes
2026-01-01T00:17:02.500000Z,q0036,running shoes
2026-01-01T00:17:02.611000Z,q0083,black hand cream
2026-01-01T00:17:02.722000Z,q0216,blue dog lead
2026-01-01T00:17:02.833000Z,q0042,football
2026-01-01T00:17:02.944000Z,q0508,white herbal tea
2026-01-01T00:17:03.056000Z,q0041,yoga mat
2026-01-01T00:17:03.167000Z,q0062,watering can
2026-01-01T00:17:03.278000Z,q0024,storage basket
2026-01-01T00:17:03.389000Z,q0047,building blocks
2026-01-01T00:17:03.500000Z,q0038,sandals
2026-01-01T00:17:03.611000Z,q0044,resistance bands
2026-01-01T00:17:03.722000Z,q0025,throw blanket
2026-01-01T00:17:03.833000Z,q0894,cotton bird feeder
2026-01-01T00:17:03.944000Z,q0038,sandals
2026-01-01T00:17:04.056000Z,q0012,travel guide
2026-01-01T00:17:04.167000Z,q0046,wooden puzzle
2026-01-01T00:17:04.278000Z,q0035,glass storage jar
2026-01-01T00:17:04.389000Z,q0020,electric toothbrush
2026-01-01T00:17:04.500000Z,q0043,water bottle
2026-01-01T00:17:04.611000Z,q0024,storage basket
2026-01-01T00:17:04.722000Z,q0016,vitamin tablets
2026-01-01T00:17:04.833000Z,q0024,storage basket
2026-01-01T00:17:04.944000Z,q0021,desk lamp
2026-01-01T00:17:05.062000Z,q0036,running shoes
2026-01-01T00:17:05.188000Z,q0254,green wall shelf
2026-01-01T00:17:05.312000Z,q0011,cookbook
2026-01-01T00:17:05.438000Z,q0789,Vela slippers
2026-01-01T00:17:05.562000Z,q0066,dog lead
2026-01-01T00:17:05.688000Z,q0004,wool jumper
2026-01-01T00:17:05.812000Z,q0025,throw blanket
2026-01-01T00:17:05.938000Z,q0050,toy train
2026-01-01T00:17:06.062000Z,q0024,storage basket
2026-01-01T00:17:06.188000Z,q0033,cutlery set
2026-01-01T00:17:06.312000Z,q0002,linen dress
2026-01-01T00:17:06.438000Z,q0231,green face moisturiser
2026-01-01T00:17:06.562000Z,q0045,running shorts
2026-01-01T00:17:06.688000Z,q0567,Alder football
2026-01-01T00:17:06.812000Z,q0003,denim jeans
2026-01-01T00:17:06.938000Z,q0170,blue electric toothbrush
2026-01-01T00:17:07.062000Z,q0053,tablet
2026-01-01T00:17:07.188000Z,q0430,red usb c charger
2026-01-01T00:17:07.312000Z,q0007,shampoo
2026-01-01T00:17:07.438000Z,q0661,Harbour garden gloves
2026-01-01T00:17:07.562000Z,q0046,wooden puzzle
2026-01-01T00:17:07.688000Z,q0047,building blocks
2026-01-01T00:17:07.812000Z,q0008,hand cream
2026-01-01T00:17:07.938000Z,q0003,denim jeans
2026-01-01T00:17:08.062000Z,q0499,white craft kit
2026-01-01T00:17:08.188000Z,q0042,football
2026-01-01T00:17:08.312000Z,q0029,wall shelf
2026-01-01T00:17:08.438000Z,q0029,wall shelf
2026-01-01T00:17:08.562000Z,q0041,yoga mat
2026-01-01T00:17:08.688000Z,q0017,first aid kit
2026-01-01T00:17:08.812000Z,q0010,sunscreen
2026-01-01T00:17:08.938000Z,q0023,bath towel
2026-01-01T00:17:09.062000Z,q0045,running shorts
2026-01-01T00:17:09.188000Z,q0026,cordless drill
2026-01-01T00:17:09.312000Z,q0025,throw blanket
2026-01-01T00:17:09.438000Z,q0048,plush bear
2026-01-01T00:17:09.562000Z,q0350,grey toy train
2026-01-01T00:17:09.688000Z,q0420,red running shorts
2026-01-01T00:17:09.812000Z,q0031,steel saucepan
2026-01-01T00:17:09.938000Z,q0004,wool jumper
2026-01-01T00:17:10.062000Z,q0013,children storybook
2026-01-01T00:17:10.188000Z,q0018,sleep mask
2026-01-01T00:17:10.312000Z,q0020,electric toothbrush
2026-01-01T00:17:10.438000Z,q0023,bath towel
2026-01-01T00:17:10.562000Z,q0928,recycled tool box
2026-01-01T00:17:10.688000Z,q0011,cookbook
2026-01-01T00:17:10.812000Z,q0045,running shorts
2026-01-01T00:17:10.938000Z,q0182,blue ceramic mug
2026-01-01T00:17:11.062000Z,q0010,sunscreen
2026-01-01T00:17:11.188000Z,q0028,tool box
2026-01-01T00:17:11.312000Z,q0966,recycled dog lead
2026-01-01T00:17:11.438000Z,q0032,ceramic mug
2026-01-01T00:17:11.562000Z,q0044,resistance bands
2026-01-01T00:17:11.688000Z,q0049,craft kit
2026-01-01T00:17:11.812000Z,q0001,cotton shirt
2026-01-01T00:17:11.938000Z,q0016,vitamin tablets
2026-01-01T00:17:12.062000Z,q0030,work gloves
2026-01-01T00:17:12.188000Z,q0604,Harbour wool jumper
2026-01-01T00:17:12.312000Z,q0711,Linden running shoes
2026-01-01T00:17:12.438000Z,q0033,cutlery set
2026-01-01T00:17:12.562000Z,q0025,throw blanket
2026-01-01T00:17:12.688000Z,q0002,linen dress
2026-01-01T00:17:12.812000Z,q0060,olive oil
2026-01-01T00:17:12.938000Z,q0044,resistance bands
2026-01-01T00:17:13.062000Z,q0049,craft kit
2026-01-01T00:17:13.188000Z,q0005,rain jacket
2026-01-01T00:17:13.312000Z,q0026,cordless drill
2026-01-01T00:17:13.438000Z,q0843,cotton sleep mask
2026-01-01T00:17:13.562000Z,q0022,cotton bedding
2026-01-01T00:17:13.688000Z,q0491,white yoga mat
2026-01-01T00:17:13.812000Z,q0710,Linden glass storage jar
2026-01-01T00:17:13.938000Z,q0015,crime novel
2026-01-01T00:17:14.062000Z,q0905,recycled rain jacket
2026-01-01T00:17:14.188000Z,q0331,grey steel saucepan
2026-01-01T00:17:14.312000Z,q0037,walking boots
2026-01-01T00:17:14.438000Z,q0046,wooden puzzle
2026-01-01T00:17:14.562000Z,q0044,resistance bands
2026-01-01T00:17:14.688000Z,q0016,vitamin tablets
2026-01-01T00:17:14.812000Z,q0576,Alder wireless headphones
2026-01-01T00:17:14.938000Z,q0009,body wash
2026-01-01T00:17:15.062000Z,q0467,white first aid kit
2026-01-01T00:17:15.188000Z,q0026,cordless drill
2026-01-01T00:17:15.312000Z,q0037,walking boots
2026-01-01T00:17:15.438000Z,q0609,Harbour body wash
2026-01-01T00:17:15.562000Z,q0036,running shoes
2026-01-01T00:17:15.688000Z,q0044,resistance bands
2026-01-01T00:17:15.812000Z,q0024,storage basket
2026-01-01T00:17:15.938000Z,q0011,cookbook
2026-01-01T00:17:16.062000Z,q0038,sandals
2026-01-01T00:17:16.188000Z,q0499,white craft kit
2026-01-01T00:17:16.312000Z,q0006,face moisturiser
2026-01-01T00:17:16.438000Z,q0039,slippers
2026-01-01T00:17:16.562000Z,q0032,ceramic mug
2026-01-01T00:17:16.688000Z,q0025,throw blanket
2026-01-01T00:17:16.812000Z,q0045,running shorts
2026-01-01T00:17:16.938000Z,q0002,linen dress
2026-01-01T00:17:17.062000Z,q0032,ceramic mug
2026-01-01T00:17:17.188000Z,q0022,cotton bedding
2026-01-01T00:17:17.312000Z,q0007,shampoo
2026-01-01T00:17:17.438000Z,q0257,green ceramic mug
2026-01-01T00:17:17.562000Z,q0382,red shampoo
2026-01-01T00:17:17.688000Z,q0033,cutlery set
2026-01-01T00:17:17.812000Z,q0328,grey tool box
2026-01-01T00:17:17.938000Z,q0914,recycled gardening book
2026-01-01T00:17:18.062000Z,q0028,tool box
2026-01-01T00:17:18.188000Z,q0079,black wool jumper
2026-01-01T00:17:18.312000Z,q0012,travel guide
2026-01-01T00:17:18.438000Z,q0021,desk lamp
2026-01-01T00:17:18.562000Z,q0039,slippers
2026-01-01T00:17:18.688000Z,q0049,craft kit
2026-01-01T00:17:18.812000Z,q0040,leather shoes
2026-01-01T00:17:18.938000Z,q0797,Vela building blocks
2026-01-01T00:17:19.062000Z,q0038,sandals
2026-01-01T00:17:19.188000Z,q0469,white heat pad
2026-01-01T00:17:19.312000Z,q0008,hand cream
2026-01-01T00:17:19.438000Z,q0022,cotton bedding
2026-01-01T00:17:19.562000Z,q0041,yoga mat
2026-01-01T00:17:19.688000Z,q0003,denim jeans
2026-01-01T00:17:19.812000Z,q0029,wall shelf
2026-01-01T00:17:19.938000Z,q0012,travel guide
2026-01-01T00:17:20.062000Z,q0040,leather shoes
2026-01-01T00:17:20.188000Z,q0026,cordless drill
2026-01-01T00:17:20.312000Z,q0035,glass storage jar
2026-01-01T00:17:20.438000Z,q0008,hand cream
2026-01-01T00:17:20.562000Z,q0450,red sticky notes
2026-01-01T00:17:20.688000Z,q0027,paint brush
2026-01-01T00:17:20.812000Z,q0002,linen dress
2026-01-01T00:17:20.938000Z,q0341,grey yoga mat
2026-01-01T00:17:21.062000Z,q0009,body wash
2026-01-01T00:17:21.188000Z,q0048,plush bear
2026-01-01T00:17:21.312000Z,q0399,red storage basket
2026-01-01T00:17:21.438000Z,q0023,bath towel
2026-01-01T00:17:21.562000Z,q0025,throw blanket
2026-01-01T00:17:21.688000Z,q0033,cutlery set
2026-01-01T00:17:21.812000Z,q0011,cookbook
2026-01-01T00:17:21.938000Z,q0764,Vela gardening book
2026-01-01T00:17:22.062000Z,q0014,gardening book
2026-01-01T00:17:22.188000Z,q0001,cotton shirt
2026-01-01T00:17:22.312000Z,q0015,crime novel
2026-01-01T00:17:22.438000Z,q0013,children storybook
2026-01-01T00:17:22.562000Z,q0035,glass storage jar
2026-01-01T00:17:22.688000Z,q0042,football
2026-01-01T00:17:22.812000Z,q0032,ceramic mug
2026-01-01T00:17:22.938000Z,q0693,Linden sleep mask
2026-01-01T00:17:23.071000Z,q0036,running shoes
2026-01-01T00:17:23.214000Z,q0020,electric toothbrush
2026-01-01T00:17:23.357000Z,q0658,Harbour herbal tea
2026-01-01T00:17:23.500000Z,q0039,slippers
2026-01-01T00:17:23.643000Z,q0044,resistance bands
2026-01-01T00:17:23.786000Z,q0019,heat pad
2026-01-01T00:17:23.929000Z,q0611,Harbour cookbook
2026-01-01T00:17:24.071000Z,q0896,cotton notebook
2026-01-01T00:17:24.214000Z,q0040,leather shoes
2026-01-01T00:17:24.357000Z,q0029,wall shelf
2026-01-01T00:17:24.500000Z,q0012,travel guide
2026-01-01T00:17:24.643000Z,q0002,linen dress
2026-01-01T00:17:24.786000Z,q0013,children storybook
2026-01-01T00:17:24.929000Z,q0626,Harbour cordless drill
2026-01-01T00:17:25.071000Z,q0017,first aid kit
2026-01-01T00:17:25.214000Z,q0015,crime novel
2026-01-01T00:17:25.357000Z,q0025,throw blanket
2026-01-01T00:17:25.500000Z,q0796,Vela wooden puzzle
2026-01-01T00:17:25.643000Z,q0001,cotton shirt
2026-01-01T00:17:25.786000Z,q0737,Linden watering can
2026-01-01T00:17:25.929000Z,q0240,green crime novel
2026-01-01T00:17:26.071000Z,q0014,gardening book
2026-01-01T00:17:26.214000Z,q0015,crime novel
2026-01-01T00:17:26.357000Z,q0026,cordless drill
2026-01-01T00:17:26.500000Z,q0017,first aid kit
2026-01-01T00:17:26.643000Z,q0050,toy train
2026-01-01T00:17:26.786000Z,q0002,linen dress
2026-01-01T00:17:26.929000Z,q0138,black plant pot
2026-01-01T00:17:27.071000Z,q0508,white herbal tea
2026-01-01T00:17:27.214000Z,q0036,running shoes
2026-01-01T00:17:27.357000Z,q0245,green electric toothbrush
2026-01-01T00:17:27.500000Z,q0012,travel guide
2026-01-01T00:17:27.643000Z,q0014,gardening book
2026-01-01T00:17:27.786000Z,q0761,Vela cookbook
2026-01-01T00:17:27.929000Z,q0015,crime novel
2026-01-01T00:17:28.071000Z,q0005,rain jacket
2026-01-01T00:17:28.214000Z,q0774,Vela storage basket
2026-01-01T00:17:28.357000Z,q0826,cotton cotton shirt
2026-01-01T00:17:28.500000Z,q0004,wool jumper
2026-01-01T00:17:28.643000Z,q0050,toy train
2026-01-01T00:17:28.786000Z,q0036,running shoes
2026-01-01T00:17:28.929000Z,q0026,cordless drill
2026-01-01T00:17:29.071000Z,q0015,crime novel
2026-01-01T00:17:29.214000Z,q0192,blue football
2026-01-01T00:17:29.357000Z,q0044,resistance bands
2026-01-01T00:17:29.500000Z,q0458,white hand cream
2026-01-01T00:17:29.643000Z,q0194,blue resistance bands
2026-01-01T00:17:29.786000Z,q0025,throw blanket
2026-01-01T00:17:29.929000Z,q0400,red throw blanket
2026-01-01T00:17:30.071000Z,q0045,running shorts
2026-01-01T00:17:30.214000Z,q0036,running shoes
2026-01-01T00:17:30.357000Z,q0039,slippers
2026-01-01T00:17:30.500000Z,q0072,ballpoint pens
2026-01-01T00:17:30.643000Z,q0039,slippers
2026-01-01T00:17:30.786000Z,q0008,hand cream
2026-01-01T00:17:30.929000Z,q0014,gardening book
2026-01-01T00:17:31.071000Z,q0017,first aid kit
2026-01-01T00:17:31.214000Z,q0007,shampoo
2026-01-01T00:17:31.357000Z,q0033,cutlery set
2026-01-01T00:17:31.500000Z,q0025,throw blanket
2026-01-01T00:17:31.643000Z,q0089,black gardening book
2026-01-01T00:17:31.786000Z,q0002,linen dress
2026-01-01T00:17:31.929000Z,q0031,steel saucepan
2026-01-01T00:17:32.071000Z,q0003,denim jeans
2026-01-01T00:17:32.214000Z,q0041,yoga mat
2026-01-01T00:17:32.357000Z,q0244,green heat pad
2026-01-01T00:17:32.500000Z,q0027,paint brush
2026-01-01T00:17:32.643000Z,q0534,Alder body wash
2026-01-01T00:17:32.786000Z,q0041,yoga mat
2026-01-01T00:17:32.929000Z,q0015,crime novel
2026-01-01T00:17:33.071000Z,q0004,wool jumper
2026-01-01T00:17:33.214000Z,q0024,storage basket
2026-01-01T00:17:33.357000Z,q0019,heat pad
2026-01-01T00:17:33.500000Z,q0005,rain jacket
2026-01-01T00:17:33.643000Z,q0025,throw blanket
2026-01-01T00:17:33.786000Z,q0007,shampoo
2026-01-01T00:17:33.929000Z,q0035,glass storage jar
2026-01-01T00:17:34.071000Z,q0013,children storybook
2026-01-01T00:17:34.214000Z,q0025,throw blanket
2026-01-01T00:17:34.357000Z,q0036,running shoes
2026-01-01T00:17:34.500000Z,q0026,cordless drill
2026-01-01T00:17:34.643000Z,q0030,work gloves
2026-01-01T00:17:34.786000Z,q0132,black ground coffee
2026-01-01T00:17:34.929000Z,q0033,cutlery set
2026-01-01T00:17:35.071000Z,q0047,building blocks
2026-01-01T00:17:35.214000Z,q0037,walking boots
2026-01-01T00:17:35.357000Z,q0334,grey chopping board
2026-01-01T00:17:35.500000Z,q0179,blue wall shelf
2026-01-01T00:17:35.643000Z,q0703,Linden tool box
2026-01-01T00:17:35.786000Z,q0569,Alder resistance bands
2026-01-01T00:17:35.929000Z,q0782,Vela ceramic mug
2026-01-01T00:17:36.071000Z,q0007,shampoo
2026-01-01T00:17:36.214000Z,q0680,Linden rain jacket
2026-01-01T00:17:36.357000Z,q0481,white steel saucepan
2026-01-01T00:17:36.500000Z,q0677,Linden linen dress
2026-01-01T00:17:36.643000Z,q0008,hand cream
2026-01-01T00:17:36.786000Z,q0005,rain jacket
2026-01-01T00:17:36.929000Z,q0033,cutlery set
2026-01-01T00:17:37.071000Z,q0028,tool box
2026-01-01T00:17:37.214000Z,q0046,wooden puzzle
2026-01-01T00:17:37.357000Z,q0379,red wool jumper
2026-01-01T00:17:37.500000Z,q0045,running shorts
2026-01-01T00:17:37.643000Z,q0041,yoga mat
2026-01-01T00:17:37.786000Z,q0568,Alder water bottle
2026-01-01T00:17:37.929000Z,q0193,blue water bottle
2026-01-01T00:17:38.083000Z,q0232,green shampoo
2026-01-01T00:17:38.250000Z,q0701,Linden cordless drill
2026-01-01T00:17:38.417000Z,q0056,breakfast oats
2026-01-01T00:17:38.583000Z,q0033,cutlery set
2026-01-01T00:17:38.750000Z,q0029,wall shelf
2026-01-01T00:17:38.917000Z,q0035,glass storage jar
2026-01-01T00:17:39.083000Z,q0015,crime novel
2026-01-01T00:17:39.250000Z,q0037,walking boots
2026-01-01T00:17:39.417000Z,q0037,walking boots
2026-01-01T00:17:39.583000Z,q0009,body wash
2026-01-01T00:17:39.750000Z,q0049,craft kit
2026-01-01T00:17:39.917000Z,q0482,white ceramic mug
2026-01-01T00:17:40.083000Z,q0982,archived lunar model 2
2026-01-01T00:17:40.250000Z,q0672,Harbour ballpoint pens
2026-01-01T00:17:40.417000Z,q0791,Vela yoga mat
2026-01-01T00:17:40.583000Z,q0046,wooden puzzle
2026-01-01T00:17:40.750000Z,q0034,chopping board
2026-01-01T00:17:40.917000Z,q0409,red chopping board
2026-01-01T00:17:41.083000Z,q0048,plush bear
2026-01-01T00:17:41.250000Z,q0028,tool box
2026-01-01T00:17:41.417000Z,q0418,red water bottle
2026-01-01T00:17:41.583000Z,q0042,football
2026-01-01T00:17:41.750000Z,q0302,grey linen dress
2026-01-01T00:17:41.917000Z,q0945,recycled running shorts
2026-01-01T00:17:42.083000Z,q0021,desk lamp
2026-01-01T00:17:42.250000Z,q0045,running shorts
2026-01-01T00:17:42.417000Z,q0493,white water bottle
2026-01-01T00:17:42.583000Z,q0002,linen dress
2026-01-01T00:17:42.750000Z,q0045,running shorts
2026-01-01T00:17:42.917000Z,q0032,ceramic mug
2026-01-01T00:17:43.083000Z,q0002,linen dress
2026-01-01T00:17:43.250000Z,q0110,black glass storage jar
2026-01-01T00:17:43.417000Z,q0050,toy train
2026-01-01T00:17:43.583000Z,q0767,Vela first aid kit
2026-01-01T00:17:43.750000Z,q0043,water bottle
2026-01-01T00:17:43.917000Z,q0036,running shoes
2026-01-01T00:17:44.083000Z,q0035,glass storage jar
2026-01-01T00:17:44.250000Z,q0250,green throw blanket
2026-01-01T00:17:44.417000Z,q0011,cookbook
2026-01-01T00:17:44.583000Z,q0744,Linden bird feeder
2026-01-01T00:17:44.750000Z,q0243,green sleep mask
2026-01-01T00:17:44.917000Z,q0043,water bottle
2026-01-01T00:17:45.083000Z,q0040,leather shoes
2026-01-01T00:17:45.250000Z,q0007,shampoo
2026-01-01T00:17:45.417000Z,q0223,blue desk organiser
2026-01-01T00:17:45.583000Z,q0044,resistance bands
2026-01-01T00:17:45.750000Z,q0057,ground coffee
2026-01-01T00:17:45.917000Z,q0028,tool box
2026-01-01T00:17:46.083000Z,q0003,denim jeans
2026-01-01T00:17:46.250000Z,q0784,Vela chopping board
2026-01-01T00:17:46.417000Z,q0033,cutlery set
2026-01-01T00:17:46.583000Z,q0012,travel guide
2026-01-01T00:17:46.750000Z,q0766,Vela vitamin tablets
2026-01-01T00:17:46.917000Z,q0048,plush bear
2026-01-01T00:17:47.083000Z,q0817,Vela cat toy
2026-01-01T00:17:47.250000Z,q0042,football
2026-01-01T00:17:47.417000Z,q0011,cookbook
2026-01-01T00:17:47.583000Z,q0095,black electric toothbrush
2026-01-01T00:17:47.750000Z,q0018,sleep mask
2026-01-01T00:17:47.917000Z,q0039,slippers
2026-01-01T00:17:48.083000Z,q0022,cotton bedding
2026-01-01T00:17:48.250000Z,q0029,wall shelf
2026-01-01T00:17:48.417000Z,q0084,black body wash
2026-01-01T00:17:48.583000Z,q0009,body wash
2026-01-01T00:17:48.750000Z,q0021,desk lamp
2026-01-01T00:17:48.917000Z,q0035,glass storage jar
2026-01-01T00:17:49.083000Z,q0030,work gloves
2026-01-01T00:17:49.250000Z,q0048,plush bear
2026-01-01T00:17:49.417000Z,q0008,hand cream
2026-01-01T00:17:49.583000Z,q0010,sunscreen
2026-01-01T00:17:49.750000Z,q0036,running shoes
2026-01-01T00:17:49.917000Z,q0840,cotton crime novel
2026-01-01T00:17:50.083000Z,q0921,recycled desk lamp
2026-01-01T00:17:50.250000Z,q0048,plush bear
2026-01-01T00:17:50.417000Z,q0045,running shorts
2026-01-01T00:17:50.583000Z,q0866,cotton yoga mat
2026-01-01T00:17:50.750000Z,q0824,Vela sketch pad
2026-01-01T00:17:50.917000Z,q0020,electric toothbrush
2026-01-01T00:17:51.083000Z,q0029,wall shelf
2026-01-01T00:17:51.250000Z,q0024,storage basket
2026-01-01T00:17:51.417000Z,q0764,Vela gardening book
2026-01-01T00:17:51.583000Z,q0022,cotton bedding
2026-01-01T00:17:51.750000Z,q0007,shampoo
2026-01-01T00:17:51.917000Z,q0815,Vela solar lights
2026-01-01T00:17:52.083000Z,q0036,running shoes
2026-01-01T00:17:52.250000Z,q0733,Linden herbal tea
2026-01-01T00:17:52.417000Z,q0045,running shorts
2026-01-01T00:17:52.583000Z,q0002,linen dress
2026-01-01T00:17:52.750000Z,q0423,red plush bear
2026-01-01T00:17:52.917000Z,q0041,yoga mat
2026-01-01T00:17:53.083000Z,q0043,water bottle
2026-01-01T00:17:53.250000Z,q0019,heat pad
2026-01-01T00:17:53.417000Z,q0004,wool jumper
2026-01-01T00:17:53.583000Z,q0739,Linden pruning shears
2026-01-01T00:17:53.750000Z,q0148,black desk organiser
2026-01-01T00:17:53.917000Z,q0027,paint brush
2026-01-01T00:17:54.083000Z,q0005,rain jacket
2026-01-01T00:17:54.250000Z,q0001,cotton shirt
2026-01-01T00:17:54.417000Z,q0811,Vela garden gloves
2026-01-01T00:17:54.583000Z,q0682,Linden shampoo
2026-01-01T00:17:54.750000Z,q0042,football
2026-01-01T00:17:54.917000Z,q0346,grey wooden puzzle
2026-01-01T00:17:55.083000Z,q0025,throw blanket
2026-01-01T00:17:55.250000Z,q0038,sandals
2026-01-01T00:17:55.417000Z,q0881,cotton breakfast oats
2026-01-01T00:17:55.583000Z,q0024,storage basket
2026-01-01T00:17:55.750000Z,q0026,cordless drill
2026-01-01T00:17:55.917000Z,q0363,grey plant pot
2026-01-01T00:17:56.100000Z,q0018,sleep mask
2026-01-01T00:17:56.300000Z,q0049,craft kit
2026-01-01T00:17:56.500000Z,q0026,cordless drill
2026-01-01T00:17:56.700000Z,q0608,Harbour hand cream
2026-01-01T00:17:56.900000Z,q0048,plush bear
2026-01-01T00:17:57.100000Z,q0049,craft kit
2026-01-01T00:17:57.300000Z,q0013,children storybook
2026-01-01T00:17:57.500000Z,q0045,running shorts
2026-01-01T00:17:57.700000Z,q0048,plush bear
2026-01-01T00:17:57.900000Z,q0027,paint brush
2026-01-01T00:17:58.100000Z,q0016,vitamin tablets
2026-01-01T00:17:58.300000Z,q0032,ceramic mug
2026-01-01T00:17:58.500000Z,q0447,red ballpoint pens
2026-01-01T00:17:58.700000Z,q0043,water bottle
2026-01-01T00:17:58.900000Z,q0486,white running shoes
2026-01-01T00:17:59.100000Z,q0838,cotton children storybook
2026-01-01T00:17:59.300000Z,q0030,work gloves
2026-01-01T00:17:59.500000Z,q0022,cotton bedding
2026-01-01T00:17:59.700000Z,q0023,bath towel
2026-01-01T00:17:59.900000Z,q0023,bath towel
2026-01-01T00:18:00.050000Z,q0031,steel saucepan
2026-01-01T00:18:00.150000Z,q0536,Alder cookbook
2026-01-01T00:18:00.250000Z,q0172,blue cotton bedding
2026-01-01T00:18:00.350000Z,q0045,running shorts
2026-01-01T00:18:00.450000Z,q0025,throw blanket
2026-01-01T00:18:00.550000Z,q0902,recycled linen dress
2026-01-01T00:18:00.650000Z,q0020,electric toothbrush
2026-01-01T00:18:00.750000Z,q0041,yoga mat
2026-01-01T00:18:00.850000Z,q0046,wooden puzzle
2026-01-01T00:18:00.950000Z,q0011,cookbook
2026-01-01T00:18:01.050000Z,q0015,crime novel
2026-01-01T00:18:01.150000Z,q0052,bluetooth speaker
2026-01-01T00:18:01.250000Z,q0029,wall shelf
2026-01-01T00:18:01.350000Z,q0006,face moisturiser
2026-01-01T00:18:01.450000Z,q0037,walking boots
2026-01-01T00:18:01.550000Z,q0020,electric toothbrush
2026-01-01T00:18:01.650000Z,q0027,paint brush
2026-01-01T00:18:01.750000Z,q0705,Linden work gloves
2026-01-01T00:18:01.850000Z,q0742,Linden cat toy
2026-01-01T00:18:01.950000Z,q0002,linen dress
2026-01-01T00:18:02.050000Z,q0491,white yoga mat
2026-01-01T00:18:02.150000Z,q0001,cotton shirt
2026-01-01T00:18:02.250000Z,q0323,grey bath towel
2026-01-01T00:18:02.350000Z,q0040,leather shoes
2026-01-01T00:18:02.450000Z,q0031,steel saucepan
2026-01-01T00:18:02.550000Z,q0072,ballpoint pens
2026-01-01T00:18:02.650000Z,q0007,shampoo
2026-01-01T00:18:02.750000Z,q0753,Vela denim jeans
2026-01-01T00:18:02.850000Z,q0014,gardening book
2026-01-01T00:18:02.950000Z,q0023,bath towel
2026-01-01T00:18:03.050000Z,q0039,slippers
2026-01-01T00:18:03.150000Z,q0007,shampoo
2026-01-01T00:18:03.250000Z,q0025,throw blanket
2026-01-01T00:18:03.350000Z,q0646,Harbour wooden puzzle
2026-01-01T00:18:03.450000Z,q0033,cutlery set
2026-01-01T00:18:03.550000Z,q0970,recycled pet blanket
2026-01-01T00:18:03.650000Z,q0033,cutlery set
2026-01-01T00:18:03.750000Z,q0013,children storybook
2026-01-01T00:18:03.850000Z,q0968,recycled pet bowl
2026-01-01T00:18:03.950000Z,q0495,white running shorts
2026-01-01T00:18:04.050000Z,q0032,ceramic mug
2026-01-01T00:18:04.150000Z,q0032,ceramic mug
2026-01-01T00:18:04.250000Z,q0040,leather shoes
2026-01-01T00:18:04.350000Z,q0040,leather shoes
2026-01-01T00:18:04.450000Z,q0462,white travel guide
2026-01-01T00:18:04.550000Z,q0174,blue storage basket
2026-01-01T00:18:04.650000Z,q0412,red walking boots
2026-01-01T00:18:04.750000Z,q0006,face moisturiser
2026-01-01T00:18:04.850000Z,q0007,shampoo
2026-01-01T00:18:04.950000Z,q0045,running shorts
2026-01-01T00:18:05.050000Z,q0030,work gloves
2026-01-01T00:18:05.150000Z,q0049,craft kit
2026-01-01T00:18:05.250000Z,q0011,cookbook
2026-01-01T00:18:05.350000Z,q0036,running shoes
2026-01-01T00:18:05.450000Z,q0010,sunscreen
2026-01-01T00:18:05.550000Z,q0046,wooden puzzle
2026-01-01T00:18:05.650000Z,q0030,work gloves
2026-01-01T00:18:05.750000Z,q0001,cotton shirt
2026-01-01T00:18:05.850000Z,q0229,green wool jumper
2026-01-01T00:18:05.950000Z,q0014,gardening book
2026-01-01T00:18:06.050000Z,q0052,bluetooth speaker
2026-01-01T00:18:06.150000Z,q0042,football
2026-01-01T00:18:06.250000Z,q0043,water bottle
2026-01-01T00:18:06.350000Z,q0679,Linden wool jumper
2026-01-01T00:18:06.450000Z,q0991,archived lunar model 11
2026-01-01T00:18:06.550000Z,q0002,linen dress
2026-01-01T00:18:06.650000Z,q0013,children storybook
2026-01-01T00:18:06.750000Z,q0011,cookbook
2026-01-01T00:18:06.850000Z,q0007,shampoo
2026-01-01T00:18:06.950000Z,q0006,face moisturiser
2026-01-01T00:18:07.050000Z,q0038,sandals
2026-01-01T00:18:07.150000Z,q0027,paint brush
2026-01-01T00:18:07.250000Z,q0018,sleep mask
2026-01-01T00:18:07.350000Z,q0033,cutlery set
2026-01-01T00:18:07.450000Z,q0001,cotton shirt
2026-01-01T00:18:07.550000Z,q0023,bath towel
2026-01-01T00:18:07.650000Z,q0723,Linden plush bear
2026-01-01T00:18:07.750000Z,q0006,face moisturiser
2026-01-01T00:18:07.850000Z,q0033,cutlery set
2026-01-01T00:18:07.950000Z,q0019,heat pad
2026-01-01T00:18:08.050000Z,q0043,water bottle
2026-01-01T00:18:08.150000Z,q0153,blue denim jeans
2026-01-01T00:18:08.250000Z,q0019,heat pad
2026-01-01T00:18:08.350000Z,q0039,slippers
2026-01-01T00:18:08.450000Z,q0868,cotton water bottle
2026-01-01T00:18:08.550000Z,q0011,cookbook
2026-01-01T00:18:08.650000Z,q0033,cutlery set
2026-01-01T00:18:08.750000Z,q0030,work gloves
2026-01-01T00:18:08.850000Z,q0006,face moisturiser
2026-01-01T00:18:08.950000Z,q0403,red tool box
2026-01-01T00:18:09.050000Z,q0025,throw blanket
2026-01-01T00:18:09.150000Z,q0021,desk lamp
2026-01-01T00:18:09.250000Z,q0766,Vela vitamin tablets
2026-01-01T00:18:09.350000Z,q0044,resistance bands
2026-01-01T00:18:09.450000Z,q0021,desk lamp
2026-01-01T00:18:09.550000Z,q0004,wool jumper
2026-01-01T00:18:09.650000Z,q0500,white toy train
2026-01-01T00:18:09.750000Z,q0044,resistance bands
2026-01-01T00:18:09.850000Z,q0003,denim jeans
2026-01-01T00:18:09.950000Z,q0028,tool box
2026-01-01T00:18:10.100000Z,q0011,cookbook
2026-01-01T00:18:10.300000Z,q0026,cordless drill
2026-01-01T00:18:10.500000Z,q0028,tool box
2026-01-01T00:18:10.700000Z,q0039,slippers
2026-01-01T00:18:10.900000Z,q0004,wool jumper
2026-01-01T00:18:11.100000Z,q0037,walking boots
2026-01-01T00:18:11.300000Z,q0007,shampoo
2026-01-01T00:18:11.500000Z,q0092,black first aid kit
2026-01-01T00:18:11.700000Z,q0027,paint brush
2026-01-01T00:18:11.900000Z,q0001,cotton shirt
2026-01-01T00:18:12.100000Z,q0050,toy train
2026-01-01T00:18:12.300000Z,q0036,running shoes
2026-01-01T00:18:12.500000Z,q0005,rain jacket
2026-01-01T00:18:12.700000Z,q0041,yoga mat
2026-01-01T00:18:12.900000Z,q0042,football
2026-01-01T00:18:13.100000Z,q0034,chopping board
2026-01-01T00:18:13.300000Z,q0020,electric toothbrush
2026-01-01T00:18:13.500000Z,q0010,sunscreen
2026-01-01T00:18:13.700000Z,q0005,rain jacket
2026-01-01T00:18:13.900000Z,q0049,craft kit
2026-01-01T00:18:14.100000Z,q0025,throw blanket
2026-01-01T00:18:14.300000Z,q0042,football
2026-01-01T00:18:14.500000Z,q0036,running shoes
2026-01-01T00:18:14.700000Z,q0015,crime novel
2026-01-01T00:18:14.900000Z,q0002,linen dress
2026-01-01T00:18:15.100000Z,q0018,sleep mask
2026-01-01T00:18:15.300000Z,q0011,cookbook
2026-01-01T00:18:15.500000Z,q0028,tool box
2026-01-01T00:18:15.700000Z,q0031,steel saucepan
2026-01-01T00:18:15.900000Z,q0876,cotton wireless headphones
2026-01-01T00:18:16.100000Z,q0926,recycled cordless drill
2026-01-01T00:18:16.300000Z,q0076,black cotton shirt
2026-01-01T00:18:16.500000Z,q0024,storage basket
2026-01-01T00:18:16.700000Z,q0050,toy train
2026-01-01T00:18:16.900000Z,q0035,glass storage jar
2026-01-01T00:18:17.100000Z,q0025,throw blanket
2026-01-01T00:18:17.300000Z,q0031,steel saucepan
2026-01-01T00:18:17.500000Z,q0034,chopping board
2026-01-01T00:18:17.700000Z,q0609,Harbour body wash
2026-01-01T00:18:17.900000Z,q0002,linen dress
2026-01-01T00:18:18.125000Z,q0045,running shorts
2026-01-01T00:18:18.375000Z,q0520,white pet blanket
2026-01-01T00:18:18.625000Z,q0397,red cotton bedding
2026-01-01T00:18:18.875000Z,q0037,walking boots
2026-01-01T00:18:19.125000Z,q0889,cotton pruning shears
2026-01-01T00:18:19.375000Z,q0498,white plush bear
2026-01-01T00:18:19.625000Z,q0022,cotton bedding
2026-01-01T00:18:19.875000Z,q0759,Vela body wash
2026-01-01T00:18:20.125000Z,q0018,sleep mask
2026-01-01T00:18:20.375000Z,q0616,Harbour vitamin tablets
2026-01-01T00:18:20.625000Z,q0008,hand cream
2026-01-01T00:18:20.875000Z,q0012,travel guide
2026-01-01T00:18:21.125000Z,q0008,hand cream
2026-01-01T00:18:21.375000Z,q0009,body wash
2026-01-01T00:18:21.625000Z,q0906,recycled face moisturiser
2026-01-01T00:18:21.875000Z,q0309,grey body wash
2026-01-01T00:18:22.125000Z,q0009,body wash
2026-01-01T00:18:22.375000Z,q0034,chopping board
2026-01-01T00:18:22.625000Z,q0013,children storybook
2026-01-01T00:18:22.875000Z,q0116,black yoga mat
2026-01-01T00:18:23.125000Z,q0986,archived lunar model 6
2026-01-01T00:18:23.375000Z,q0512,white watering can
2026-01-01T00:18:23.625000Z,q0010,sunscreen
2026-01-01T00:18:23.875000Z,q0007,shampoo
2026-01-01T00:18:24.125000Z,q0279,green smart watch
2026-01-01T00:18:24.375000Z,q0143,black pet bowl
2026-01-01T00:18:24.625000Z,q0906,recycled face moisturiser
2026-01-01T00:18:24.875000Z,q0042,football
2026-01-01T00:18:25.125000Z,q0031,steel saucepan
2026-01-01T00:18:25.375000Z,q0796,Vela wooden puzzle
2026-01-01T00:18:25.625000Z,q0018,sleep mask
2026-01-01T00:18:25.875000Z,q0031,steel saucepan
2026-01-01T00:18:26.125000Z,q0292,green cat toy
2026-01-01T00:18:26.375000Z,q0016,vitamin tablets
2026-01-01T00:18:26.625000Z,q0018,sleep mask
2026-01-01T00:18:26.875000Z,q0056,breakfast oats
2026-01-01T00:18:27.125000Z,q0020,electric toothbrush
2026-01-01T00:18:27.375000Z,q0007,shampoo
2026-01-01T00:18:27.625000Z,q0012,travel guide
2026-01-01T00:18:27.875000Z,q0200,blue toy train
2026-01-01T00:18:28.125000Z,q0001,cotton shirt
2026-01-01T00:18:28.375000Z,q0542,Alder first aid kit
2026-01-01T00:18:28.625000Z,q0005,rain jacket
2026-01-01T00:18:28.875000Z,q0034,chopping board
2026-01-01T00:18:29.125000Z,q0038,sandals
2026-01-01T00:18:29.375000Z,q0050,toy train
2026-01-01T00:18:29.625000Z,q0002,linen dress
2026-01-01T00:18:29.875000Z,q0040,leather shoes
2026-01-01T00:18:30.125000Z,q0547,Alder cotton bedding
2026-01-01T00:18:30.375000Z,q0033,cutlery set
2026-01-01T00:18:30.625000Z,q0003,denim jeans
2026-01-01T00:18:30.875000Z,q0010,sunscreen
2026-01-01T00:18:31.125000Z,q0012,travel guide
2026-01-01T00:18:31.375000Z,q0042,football
2026-01-01T00:18:31.625000Z,q0027,paint brush
2026-01-01T00:18:31.875000Z,q0050,toy train
2026-01-01T00:18:32.125000Z,q0957,recycled ground coffee
2026-01-01T00:18:32.375000Z,q0020,electric toothbrush
2026-01-01T00:18:32.625000Z,q0026,cordless drill
2026-01-01T00:18:32.875000Z,q0024,storage basket
2026-01-01T00:18:33.125000Z,q0033,cutlery set
2026-01-01T00:18:33.375000Z,q0142,black cat toy
2026-01-01T00:18:33.625000Z,q0030,work gloves
2026-01-01T00:18:33.875000Z,q0679,Linden wool jumper
2026-01-01T00:18:34.125000Z,q0027,paint brush
2026-01-01T00:18:34.375000Z,q0034,chopping board
2026-01-01T00:18:34.625000Z,q0031,steel saucepan
2026-01-01T00:18:34.875000Z,q0026,cordless drill
2026-01-01T00:18:35.125000Z,q0916,recycled vitamin tablets
2026-01-01T00:18:35.375000Z,q0480,white work gloves
2026-01-01T00:18:35.625000Z,q0655,Harbour usb c charger
2026-01-01T00:18:35.875000Z,q0007,shampoo
2026-01-01T00:18:36.125000Z,q0001,cotton shirt
2026-01-01T00:18:36.375000Z,q0027,paint brush
2026-01-01T00:18:36.625000Z,q0642,Harbour football
2026-01-01T00:18:36.875000Z,q0208,blue herbal tea
2026-01-01T00:18:37.125000Z,q0013,children storybook
2026-01-01T00:18:37.375000Z,q0207,blue ground coffee
2026-01-01T00:18:37.625000Z,q0044,resistance bands
2026-01-01T00:18:37.875000Z,q0027,paint brush
2026-01-01T00:18:38.125000Z,q0029,wall shelf
2026-01-01T00:18:38.375000Z,q0035,glass storage jar
2026-01-01T00:18:38.625000Z,q0005,rain jacket
2026-01-01T00:18:38.875000Z,q0050,toy train
2026-01-01T00:18:39.125000Z,q0016,vitamin tablets
2026-01-01T00:18:39.375000Z,q0678,Linden denim jeans
2026-01-01T00:18:39.625000Z,q0449,red sketch pad
2026-01-01T00:18:39.875000Z,q0047,building blocks
2026-01-01T00:18:40.125000Z,q0027,paint brush
2026-01-01T00:18:40.375000Z,q0024,storage basket
2026-01-01T00:18:40.625000Z,q0019,heat pad
2026-01-01T00:18:40.875000Z,q0035,glass storage jar
2026-01-01T00:18:41.125000Z,q0006,face moisturiser
2026-01-01T00:18:41.375000Z,q0004,wool jumper
2026-01-01T00:18:41.625000Z,q0012,travel guide
2026-01-01T00:18:41.875000Z,q0021,desk lamp
2026-01-01T00:18:42.125000Z,q0012,travel guide
2026-01-01T00:18:42.375000Z,q0027,paint brush
2026-01-01T00:18:42.625000Z,q0005,rain jacket
2026-01-01T00:18:42.875000Z,q0024,storage basket
2026-01-01T00:18:43.125000Z,q0015,crime novel
2026-01-01T00:18:43.375000Z,q0001,cotton shirt
2026-01-01T00:18:43.625000Z,q0133,black herbal tea
2026-01-01T00:18:43.875000Z,q0008,hand cream
2026-01-01T00:18:44.125000Z,q0029,wall shelf
2026-01-01T00:18:44.375000Z,q0016,vitamin tablets
2026-01-01T00:18:44.625000Z,q0040,leather shoes
2026-01-01T00:18:44.875000Z,q0918,recycled sleep mask
2026-01-01T00:18:45.125000Z,q1000,archived lunar model 20
2026-01-01T00:18:45.375000Z,q0742,Linden cat toy
2026-01-01T00:18:45.625000Z,q0046,wooden puzzle
2026-01-01T00:18:45.875000Z,q0005,rain jacket
2026-01-01T00:18:46.125000Z,q0022,cotton bedding
2026-01-01T00:18:46.375000Z,q0803,Vela tablet
2026-01-01T00:18:46.625000Z,q0019,heat pad
2026-01-01T00:18:46.875000Z,q0965,recycled solar lights
2026-01-01T00:18:47.125000Z,q0008,hand cream
2026-01-01T00:18:47.375000Z,q0048,plush bear
2026-01-01T00:18:47.625000Z,q0049,craft kit
2026-01-01T00:18:47.875000Z,q0026,cordless drill
2026-01-01T00:18:48.125000Z,q0030,work gloves
2026-01-01T00:18:48.375000Z,q0275,green toy train
2026-01-01T00:18:48.625000Z,q0642,Harbour football
2026-01-01T00:18:48.875000Z,q0001,cotton shirt
2026-01-01T00:18:49.125000Z,q0876,cotton wireless headphones
2026-01-01T00:18:49.375000Z,q0041,yoga mat
2026-01-01T00:18:49.625000Z,q0028,tool box
2026-01-01T00:18:49.875000Z,q0579,Alder smart watch
2026-01-01T00:18:50.125000Z,q0033,cutlery set
2026-01-01T00:18:50.375000Z,q0834,cotton body wash
2026-01-01T00:18:50.625000Z,q0394,red heat pad
2026-01-01T00:18:50.875000Z,q0022,cotton bedding
2026-01-01T00:18:51.125000Z,q0062,watering can
2026-01-01T00:18:51.375000Z,q0643,Harbour water bottle
2026-01-01T00:18:51.625000Z,q0033,cutlery set
2026-01-01T00:18:51.875000Z,q0833,cotton hand cream
2026-01-01T00:18:52.125000Z,q0047,building blocks
2026-01-01T00:18:52.375000Z,q0009,body wash
2026-01-01T00:18:52.625000Z,q0131,black breakfast oats
2026-01-01T00:18:52.875000Z,q0008,hand cream
2026-01-01T00:18:53.125000Z,q0022,cotton bedding
2026-01-01T00:18:53.375000Z,q0737,Linden watering can
2026-01-01T00:18:53.625000Z,q0001,cotton shirt
2026-01-01T00:18:53.875000Z,q0577,Alder bluetooth speaker
2026-01-01T00:18:54.125000Z,q0014,gardening book
2026-01-01T00:18:54.375000Z,q0743,Linden pet bowl
2026-01-01T00:18:54.625000Z,q0253,green tool box
2026-01-01T00:18:54.875000Z,q0104,black wall shelf
2026-01-01T00:18:55.125000Z,q0034,chopping board
2026-01-01T00:18:55.375000Z,q0037,walking boots
2026-01-01T00:18:55.625000Z,q0029,wall shelf
2026-01-01T00:18:55.875000Z,q0038,sandals
2026-01-01T00:18:56.125000Z,q0016,vitamin tablets
2026-01-01T00:18:56.375000Z,q0045,running shorts
2026-01-01T00:18:56.625000Z,q0021,desk lamp
2026-01-01T00:18:56.875000Z,q0030,work gloves
2026-01-01T00:18:57.125000Z,q0788,Vela sandals
2026-01-01T00:18:57.375000Z,q0024,storage basket
2026-01-01T00:18:57.625000Z,q0021,desk lamp
2026-01-01T00:18:57.875000Z,q0244,green heat pad
2026-01-01T00:18:58.125000Z,q0748,Linden desk organiser
2026-01-01T00:18:58.375000Z,q0035,glass storage jar
2026-01-01T00:18:58.625000Z,q0925,recycled throw blanket
2026-01-01T00:18:58.875000Z,q0042,football
2026-01-01T00:18:59.125000Z,q0420,red running shorts
2026-01-01T00:18:59.375000Z,q0062,watering can
2026-01-01T00:18:59.625000Z,q0003,denim jeans
2026-01-01T00:18:59.875000Z,q0048,plush bear
2026-01-01T00:19:00.125000Z,q0037,walking boots
2026-01-01T00:19:00.375000Z,q0030,work gloves
2026-01-01T00:19:00.625000Z,q0775,Vela throw blanket
2026-01-01T00:19:00.875000Z,q0712,Linden walking boots
2026-01-01T00:19:01.125000Z,q0022,cotton bedding
2026-01-01T00:19:01.375000Z,q0035,glass storage jar
2026-01-01T00:19:01.625000Z,q0021,desk lamp
2026-01-01T00:19:01.875000Z,q0035,glass storage jar
2026-01-01T00:19:02.125000Z,q0159,blue body wash
2026-01-01T00:19:02.375000Z,q0046,wooden puzzle
2026-01-01T00:19:02.625000Z,q0453,white denim jeans
2026-01-01T00:19:02.875000Z,q0021,desk lamp
2026-01-01T00:19:03.125000Z,q0003,denim jeans
2026-01-01T00:19:03.375000Z,q0039,slippers
2026-01-01T00:19:03.625000Z,q0038,sandals
2026-01-01T00:19:03.875000Z,q0018,sleep mask
2026-01-01T00:19:04.125000Z,q0006,face moisturiser
2026-01-01T00:19:04.375000Z,q0012,travel guide
2026-01-01T00:19:04.625000Z,q0739,Linden pruning shears
2026-01-01T00:19:04.875000Z,q0022,cotton bedding
2026-01-01T00:19:05.125000Z,q0009,body wash
2026-01-01T00:19:05.375000Z,q0042,football
2026-01-01T00:19:05.625000Z,q0813,Vela plant pot
2026-01-01T00:19:05.875000Z,q0988,archived lunar model 8
2026-01-01T00:19:06.125000Z,q0017,first aid kit
2026-01-01T00:19:06.375000Z,q0029,wall shelf
2026-01-01T00:19:06.625000Z,q0288,green plant pot
2026-01-01T00:19:06.875000Z,q0033,cutlery set
2026-01-01T00:19:07.125000Z,q0001,cotton shirt
2026-01-01T00:19:07.375000Z,q0063,plant pot
2026-01-01T00:19:07.625000Z,q0040,leather shoes
2026-01-01T00:19:07.875000Z,q0005,rain jacket
2026-01-01T00:19:08.125000Z,q0535,Alder sunscreen
2026-01-01T00:19:08.375000Z,q0019,heat pad
2026-01-01T00:19:08.625000Z,q0047,building blocks
2026-01-01T00:19:08.875000Z,q0033,cutlery set
2026-01-01T00:19:09.125000Z,q0018,sleep mask
2026-01-01T00:19:09.375000Z,q0760,Vela sunscreen
2026-01-01T00:19:09.625000Z,q0518,white pet bowl
2026-01-01T00:19:09.875000Z,q0873,cotton plush bear
2026-01-01T00:19:10.125000Z,q0045,running shorts
2026-01-01T00:19:10.375000Z,q0039,slippers
2026-01-01T00:19:10.625000Z,q0045,running shorts
2026-01-01T00:19:10.875000Z,q0361,grey garden gloves
2026-01-01T00:19:11.125000Z,q0037,walking boots
2026-01-01T00:19:11.375000Z,q0478,white tool box
2026-01-01T00:19:11.625000Z,q0011,cookbook
2026-01-01T00:19:11.875000Z,q0038,sandals
2026-01-01T00:19:12.125000Z,q0035,glass storage jar
2026-01-01T00:19:12.375000Z,q0006,face moisturiser
2026-01-01T00:19:12.625000Z,q0037,walking boots
2026-01-01T00:19:12.875000Z,q0042,football
2026-01-01T00:19:13.100000Z,q0040,leather shoes
2026-01-01T00:19:13.300000Z,q0005,rain jacket
2026-01-01T00:19:13.500000Z,q0208,blue herbal tea
2026-01-01T00:19:13.700000Z,q0289,green pruning shears
2026-01-01T00:19:13.900000Z,q0887,cotton watering can
2026-01-01T00:19:14.100000Z,q0097,black cotton bedding
2026-01-01T00:19:14.300000Z,q0015,crime novel
2026-01-01T00:19:14.500000Z,q0225,blue sticky notes
2026-01-01T00:19:14.700000Z,q0040,leather shoes
2026-01-01T00:19:14.900000Z,q0019,heat pad
2026-01-01T00:19:15.100000Z,q0233,green hand cream
2026-01-01T00:19:15.300000Z,q0008,hand cream
2026-01-01T00:19:15.500000Z,q0647,Harbour building blocks
2026-01-01T00:19:15.700000Z,q0911,recycled cookbook
2026-01-01T00:19:15.900000Z,q0190,blue leather shoes
2026-01-01T00:19:16.100000Z,q0773,Vela bath towel
2026-01-01T00:19:16.300000Z,q0037,walking boots
2026-01-01T00:19:16.500000Z,q0028,tool box
2026-01-01T00:19:16.700000Z,q0509,white pasta sauce
2026-01-01T00:19:16.900000Z,q0419,red resistance bands
2026-01-01T00:19:17.100000Z,q0708,Linden cutlery set
2026-01-01T00:19:17.300000Z,q0040,leather shoes
2026-01-01T00:19:17.500000Z,q0337,grey walking boots
2026-01-01T00:19:17.700000Z,q0728,Linden tablet
2026-01-01T00:19:17.900000Z,q0036,running shoes
2026-01-01T00:19:18.100000Z,q0013,children storybook
2026-01-01T00:19:18.300000Z,q0547,Alder cotton bedding
2026-01-01T00:19:18.500000Z,q0018,sleep mask
2026-01-01T00:19:18.700000Z,q0314,grey gardening book
2026-01-01T00:19:18.900000Z,q0012,travel guide
2026-01-01T00:19:19.100000Z,q0036,running shoes
2026-01-01T00:19:19.300000Z,q0351,grey wireless headphones
2026-01-01T00:19:19.500000Z,q0002,linen dress
2026-01-01T00:19:19.700000Z,q0007,shampoo
2026-01-01T00:19:19.900000Z,q0043,water bottle
2026-01-01T00:19:20.100000Z,q0145,black pet blanket
2026-01-01T00:19:20.300000Z,q0034,chopping board
2026-01-01T00:19:20.500000Z,q0001,cotton shirt
2026-01-01T00:19:20.700000Z,q0023,bath towel
2026-01-01T00:19:20.900000Z,q0742,Linden cat toy
2026-01-01T00:19:21.100000Z,q0046,wooden puzzle
2026-01-01T00:19:21.300000Z,q0007,shampoo
2026-01-01T00:19:21.500000Z,q0020,electric toothbrush
2026-01-01T00:19:21.700000Z,q0135,black olive oil
2026-01-01T00:19:21.900000Z,q0009,body wash
2026-01-01T00:19:22.100000Z,q0022,cotton bedding
2026-01-01T00:19:22.300000Z,q0574,Alder craft kit
2026-01-01T00:19:22.500000Z,q0035,glass storage jar
2026-01-01T00:19:22.700000Z,q0003,denim jeans
2026-01-01T00:19:22.900000Z,q0007,shampoo
2026-01-01T00:19:23.100000Z,q0093,black sleep mask
2026-01-01T00:19:23.300000Z,q0373,grey desk organiser
2026-01-01T00:19:23.500000Z,q0763,Vela children storybook
2026-01-01T00:19:23.700000Z,q0045,running shorts
2026-01-01T00:19:23.900000Z,q0038,sandals
2026-01-01T00:19:24.100000Z,q0043,water bottle
2026-01-01T00:19:24.300000Z,q0724,Linden craft kit
2026-01-01T00:19:24.500000Z,q0044,resistance bands
2026-01-01T00:19:24.700000Z,q0363,grey plant pot
2026-01-01T00:19:24.900000Z,q0386,red cookbook
2026-01-01T00:19:25.100000Z,q0034,chopping board
2026-01-01T00:19:25.300000Z,q0016,vitamin tablets
2026-01-01T00:19:25.500000Z,q0028,tool box
2026-01-01T00:19:25.700000Z,q0031,steel saucepan
2026-01-01T00:19:25.900000Z,q0032,ceramic mug
2026-01-01T00:19:26.100000Z,q0016,vitamin tablets
2026-01-01T00:19:26.300000Z,q0025,throw blanket
2026-01-01T00:19:26.500000Z,q0040,leather shoes
2026-01-01T00:19:26.700000Z,q0542,Alder first aid kit
2026-01-01T00:19:26.900000Z,q0006,face moisturiser
2026-01-01T00:19:27.100000Z,q0024,storage basket
2026-01-01T00:19:27.300000Z,q0018,sleep mask
2026-01-01T00:19:27.500000Z,q0033,cutlery set
2026-01-01T00:19:27.700000Z,q0026,cordless drill
2026-01-01T00:19:27.900000Z,q0016,vitamin tablets
2026-01-01T00:19:28.100000Z,q0020,electric toothbrush
2026-01-01T00:19:28.300000Z,q0001,cotton shirt
2026-01-01T00:19:28.500000Z,q0048,plush bear
2026-01-01T00:19:28.700000Z,q0285,green olive oil
2026-01-01T00:19:28.900000Z,q0375,grey sticky notes
2026-01-01T00:19:29.100000Z,q0006,face moisturiser
2026-01-01T00:19:29.300000Z,q0038,sandals
2026-01-01T00:19:29.500000Z,q0030,work gloves
2026-01-01T00:19:29.700000Z,q0042,football
2026-01-01T00:19:29.900000Z,q0018,sleep mask
2026-01-01T00:19:30.100000Z,q0008,hand cream
2026-01-01T00:19:30.300000Z,q0043,water bottle
2026-01-01T00:19:30.500000Z,q0010,sunscreen
2026-01-01T00:19:30.700000Z,q0014,gardening book
2026-01-01T00:19:30.900000Z,q0010,sunscreen
2026-01-01T00:19:31.100000Z,q0024,storage basket
2026-01-01T00:19:31.300000Z,q0890,cotton solar lights
2026-01-01T00:19:31.500000Z,q0015,crime novel
2026-01-01T00:19:31.700000Z,q0039,slippers
2026-01-01T00:19:31.900000Z,q0046,wooden puzzle
2026-01-01T00:19:32.100000Z,q0005,rain jacket
2026-01-01T00:19:32.300000Z,q0891,cotton dog lead
2026-01-01T00:19:32.500000Z,q0004,wool jumper
2026-01-01T00:19:32.700000Z,q0013,children storybook
2026-01-01T00:19:32.900000Z,q0845,cotton electric toothbrush
2026-01-01T00:19:33.100000Z,q0019,heat pad
2026-01-01T00:19:33.300000Z,q0015,crime novel
2026-01-01T00:19:33.500000Z,q0657,Harbour ground coffee
2026-01-01T00:19:33.700000Z,q0012,travel guide
2026-01-01T00:19:33.900000Z,q0001,cotton shirt
2026-01-01T00:19:34.100000Z,q0032,ceramic mug
2026-01-01T00:19:34.300000Z,q0020,electric toothbrush
2026-01-01T00:19:34.500000Z,q0004,wool jumper
2026-01-01T00:19:34.700000Z,q0027,paint brush
2026-01-01T00:19:34.900000Z,q0852,cotton paint brush
2026-01-01T00:19:35.100000Z,q0021,desk lamp
2026-01-01T00:19:35.300000Z,q0119,black resistance bands
2026-01-01T00:19:35.500000Z,q0006,face moisturiser
2026-01-01T00:19:35.700000Z,q0004,wool jumper
2026-01-01T00:19:35.900000Z,q0040,leather shoes
2026-01-01T00:19:36.083000Z,q0520,white pet blanket
2026-01-01T00:19:36.250000Z,q0560,Alder glass storage jar
2026-01-01T00:19:36.417000Z,q0371,grey notebook
2026-01-01T00:19:36.583000Z,q0012,travel guide
2026-01-01T00:19:36.750000Z,q0005,rain jacket
2026-01-01T00:19:36.917000Z,q0402,red paint brush
2026-01-01T00:19:37.083000Z,q0035,glass storage jar
2026-01-01T00:19:37.250000Z,q0026,cordless drill
2026-01-01T00:19:37.417000Z,q0025,throw blanket
2026-01-01T00:19:37.583000Z,q0416,red yoga mat
2026-01-01T00:19:37.750000Z,q0542,Alder first aid kit
2026-01-01T00:19:37.917000Z,q0007,shampoo
2026-01-01T00:19:38.083000Z,q0276,green wireless headphones
2026-01-01T00:19:38.250000Z,q0197,blue building blocks
2026-01-01T00:19:38.417000Z,q0012,travel guide
2026-01-01T00:19:38.583000Z,q0028,tool box
2026-01-01T00:19:38.750000Z,q0048,plush bear
2026-01-01T00:19:38.917000Z,q0706,Linden steel saucepan
2026-01-01T00:19:39.083000Z,q0029,wall shelf
2026-01-01T00:19:39.250000Z,q0723,Linden plush bear
2026-01-01T00:19:39.417000Z,q0011,cookbook
2026-01-01T00:19:39.583000Z,q0049,craft kit
2026-01-01T00:19:39.750000Z,q0181,blue steel saucepan
2026-01-01T00:19:39.917000Z,q0488,white sandals
2026-01-01T00:19:40.083000Z,q0008,hand cream
2026-01-01T00:19:40.250000Z,q0900,cotton sticky notes
2026-01-01T00:19:40.417000Z,q0496,white wooden puzzle
2026-01-01T00:19:40.583000Z,q0150,black sticky notes
2026-01-01T00:19:40.750000Z,q0033,cutlery set
2026-01-01T00:19:40.917000Z,q0043,water bottle
2026-01-01T00:19:41.083000Z,q0994,archived lunar model 14
2026-01-01T00:19:41.250000Z,q0021,desk lamp
2026-01-01T00:19:41.417000Z,q0036,running shoes
2026-01-01T00:19:41.583000Z,q0048,plush bear
2026-01-01T00:19:41.750000Z,q0295,green pet blanket
2026-01-01T00:19:41.917000Z,q0720,Linden running shorts
2026-01-01T00:19:42.083000Z,q0013,children storybook
2026-01-01T00:19:42.250000Z,q0034,chopping board
2026-01-01T00:19:42.417000Z,q0026,cordless drill
2026-01-01T00:19:42.583000Z,q0011,cookbook
2026-01-01T00:19:42.750000Z,q0036,running shoes
2026-01-01T00:19:42.917000Z,q0029,wall shelf
2026-01-01T00:19:43.083000Z,q0092,black first aid kit
2026-01-01T00:19:43.250000Z,q0003,denim jeans
2026-01-01T00:19:43.417000Z,q0023,bath towel
2026-01-01T00:19:43.583000Z,q0464,white gardening book
2026-01-01T00:19:43.750000Z,q0047,building blocks
2026-01-01T00:19:43.917000Z,q0209,blue pasta sauce
2026-01-01T00:19:44.083000Z,q0501,white wireless headphones
2026-01-01T00:19:44.250000Z,q0050,toy train
2026-01-01T00:19:44.417000Z,q0029,wall shelf
2026-01-01T00:19:44.583000Z,q0780,Vela work gloves
2026-01-01T00:19:44.750000Z,q0012,travel guide
2026-01-01T00:19:44.917000Z,q0043,water bottle
2026-01-01T00:19:45.083000Z,q0277,green bluetooth speaker
2026-01-01T00:19:45.250000Z,q0027,paint brush
2026-01-01T00:19:45.417000Z,q0440,red solar lights
2026-01-01T00:19:45.583000Z,q0003,denim jeans
2026-01-01T00:19:45.750000Z,q0824,Vela sketch pad
2026-01-01T00:19:45.917000Z,q0651,Harbour wireless headphones
2026-01-01T00:19:46.083000Z,q0004,wool jumper
2026-01-01T00:19:46.250000Z,q0416,red yoga mat
2026-01-01T00:19:46.417000Z,q0789,Vela slippers
2026-01-01T00:19:46.583000Z,q0049,craft kit
2026-01-01T00:19:46.750000Z,q0586,Alder garden gloves
2026-01-01T00:19:46.917000Z,q0735,Linden olive oil
2026-01-01T00:19:47.083000Z,q0037,walking boots
2026-01-01T00:19:47.250000Z,q0035,glass storage jar
2026-01-01T00:19:47.417000Z,q0037,walking boots
2026-01-01T00:19:47.583000Z,q0017,first aid kit
2026-01-01T00:19:47.750000Z,q0919,recycled heat pad
2026-01-01T00:19:47.917000Z,q0015,crime novel
2026-01-01T00:19:48.083000Z,q0045,running shorts
2026-01-01T00:19:48.250000Z,q0280,green usb c charger
2026-01-01T00:19:48.417000Z,q0899,cotton sketch pad
2026-01-01T00:19:48.583000Z,q0046,wooden puzzle
2026-01-01T00:19:48.750000Z,q0019,heat pad
2026-01-01T00:19:48.917000Z,q0289,green pruning shears
2026-01-01T00:19:49.083000Z,q0043,water bottle
2026-01-01T00:19:49.250000Z,q0048,plush bear
2026-01-01T00:19:49.417000Z,q0005,rain jacket
2026-01-01T00:19:49.583000Z,q0016,vitamin tablets
2026-01-01T00:19:49.750000Z,q0678,Linden denim jeans
2026-01-01T00:19:49.917000Z,q0044,resistance bands
2026-01-01T00:19:50.083000Z,q0046,wooden puzzle
2026-01-01T00:19:50.250000Z,q0077,black linen dress
2026-01-01T00:19:50.417000Z,q0943,recycled water bottle
2026-01-01T00:19:50.583000Z,q0025,throw blanket
2026-01-01T00:19:50.750000Z,q0105,black work gloves
2026-01-01T00:19:50.917000Z,q0027,paint brush
2026-01-01T00:19:51.083000Z,q0004,wool jumper
2026-01-01T00:19:51.250000Z,q0036,running shoes
2026-01-01T00:19:51.417000Z,q0016,vitamin tablets
2026-01-01T00:19:51.583000Z,q0727,Linden bluetooth speaker
2026-01-01T00:19:51.750000Z,q0024,storage basket
2026-01-01T00:19:51.917000Z,q0032,ceramic mug
2026-01-01T00:19:52.083000Z,q0431,red breakfast oats
2026-01-01T00:19:52.250000Z,q0016,vitamin tablets
2026-01-01T00:19:52.417000Z,q0500,white toy train
2026-01-01T00:19:52.583000Z,q0022,cotton bedding
2026-01-01T00:19:52.750000Z,q0047,building blocks
2026-01-01T00:19:52.917000Z,q0336,grey running shoes
2026-01-01T00:19:53.071000Z,q0705,Linden work gloves
2026-01-01T00:19:53.214000Z,q0741,Linden dog lead
2026-01-01T00:19:53.357000Z,q0012,travel guide
2026-01-01T00:19:53.500000Z,q0039,slippers
2026-01-01T00:19:53.643000Z,q0455,white rain jacket
2026-01-01T00:19:53.786000Z,q0247,green cotton bedding
2026-01-01T00:19:53.929000Z,q0003,denim jeans
2026-01-01T00:19:54.071000Z,q0018,sleep mask
2026-01-01T00:19:54.214000Z,q0041,yoga mat
2026-01-01T00:19:54.357000Z,q0847,cotton cotton bedding
2026-01-01T00:19:54.500000Z,q0276,green wireless headphones
2026-01-01T00:19:54.643000Z,q0030,work gloves
2026-01-01T00:19:54.786000Z,q0017,first aid kit
2026-01-01T00:19:54.929000Z,q0041,yoga mat
2026-01-01T00:19:55.071000Z,q0395,red electric toothbrush
2026-01-01T00:19:55.214000Z,q0031,steel saucepan
2026-01-01T00:19:55.357000Z,q0046,wooden puzzle
2026-01-01T00:19:55.500000Z,q0008,hand cream
2026-01-01T00:19:55.643000Z,q0154,blue wool jumper
2026-01-01T00:19:55.786000Z,q0316,grey vitamin tablets
2026-01-01T00:19:55.929000Z,q0035,glass storage jar
2026-01-01T00:19:56.071000Z,q0743,Linden pet bowl
2026-01-01T00:19:56.214000Z,q0581,Alder breakfast oats
2026-01-01T00:19:56.357000Z,q0022,cotton bedding
2026-01-01T00:19:56.500000Z,q0032,ceramic mug
2026-01-01T00:19:56.643000Z,q0001,cotton shirt
2026-01-01T00:19:56.786000Z,q0208,blue herbal tea
2026-01-01T00:19:56.929000Z,q0036,running shoes
2026-01-01T00:19:57.071000Z,q0090,black crime novel
2026-01-01T00:19:57.214000Z,q0539,Alder gardening book
2026-01-01T00:19:57.357000Z,q0762,Vela travel guide
2026-01-01T00:19:57.500000Z,q0651,Harbour wireless headphones
2026-01-01T00:19:57.643000Z,q0018,sleep mask
2026-01-01T00:19:57.786000Z,q0033,cutlery set
2026-01-01T00:19:57.929000Z,q0007,shampoo
2026-01-01T00:19:58.071000Z,q0004,wool jumper
2026-01-01T00:19:58.214000Z,q0023,bath towel
2026-01-01T00:19:58.357000Z,q0571,Alder wooden puzzle
2026-01-01T00:19:58.500000Z,q0036,running shoes
2026-01-01T00:19:58.643000Z,q0686,Linden cookbook
2026-01-01T00:19:58.786000Z,q0014,gardening book
2026-01-01T00:19:58.929000Z,q0003,denim jeans
2026-01-01T00:19:59.071000Z,q0524,white sketch pad
2026-01-01T00:19:59.214000Z,q0719,Linden resistance bands
2026-01-01T00:19:59.357000Z,q0041,yoga mat
2026-01-01T00:19:59.500000Z,q0044,resistance bands
2026-01-01T00:19:59.643000Z,q0009,body wash
2026-01-01T00:19:59.786000Z,q0893,cotton pet bowl
2026-01-01T00:19:59.929000Z,q0038,sandals
2026-01-01T00:20:00.071000Z,q0156,blue face moisturiser
2026-01-01T00:20:00.214000Z,q0044,resistance bands
2026-01-01T00:20:00.357000Z,q0974,recycled sketch pad
2026-01-01T00:20:00.500000Z,q0023,bath towel
2026-01-01T00:20:00.643000Z,q0358,grey herbal tea
2026-01-01T00:20:00.786000Z,q0012,travel guide
2026-01-01T00:20:00.929000Z,q0015,crime novel
2026-01-01T00:20:01.071000Z,q0012,travel guide
2026-01-01T00:20:01.214000Z,q0889,cotton pruning shears
2026-01-01T00:20:01.357000Z,q0026,cordless drill
2026-01-01T00:20:01.500000Z,q0221,blue notebook
2026-01-01T00:20:01.643000Z,q0024,storage basket
2026-01-01T00:20:01.786000Z,q0028,tool box
2026-01-01T00:20:01.929000Z,q0041,yoga mat
2026-01-01T00:20:02.071000Z,q0029,wall shelf
2026-01-01T00:20:02.214000Z,q0017,first aid kit
2026-01-01T00:20:02.357000Z,q0046,wooden puzzle
2026-01-01T00:20:02.500000Z,q0299,green sketch pad
2026-01-01T00:20:02.643000Z,q0012,travel guide
2026-01-01T00:20:02.786000Z,q0029,wall shelf
2026-01-01T00:20:02.929000Z,q0782,Vela ceramic mug
2026-01-01T00:20:03.071000Z,q0458,white hand cream
2026-01-01T00:20:03.214000Z,q0040,leather shoes
2026-01-01T00:20:03.357000Z,q0035,glass storage jar
2026-01-01T00:20:03.500000Z,q0889,cotton pruning shears
2026-01-01T00:20:03.643000Z,q0734,Linden pasta sauce
2026-01-01T00:20:03.786000Z,q0298,green desk organiser
2026-01-01T00:20:03.929000Z,q0014,gardening book
2026-01-01T00:20:04.071000Z,q0050,toy train
2026-01-01T00:20:04.214000Z,q0018,sleep mask
2026-01-01T00:20:04.357000Z,q0611,Harbour cookbook
2026-01-01T00:20:04.500000Z,q0026,cordless drill
2026-01-01T00:20:04.643000Z,q0594,Alder bird feeder
2026-01-01T00:20:04.786000Z,q0227,green linen dress
2026-01-01T00:20:04.929000Z,q0035,glass storage jar
2026-01-01T00:20:05.071000Z,q0037,walking boots
2026-01-01T00:20:05.214000Z,q0471,white desk lamp
2026-01-01T00:20:05.357000Z,q0028,tool box
2026-01-01T00:20:05.500000Z,q0341,grey yoga mat
2026-01-01T00:20:05.643000Z,q0003,denim jeans
2026-01-01T00:20:05.786000Z,q0635,Harbour glass storage jar
2026-01-01T00:20:05.929000Z,q0046,wooden puzzle
2026-01-01T00:20:06.071000Z,q0018,sleep mask
2026-01-01T00:20:06.214000Z,q0018,sleep mask
2026-01-01T00:20:06.357000Z,q0027,paint brush
2026-01-01T00:20:06.500000Z,q0133,black herbal tea
2026-01-01T00:20:06.643000Z,q0645,Harbour running shorts
2026-01-01T00:20:06.786000Z,q0022,cotton bedding
2026-01-01T00:20:06.929000Z,q0025,throw blanket
2026-01-01T00:20:07.071000Z,q0006,face moisturiser
2026-01-01T00:20:07.214000Z,q0044,resistance bands
2026-01-01T00:20:07.357000Z,q0049,craft kit
2026-01-01T00:20:07.500000Z,q0010,sunscreen
2026-01-01T00:20:07.643000Z,q0769,Vela heat pad
2026-01-01T00:20:07.786000Z,q0042,football
2026-01-01T00:20:07.929000Z,q0039,slippers
2026-01-01T00:20:08.062000Z,q0014,gardening book
2026-01-01T00:20:08.188000Z,q0041,yoga mat
2026-01-01T00:20:08.312000Z,q0039,slippers
2026-01-01T00:20:08.438000Z,q0204,blue smart watch
2026-01-01T00:20:08.562000Z,q0027,paint brush
2026-01-01T00:20:08.688000Z,q0044,resistance bands
2026-01-01T00:20:08.812000Z,q0023,bath towel
2026-01-01T00:20:08.938000Z,q0568,Alder water bottle
2026-01-01T00:20:09.062000Z,q0004,wool jumper
2026-01-01T00:20:09.188000Z,q0035,glass storage jar
2026-01-01T00:20:09.312000Z,q0640,Harbour leather shoes
2026-01-01T00:20:09.438000Z,q0377,red linen dress
2026-01-01T00:20:09.562000Z,q0024,storage basket
2026-01-01T00:20:09.688000Z,q0042,football
2026-01-01T00:20:09.812000Z,q0945,recycled running shorts
2026-01-01T00:20:09.938000Z,q0007,shampoo
2026-01-01T00:20:10.062000Z,q0029,wall shelf
2026-01-01T00:20:10.188000Z,q0342,grey football
2026-01-01T00:20:10.312000Z,q0040,leather shoes
2026-01-01T00:20:10.438000Z,q0009,body wash
2026-01-01T00:20:10.562000Z,q0036,running shoes
2026-01-01T00:20:10.688000Z,q0029,wall shelf
2026-01-01T00:20:10.812000Z,q0731,Linden breakfast oats
2026-01-01T00:20:10.938000Z,q0043,water bottle
2026-01-01T00:20:11.062000Z,q0320,grey electric toothbrush
2026-01-01T00:20:11.188000Z,q0040,leather shoes
2026-01-01T00:20:11.312000Z,q0060,olive oil
2026-01-01T00:20:11.438000Z,q0768,Vela sleep mask
2026-01-01T00:20:11.562000Z,q0032,ceramic mug
2026-01-01T00:20:11.688000Z,q0029,wall shelf
2026-01-01T00:20:11.812000Z,q0047,building blocks
2026-01-01T00:20:11.938000Z,q0001,cotton shirt
2026-01-01T00:20:12.062000Z,q0281,green breakfast oats
2026-01-01T00:20:12.188000Z,q0160,blue sunscreen
2026-01-01T00:20:12.312000Z,q0193,blue water bottle
2026-01-01T00:20:12.438000Z,q0044,resistance bands
2026-01-01T00:20:12.562000Z,q0723,Linden plush bear
2026-01-01T00:20:12.688000Z,q0004,wool jumper
2026-01-01T00:20:12.812000Z,q0914,recycled gardening book
2026-01-01T00:20:12.938000Z,q0033,cutlery set
2026-01-01T00:20:13.062000Z,q0012,travel guide
2026-01-01T00:20:13.188000Z,q0639,Harbour slippers
2026-01-01T00:20:13.312000Z,q0287,green watering can
2026-01-01T00:20:13.438000Z,q0860,cotton glass storage jar
2026-01-01T00:20:13.562000Z,q0097,black cotton bedding
2026-01-01T00:20:13.688000Z,q0381,red face moisturiser
2026-01-01T00:20:13.812000Z,q0018,sleep mask
2026-01-01T00:20:13.938000Z,q0034,chopping board
2026-01-01T00:20:14.062000Z,q0409,red chopping board
2026-01-01T00:20:14.188000Z,q0878,cotton tablet
2026-01-01T00:20:14.312000Z,q0764,Vela gardening book
2026-01-01T00:20:14.438000Z,q0156,blue face moisturiser
2026-01-01T00:20:14.562000Z,q0156,blue face moisturiser
2026-01-01T00:20:14.688000Z,q0598,Alder desk organiser
2026-01-01T00:20:14.812000Z,q0003,denim jeans
2026-01-01T00:20:14.938000Z,q0505,white usb c charger
2026-01-01T00:20:15.062000Z,q0346,grey wooden puzzle
2026-01-01T00:20:15.188000Z,q0026,cordless drill
2026-01-01T00:20:15.312000Z,q0018,sleep mask
2026-01-01T00:20:15.438000Z,q0047,building blocks
2026-01-01T00:20:15.562000Z,q0029,wall shelf
2026-01-01T00:20:15.688000Z,q0021,desk lamp
2026-01-01T00:20:15.812000Z,q0024,storage basket
2026-01-01T00:20:15.938000Z,q0595,Alder pet blanket
2026-01-01T00:20:16.062000Z,q0002,linen dress
2026-01-01T00:20:16.188000Z,q0027,paint brush
2026-01-01T00:20:16.312000Z,q0025,throw blanket
2026-01-01T00:20:16.438000Z,q0039,slippers
2026-01-01T00:20:16.562000Z,q0037,walking boots
2026-01-01T00:20:16.688000Z,q0045,running shorts
2026-01-01T00:20:16.812000Z,q0043,water bottle
2026-01-01T00:20:16.938000Z,q0854,cotton wall shelf
2026-01-01T00:20:17.062000Z,q0952,recycled bluetooth speaker
2026-01-01T00:20:17.188000Z,q0767,Vela first aid kit
2026-01-01T00:20:17.312000Z,q0006,face moisturiser
2026-01-01T00:20:17.438000Z,q0030,work gloves
2026-01-01T00:20:17.562000Z,q0541,Alder vitamin tablets
2026-01-01T00:20:17.688000Z,q0511,white garden gloves
2026-01-01T00:20:17.812000Z,q0034,chopping board
2026-01-01T00:20:17.938000Z,q0044,resistance bands
2026-01-01T00:20:18.062000Z,q0039,slippers
2026-01-01T00:20:18.188000Z,q0026,cordless drill
2026-01-01T00:20:18.312000Z,q0459,white body wash
2026-01-01T00:20:18.438000Z,q0175,blue throw blanket
2026-01-01T00:20:18.562000Z,q0093,black sleep mask
2026-01-01T00:20:18.688000Z,q0026,cordless drill
2026-01-01T00:20:18.812000Z,q0078,black denim jeans
2026-01-01T00:20:18.938000Z,q0013,children storybook
2026-01-01T00:20:19.062000Z,q0721,Linden wooden puzzle
2026-01-01T00:20:19.188000Z,q0045,running shorts
2026-01-01T00:20:19.312000Z,q0042,football
2026-01-01T00:20:19.438000Z,q0915,recycled crime novel
2026-01-01T00:20:19.562000Z,q0011,cookbook
2026-01-01T00:20:19.688000Z,q0046,wooden puzzle
2026-01-01T00:20:19.812000Z,q0049,craft kit
2026-01-01T00:20:19.938000Z,q0695,Linden electric toothbrush
2026-01-01T00:20:20.062000Z,q0034,chopping board
2026-01-01T00:20:20.188000Z,q0768,Vela sleep mask
2026-01-01T00:20:20.312000Z,q0067,cat toy
2026-01-01T00:20:20.438000Z,q0037,walking boots
2026-01-01T00:20:20.562000Z,q0899,cotton sketch pad
2026-01-01T00:20:20.688000Z,q0038,sandals
2026-01-01T00:20:20.812000Z,q0017,first aid kit
2026-01-01T00:20:20.938000Z,q0091,black vitamin tablets
2026-01-01T00:20:21.062000Z,q0012,travel guide
2026-01-01T00:20:21.188000Z,q0008,hand cream
2026-01-01T00:20:21.312000Z,q0027,paint brush
2026-01-01T00:20:21.438000Z,q0050,toy train
2026-01-01T00:20:21.562000Z,q0012,travel guide
2026-01-01T00:20:21.688000Z,q0061,garden gloves
2026-01-01T00:20:21.812000Z,q0015,crime novel
2026-01-01T00:20:21.938000Z,q0021,desk lamp
2026-01-01T00:20:22.062000Z,q0021,desk lamp
2026-01-01T00:20:22.188000Z,q0835,cotton sunscreen
2026-01-01T00:20:22.312000Z,q0077,black linen dress
2026-01-01T00:20:22.438000Z,q0302,grey linen dress
2026-01-01T00:20:22.562000Z,q0031,steel saucepan
2026-01-01T00:20:22.688000Z,q0044,resistance bands
2026-01-01T00:20:22.812000Z,q0029,wall shelf
2026-01-01T00:20:22.938000Z,q0041,yoga mat
2026-01-01T00:20:23.062000Z,q0502,white bluetooth speaker
2026-01-01T00:20:23.188000Z,q0900,cotton sticky notes
2026-01-01T00:20:23.312000Z,q0025,throw blanket
2026-01-01T00:20:23.438000Z,q0039,slippers
2026-01-01T00:20:23.562000Z,q0021,desk lamp
2026-01-01T00:20:23.688000Z,q0366,grey dog lead
2026-01-01T00:20:23.812000Z,q0221,blue notebook
2026-01-01T00:20:23.938000Z,q0042,football
2026-01-01T00:20:24.062000Z,q0033,cutlery set
2026-01-01T00:20:24.188000Z,q0041,yoga mat
2026-01-01T00:20:24.312000Z,q0972,recycled ballpoint pens
2026-01-01T00:20:24.438000Z,q0399,red storage basket
2026-01-01T00:20:24.562000Z,q0048,plush bear
2026-01-01T00:20:24.688000Z,q0030,work gloves
2026-01-01T00:20:24.812000Z,q0011,cookbook
2026-01-01T00:20:24.938000Z,q0227,green linen dress
2026-01-01T00:20:25.062000Z,q0042,football
2026-01-01T00:20:25.188000Z,q0002,linen dress
2026-01-01T00:20:25.312000Z,q0035,glass storage jar
2026-01-01T00:20:25.438000Z,q0038,sandals
2026-01-01T00:20:25.562000Z,q0016,vitamin tablets
2026-01-01T00:20:25.688000Z,q0043,water bottle
2026-01-01T00:20:25.812000Z,q0968,recycled pet bowl
2026-01-01T00:20:25.938000Z,q0027,paint brush
2026-01-01T00:20:26.056000Z,q0841,cotton vitamin tablets
2026-01-01T00:20:26.167000Z,q0046,wooden puzzle
2026-01-01T00:20:26.278000Z,q0010,sunscreen
2026-01-01T00:20:26.389000Z,q0037,walking boots
2026-01-01T00:20:26.500000Z,q0007,shampoo
2026-01-01T00:20:26.611000Z,q0030,work gloves
2026-01-01T00:20:26.722000Z,q0031,steel saucepan
2026-01-01T00:20:26.833000Z,q0743,Linden pet bowl
2026-01-01T00:20:26.944000Z,q0040,leather shoes
2026-01-01T00:20:27.056000Z,q0079,black wool jumper
2026-01-01T00:20:27.167000Z,q0020,electric toothbrush
2026-01-01T00:20:27.278000Z,q0013,children storybook
2026-01-01T00:20:27.389000Z,q0043,water bottle
2026-01-01T00:20:27.500000Z,q0001,cotton shirt
2026-01-01T00:20:27.611000Z,q0009,body wash
2026-01-01T00:20:27.722000Z,q0036,running shoes
2026-01-01T00:20:27.833000Z,q0512,white watering can
2026-01-01T00:20:27.944000Z,q0002,linen dress
2026-01-01T00:20:28.056000Z,q0040,leather shoes
2026-01-01T00:20:28.167000Z,q0034,chopping board
2026-01-01T00:20:28.278000Z,q0016,vitamin tablets
2026-01-01T00:20:28.389000Z,q0010,sunscreen
2026-01-01T00:20:28.500000Z,q0459,white body wash
2026-01-01T00:20:28.611000Z,q0939,recycled slippers
2026-01-01T00:20:28.722000Z,q0041,yoga mat
2026-01-01T00:20:28.833000Z,q0847,cotton cotton bedding
2026-01-01T00:20:28.944000Z,q0004,wool jumper
2026-01-01T00:20:29.056000Z,q0009,body wash
2026-01-01T00:20:29.167000Z,q0348,grey plush bear
2026-01-01T00:20:29.278000Z,q0456,white face moisturiser
2026-01-01T00:20:29.389000Z,q0042,football
2026-01-01T00:20:29.500000Z,q0050,toy train
2026-01-01T00:20:29.611000Z,q0408,red cutlery set
2026-01-01T00:20:29.722000Z,q0017,first aid kit
2026-01-01T00:20:29.833000Z,q0021,desk lamp
2026-01-01T00:20:29.944000Z,q0924,recycled storage basket
2026-01-01T00:20:30.056000Z,q0016,vitamin tablets
2026-01-01T00:20:30.167000Z,q0377,red linen dress
2026-01-01T00:20:30.278000Z,q0036,running shoes
2026-01-01T00:20:30.389000Z,q0013,children storybook
2026-01-01T00:20:30.500000Z,q0012,travel guide
2026-01-01T00:20:30.611000Z,q0799,Vela craft kit
2026-01-01T00:20:30.722000Z,q0018,sleep mask
2026-01-01T00:20:30.833000Z,q0036,running shoes
2026-01-01T00:20:30.944000Z,q0821,Vela notebook
2026-01-01T00:20:31.056000Z,q0284,green pasta sauce
2026-01-01T00:20:31.167000Z,q0016,vitamin tablets
2026-01-01T00:20:31.278000Z,q0042,football
2026-01-01T00:20:31.389000Z,q0037,walking boots
2026-01-01T00:20:31.500000Z,q0021,desk lamp
2026-01-01T00:20:31.611000Z,q0015,crime novel
2026-01-01T00:20:31.722000Z,q0003,denim jeans
2026-01-01T00:20:31.833000Z,q0033,cutlery set
2026-01-01T00:20:31.944000Z,q0049,craft kit
2026-01-01T00:20:32.056000Z,q0014,gardening book
2026-01-01T00:20:32.167000Z,q0030,work gloves
2026-01-01T00:20:32.278000Z,q0015,crime novel
2026-01-01T00:20:32.389000Z,q0028,tool box
2026-01-01T00:20:32.500000Z,q0907,recycled shampoo
2026-01-01T00:20:32.611000Z,q0981,archived lunar model 1
2026-01-01T00:20:32.722000Z,q0441,red dog lead
2026-01-01T00:20:32.833000Z,q0009,body wash
2026-01-01T00:20:32.944000Z,q0002,linen dress
2026-01-01T00:20:33.056000Z,q0043,water bottle
2026-01-01T00:20:33.167000Z,q0037,walking boots
2026-01-01T00:20:33.278000Z,q0444,red bird feeder
2026-01-01T00:20:33.389000Z,q0617,Harbour first aid kit
2026-01-01T00:20:33.500000Z,q0720,Linden running shorts
2026-01-01T00:20:33.611000Z,q0226,green cotton shirt
2026-01-01T00:20:33.722000Z,q0936,recycled running shoes
2026-01-01T00:20:33.833000Z,q0780,Vela work gloves
2026-01-01T00:20:33.944000Z,q0034,chopping board
2026-01-01T00:20:34.056000Z,q0006,face moisturiser
2026-01-01T00:20:34.167000Z,q0030,work gloves
2026-01-01T00:20:34.278000Z,q0034,chopping board
2026-01-01T00:20:34.389000Z,q0002,linen dress
2026-01-01T00:20:34.500000Z,q0071,notebook
2026-01-01T00:20:34.611000Z,q0030,work gloves
2026-01-01T00:20:34.722000Z,q0011,cookbook
2026-01-01T00:20:34.833000Z,q0330,grey work gloves
2026-01-01T00:20:34.944000Z,q0026,cordless drill
2026-01-01T00:20:35.056000Z,q0824,Vela sketch pad
2026-01-01T00:20:35.167000Z,q0001,cotton shirt
2026-01-01T00:20:35.278000Z,q0013,children storybook
2026-01-01T00:20:35.389000Z,q0006,face moisturiser
2026-01-01T00:20:35.500000Z,q0275,green toy train
2026-01-01T00:20:35.611000Z,q0568,Alder water bottle
2026-01-01T00:20:35.722000Z,q0486,white running shoes
2026-01-01T00:20:35.833000Z,q0836,cotton cookbook
2026-01-01T00:20:35.944000Z,q0113,black sandals
2026-01-01T00:20:36.056000Z,q0030,work gloves
2026-01-01T00:20:36.167000Z,q0029,wall shelf
2026-01-01T00:20:36.278000Z,q0673,Harbour desk organiser
2026-01-01T00:20:36.389000Z,q0011,cookbook
2026-01-01T00:20:36.500000Z,q0124,black craft kit
2026-01-01T00:20:36.611000Z,q0028,tool box
2026-01-01T00:20:36.722000Z,q0024,storage basket
2026-01-01T00:20:36.833000Z,q0001,cotton shirt
2026-01-01T00:20:36.944000Z,q0028,tool box
2026-01-01T00:20:37.056000Z,q0043,water bottle
2026-01-01T00:20:37.167000Z,q0019,heat pad
2026-01-01T00:20:37.278000Z,q0048,plush bear
2026-01-01T00:20:37.389000Z,q0862,cotton walking boots
2026-01-01T00:20:37.500000Z,q0505,white usb c charger
2026-01-01T00:20:37.611000Z,q0068,pet bowl
2026-01-01T00:20:37.722000Z,q0707,Linden ceramic mug
2026-01-01T00:20:37.833000Z,q0007,shampoo
2026-01-01T00:20:37.944000Z,q0007,shampoo
2026-01-01T00:20:38.056000Z,q0770,Vela electric toothbrush
2026-01-01T00:20:38.167000Z,q0136,black garden gloves
2026-01-01T00:20:38.278000Z,q0008,hand cream
2026-01-01T00:20:38.389000Z,q0045,running shorts
2026-01-01T00:20:38.500000Z,q0848,cotton bath towel
2026-01-01T00:20:38.611000Z,q0045,running shorts
2026-01-01T00:20:38.722000Z,q0013,children storybook
2026-01-01T00:20:38.833000Z,q0510,white olive oil
2026-01-01T00:20:38.944000Z,q0037,walking boots
2026-01-01T00:20:39.056000Z,q0022,cotton bedding
2026-01-01T00:20:39.167000Z,q0195,blue running shorts
2026-01-01T00:20:39.278000Z,q0020,electric toothbrush
2026-01-01T00:20:39.389000Z,q0004,wool jumper
2026-01-01T00:20:39.500000Z,q0091,black vitamin tablets
2026-01-01T00:20:39.611000Z,q0026,cordless drill
2026-01-01T00:20:39.722000Z,q0520,white pet blanket
2026-01-01T00:20:39.833000Z,q0039,slippers
2026-01-01T00:20:39.944000Z,q0008,hand cream
2026-01-01T00:20:40.056000Z,q0007,shampoo
2026-01-01T00:20:40.167000Z,q0047,building blocks
2026-01-01T00:20:40.278000Z,q0920,recycled electric toothbrush
2026-01-01T00:20:40.389000Z,q0780,Vela work gloves
2026-01-01T00:20:40.500000Z,q0033,cutlery set
2026-01-01T00:20:40.611000Z,q0007,shampoo
2026-01-01T00:20:40.722000Z,q0219,blue bird feeder
2026-01-01T00:20:40.833000Z,q0216,blue dog lead
2026-01-01T00:20:40.944000Z,q0047,building blocks
2026-01-01T00:20:41.056000Z,q0032,ceramic mug
2026-01-01T00:20:41.167000Z,q0043,water bottle
2026-01-01T00:20:41.278000Z,q0050,toy train
2026-01-01T00:20:41.389000Z,q0462,white travel guide
2026-01-01T00:20:41.500000Z,q0031,steel saucepan
2026-01-01T00:20:41.611000Z,q0023,bath towel
2026-01-01T00:20:41.722000Z,q0003,denim jeans
2026-01-01T00:20:41.833000Z,q0838,cotton children storybook
2026-01-01T00:20:41.944000Z,q0043,water bottle
2026-01-01T00:20:42.056000Z,q0127,black bluetooth speaker
2026-01-01T00:20:42.167000Z,q0034,chopping board
2026-01-01T00:20:42.278000Z,q0049,craft kit
2026-01-01T00:20:42.389000Z,q0011,cookbook
2026-01-01T00:20:42.500000Z,q0015,crime novel
2026-01-01T00:20:42.611000Z,q0336,grey running shoes
2026-01-01T00:20:42.722000Z,q0021,desk lamp
2026-01-01T00:20:42.833000Z,q0033,cutlery set
2026-01-01T00:20:42.944000Z,q0035,glass storage jar
2026-01-01T00:20:43.056000Z,q0004,wool jumper
2026-01-01T00:20:43.167000Z,q0001,cotton shirt
2026-01-01T00:20:43.278000Z,q0016,vitamin tablets
2026-01-01T00:20:43.389000Z,q0007,shampoo
2026-01-01T00:20:43.500000Z,q0022,cotton bedding
2026-01-01T00:20:43.611000Z,q0753,Vela denim jeans
2026-01-01T00:20:43.722000Z,q0619,Harbour heat pad
2026-01-01T00:20:43.833000Z,q0994,archived lunar model 14
2026-01-01T00:20:43.944000Z,q0306,grey face moisturiser
2026-01-01T00:20:44.056000Z,q0028,tool box
2026-01-01T00:20:44.167000Z,q0908,recycled hand cream
2026-01-01T00:20:44.278000Z,q0339,grey slippers
2026-01-01T00:20:44.389000Z,q0902,recycled linen dress
2026-01-01T00:20:44.500000Z,q0438,red plant pot
2026-01-01T00:20:44.611000Z,q0012,travel guide
2026-01-01T00:20:44.722000Z,q0119,black resistance bands
2026-01-01T00:20:44.833000Z,q0892,cotton cat toy
2026-01-01T00:20:44.944000Z,q0013,children storybook
2026-01-01T00:20:45.056000Z,q0025,throw blanket
2026-01-01T00:20:45.167000Z,q0444,red bird feeder
2026-01-01T00:20:45.278000Z,q0019,heat pad
2026-01-01T00:20:45.389000Z,q0044,resistance bands
2026-01-01T00:20:45.500000Z,q0090,black crime novel
2026-01-01T00:20:45.611000Z,q0596,Alder notebook
2026-01-01T00:20:45.722000Z,q0019,heat pad
2026-01-01T00:20:45.833000Z,q0157,blue shampoo
2026-01-01T00:20:45.944000Z,q0481,white steel saucepan
2026-01-01T00:20:46.056000Z,q0043,water bottle
2026-01-01T00:20:46.167000Z,q0045,running shorts
2026-01-01T00:20:46.278000Z,q0167,blue first aid kit
2026-01-01T00:20:46.389000Z,q0739,Linden pruning shears
2026-01-01T00:20:46.500000Z,q0007,shampoo
2026-01-01T00:20:46.611000Z,q0349,grey craft kit
2026-01-01T00:20:46.722000Z,q0002,linen dress
2026-01-01T00:20:46.833000Z,q0025,throw blanket
2026-01-01T00:20:46.944000Z,q0922,recycled cotton bedding
2026-01-01T00:20:47.056000Z,q0003,denim jeans
2026-01-01T00:20:47.167000Z,q0004,wool jumper
2026-01-01T00:20:47.278000Z,q0025,throw blanket
2026-01-01T00:20:47.389000Z,q0046,wooden puzzle
2026-01-01T00:20:47.500000Z,q0020,electric toothbrush
2026-01-01T00:20:47.611000Z,q0342,grey football
2026-01-01T00:20:47.722000Z,q0018,sleep mask
2026-01-01T00:20:47.833000Z,q0020,electric toothbrush
2026-01-01T00:20:47.944000Z,q0599,Alder sketch pad
2026-01-01T00:20:48.050000Z,q0035,glass storage jar
2026-01-01T00:20:48.150000Z,q0001,cotton shirt
2026-01-01T00:20:48.250000Z,q0004,wool jumper
2026-01-01T00:20:48.350000Z,q0651,Harbour wireless headphones
2026-01-01T00:20:48.450000Z,q0041,yoga mat
2026-01-01T00:20:48.550000Z,q0386,red cookbook
2026-01-01T00:20:48.650000Z,q0043,water bottle
2026-01-01T00:20:48.750000Z,q0039,slippers
2026-01-01T00:20:48.850000Z,q0015,crime novel
2026-01-01T00:20:48.950000Z,q0256,green steel saucepan
2026-01-01T00:20:49.050000Z,q0001,cotton shirt
2026-01-01T00:20:49.150000Z,q0038,sandals
2026-01-01T00:20:49.250000Z,q0020,electric toothbrush
2026-01-01T00:20:49.350000Z,q0718,Linden water bottle
2026-01-01T00:20:49.450000Z,q0045,running shorts
2026-01-01T00:20:49.550000Z,q0094,black heat pad
2026-01-01T00:20:49.650000Z,q0042,football
2026-01-01T00:20:49.750000Z,q0032,ceramic mug
2026-01-01T00:20:49.850000Z,q0042,football
2026-01-01T00:20:49.950000Z,q0035,glass storage jar
2026-01-01T00:20:50.050000Z,q0643,Harbour water bottle
2026-01-01T00:20:50.150000Z,q0039,slippers
2026-01-01T00:20:50.250000Z,q0006,face moisturiser
2026-01-01T00:20:50.350000Z,q0032,ceramic mug
2026-01-01T00:20:50.450000Z,q0013,children storybook
2026-01-01T00:20:50.550000Z,q0027,paint brush
2026-01-01T00:20:50.650000Z,q0037,walking boots
2026-01-01T00:20:50.750000Z,q0015,crime novel
2026-01-01T00:20:50.850000Z,q0845,cotton electric toothbrush
2026-01-01T00:20:50.950000Z,q0343,grey water bottle
2026-01-01T00:20:51.050000Z,q0013,children storybook
2026-01-01T00:20:51.150000Z,q0035,glass storage jar
2026-01-01T00:20:51.250000Z,q0884,cotton pasta sauce
2026-01-01T00:20:51.350000Z,q0538,Alder children storybook
2026-01-01T00:20:51.450000Z,q0009,body wash
2026-01-01T00:20:51.550000Z,q0005,rain jacket
2026-01-01T00:20:51.650000Z,q0030,work gloves
2026-01-01T00:20:51.750000Z,q0031,steel saucepan
2026-01-01T00:20:51.850000Z,q0519,white bird feeder
2026-01-01T00:20:51.950000Z,q0032,ceramic mug
2026-01-01T00:20:52.050000Z,q0028,tool box
2026-01-01T00:20:52.150000Z,q0010,sunscreen
2026-01-01T00:20:52.250000Z,q0048,plush bear
2026-01-01T00:20:52.350000Z,q0192,blue football
2026-01-01T00:20:52.450000Z,q0190,blue leather shoes
2026-01-01T00:20:52.550000Z,q0039,slippers
2026-01-01T00:20:52.650000Z,q0012,travel guide
2026-01-01T00:20:52.750000Z,q0029,wall shelf
2026-01-01T00:20:52.850000Z,q0044,resistance bands
2026-01-01T00:20:52.950000Z,q0025,throw blanket
2026-01-01T00:20:53.050000Z,q0119,black resistance bands
2026-01-01T00:20:53.150000Z,q0977,premium linen dress
2026-01-01T00:20:53.250000Z,q0033,cutlery set
2026-01-01T00:20:53.350000Z,q0625,Harbour throw blanket
2026-01-01T00:20:53.450000Z,q0026,cordless drill
2026-01-01T00:20:53.550000Z,q0008,hand cream
2026-01-01T00:20:53.650000Z,q0004,wool jumper
2026-01-01T00:20:53.750000Z,q0032,ceramic mug
2026-01-01T00:20:53.850000Z,q0027,paint brush
2026-01-01T00:20:53.950000Z,q0049,craft kit
2026-01-01T00:20:54.050000Z,q0049,craft kit
2026-01-01T00:20:54.150000Z,q0010,sunscreen
2026-01-01T00:20:54.250000Z,q0477,white paint brush
2026-01-01T00:20:54.350000Z,q0532,Alder shampoo
2026-01-01T00:20:54.450000Z,q0023,bath towel
2026-01-01T00:20:54.550000Z,q0327,grey paint brush
2026-01-01T00:20:54.650000Z,q0007,shampoo
2026-01-01T00:20:54.750000Z,q0038,sandals
2026-01-01T00:20:54.850000Z,q0018,sleep mask
2026-01-01T00:20:54.950000Z,q0031,steel saucepan
2026-01-01T00:20:55.050000Z,q0019,heat pad
2026-01-01T00:20:55.150000Z,q0017,first aid kit
2026-01-01T00:20:55.250000Z,q0029,wall shelf
2026-01-01T00:20:55.350000Z,q0030,work gloves
2026-01-01T00:20:55.450000Z,q0039,slippers
2026-01-01T00:20:55.550000Z,q0034,chopping board
2026-01-01T00:20:55.650000Z,q0017,first aid kit
2026-01-01T00:20:55.750000Z,q0023,bath towel
2026-01-01T00:20:55.850000Z,q0043,water bottle
2026-01-01T00:20:55.950000Z,q0415,red leather shoes
2026-01-01T00:20:56.050000Z,q0874,cotton craft kit
2026-01-01T00:20:56.150000Z,q0076,black cotton shirt
2026-01-01T00:20:56.250000Z,q0029,wall shelf
2026-01-01T00:20:56.350000Z,q0282,green ground coffee
2026-01-01T00:20:56.450000Z,q0006,face moisturiser
2026-01-01T00:20:56.550000Z,q0020,electric toothbrush
2026-01-01T00:20:56.650000Z,q0036,running shoes
2026-01-01T00:20:56.750000Z,q0016,vitamin tablets
2026-01-01T00:20:56.850000Z,q0037,walking boots
2026-01-01T00:20:56.950000Z,q0003,denim jeans
2026-01-01T00:20:57.050000Z,q0096,black desk lamp
2026-01-01T00:20:57.150000Z,q0039,slippers
2026-01-01T00:20:57.250000Z,q0047,building blocks
2026-01-01T00:20:57.350000Z,q0818,Vela pet bowl
2026-01-01T00:20:57.450000Z,q0402,red paint brush
2026-01-01T00:20:57.550000Z,q0047,building blocks
2026-01-01T00:20:57.650000Z,q0338,grey sandals
2026-01-01T00:20:57.750000Z,q0824,Vela sketch pad
2026-01-01T00:20:57.850000Z,q0050,toy train
2026-01-01T00:20:57.950000Z,q0447,red ballpoint pens
2026-01-01T00:20:58.050000Z,q0004,wool jumper
2026-01-01T00:20:58.150000Z,q0034,chopping board
2026-01-01T00:20:58.250000Z,q0676,Linden cotton shirt
2026-01-01T00:20:58.350000Z,q0006,face moisturiser
2026-01-01T00:20:58.450000Z,q0696,Linden desk lamp
2026-01-01T00:20:58.550000Z,q0016,vitamin tablets
2026-01-01T00:20:58.650000Z,q0032,ceramic mug
2026-01-01T00:20:58.750000Z,q0024,storage basket
2026-01-01T00:20:58.850000Z,q0032,ceramic mug
2026-01-01T00:20:58.950000Z,q0033,cutlery set
2026-01-01T00:20:59.050000Z,q0037,walking boots
2026-01-01T00:20:59.150000Z,q0600,Alder sticky notes
2026-01-01T00:20:59.250000Z,q0006,face moisturiser
2026-01-01T00:20:59.350000Z,q0046,wooden puzzle
2026-01-01T00:20:59.450000Z,q0011,cookbook
2026-01-01T00:20:59.550000Z,q0032,ceramic mug
2026-01-01T00:20:59.650000Z,q0137,black watering can
2026-01-01T00:20:59.750000Z,q0036,running shoes
2026-01-01T00:20:59.850000Z,q0001,cotton shirt
2026-01-01T00:20:59.950000Z,q0029,wall shelf
2026-01-01T00:21:00.033000Z,q0010,sunscreen
2026-01-01T00:21:00.100000Z,q0037,walking boots
2026-01-01T00:21:00.167000Z,q0038,sandals
2026-01-01T00:21:00.233000Z,q0018,sleep mask
2026-01-01T00:21:00.300000Z,q0013,children storybook
2026-01-01T00:21:00.367000Z,q0031,steel saucepan
2026-01-01T00:21:00.433000Z,q0042,football
2026-01-01T00:21:00.500000Z,q0851,cotton cordless drill
2026-01-01T00:21:00.567000Z,q0285,green olive oil
2026-01-01T00:21:00.633000Z,q0020,electric toothbrush
2026-01-01T00:21:00.700000Z,q0027,paint brush
2026-01-01T00:21:00.767000Z,q0035,glass storage jar
2026-01-01T00:21:00.833000Z,q0296,green notebook
2026-01-01T00:21:00.900000Z,q0350,grey toy train
2026-01-01T00:21:00.967000Z,q0001,cotton shirt
2026-01-01T00:21:01.033000Z,q0027,paint brush
2026-01-01T00:21:01.100000Z,q0048,plush bear
2026-01-01T00:21:01.167000Z,q0014,gardening book
2026-01-01T00:21:01.233000Z,q0025,throw blanket
2026-01-01T00:21:01.300000Z,q0200,blue toy train
2026-01-01T00:21:01.367000Z,q0155,blue rain jacket
2026-01-01T00:21:01.433000Z,q0022,cotton bedding
2026-01-01T00:21:01.500000Z,q0034,chopping board
2026-01-01T00:21:01.567000Z,q0046,wooden puzzle
2026-01-01T00:21:01.633000Z,q0023,bath towel
2026-01-01T00:21:01.700000Z,q0035,glass storage jar
2026-01-01T00:21:01.767000Z,q0013,children storybook
2026-01-01T00:21:01.833000Z,q0081,black face moisturiser
2026-01-01T00:21:01.900000Z,q0602,Harbour linen dress
2026-01-01T00:21:01.967000Z,q0023,bath towel
2026-01-01T00:21:02.033000Z,q0985,archived lunar model 5
2026-01-01T00:21:02.100000Z,q0004,wool jumper
2026-01-01T00:21:02.167000Z,q0632,Harbour ceramic mug
2026-01-01T00:21:02.233000Z,q0008,hand cream
2026-01-01T00:21:02.300000Z,q0101,black cordless drill
2026-01-01T00:21:02.367000Z,q0038,sandals
2026-01-01T00:21:02.433000Z,q0032,ceramic mug
2026-01-01T00:21:02.500000Z,q0731,Linden breakfast oats
2026-01-01T00:21:02.567000Z,q0049,craft kit
2026-01-01T00:21:02.633000Z,q0039,slippers
2026-01-01T00:21:02.700000Z,q0147,black ballpoint pens
2026-01-01T00:21:02.767000Z,q0019,heat pad
2026-01-01T00:21:02.833000Z,q0692,Linden first aid kit
2026-01-01T00:21:02.900000Z,q0001,cotton shirt
2026-01-01T00:21:02.967000Z,q0559,Alder chopping board
2026-01-01T00:21:03.033000Z,q0014,gardening book
2026-01-01T00:21:03.100000Z,q0799,Vela craft kit
2026-01-01T00:21:03.167000Z,q0011,cookbook
2026-01-01T00:21:03.233000Z,q0015,crime novel
2026-01-01T00:21:03.300000Z,q0015,crime novel
2026-01-01T00:21:03.367000Z,q0045,running shorts
2026-01-01T00:21:03.433000Z,q0010,sunscreen
2026-01-01T00:21:03.500000Z,q0435,red olive oil
2026-01-01T00:21:03.567000Z,q0016,vitamin tablets
2026-01-01T00:21:03.633000Z,q0015,crime novel
2026-01-01T00:21:03.700000Z,q0597,Alder ballpoint pens
2026-01-01T00:21:03.767000Z,q0045,running shorts
2026-01-01T00:21:03.833000Z,q0007,shampoo
2026-01-01T00:21:03.900000Z,q0020,electric toothbrush
2026-01-01T00:21:03.967000Z,q0231,green face moisturiser
2026-01-01T00:21:04.033000Z,q0022,cotton bedding
2026-01-01T00:21:04.100000Z,q0654,Harbour smart watch
2026-01-01T00:21:04.167000Z,q0353,grey tablet
2026-01-01T00:21:04.233000Z,q0025,throw blanket
2026-01-01T00:21:04.300000Z,q0006,face moisturiser
2026-01-01T00:21:04.367000Z,q0046,wooden puzzle
2026-01-01T00:21:04.433000Z,q0024,storage basket
2026-01-01T00:21:04.500000Z,q0658,Harbour herbal tea
2026-01-01T00:21:04.567000Z,q0209,blue pasta sauce
2026-01-01T00:21:04.633000Z,q0039,slippers
2026-01-01T00:21:04.700000Z,q0040,leather shoes
2026-01-01T00:21:04.767000Z,q0001,cotton shirt
2026-01-01T00:21:04.833000Z,q0026,cordless drill
2026-01-01T00:21:04.900000Z,q0935,recycled glass storage jar
2026-01-01T00:21:04.967000Z,q0022,cotton bedding
2026-01-01T00:21:05.033000Z,q0015,crime novel
2026-01-01T00:21:05.100000Z,q0028,tool box
2026-01-01T00:21:05.167000Z,q0021,desk lamp
2026-01-01T00:21:05.233000Z,q0030,work gloves
2026-01-01T00:21:05.300000Z,q0041,yoga mat
2026-01-01T00:21:05.367000Z,q0033,cutlery set
2026-01-01T00:21:05.433000Z,q0033,cutlery set
2026-01-01T00:21:05.500000Z,q0358,grey herbal tea
2026-01-01T00:21:05.567000Z,q0870,cotton running shorts
2026-01-01T00:21:05.633000Z,q0039,slippers
2026-01-01T00:21:05.700000Z,q0007,shampoo
2026-01-01T00:21:05.767000Z,q0336,grey running shoes
2026-01-01T00:21:05.833000Z,q0891,cotton dog lead
2026-01-01T00:21:05.900000Z,q0025,throw blanket
2026-01-01T00:21:05.967000Z,q0003,denim jeans
2026-01-01T00:21:06.033000Z,q0043,water bottle
2026-01-01T00:21:06.100000Z,q0044,resistance bands
2026-01-01T00:21:06.167000Z,q0040,leather shoes
2026-01-01T00:21:06.233000Z,q0004,wool jumper
2026-01-01T00:21:06.300000Z,q0027,paint brush
2026-01-01T00:21:06.367000Z,q0275,green toy train
2026-01-01T00:21:06.433000Z,q0536,Alder cookbook
2026-01-01T00:21:06.500000Z,q0944,recycled resistance bands
2026-01-01T00:21:06.567000Z,q0006,face moisturiser
2026-01-01T00:21:06.633000Z,q0045,running shorts
2026-01-01T00:21:06.700000Z,q0488,white sandals
2026-01-01T00:21:06.767000Z,q0015,crime novel
2026-01-01T00:21:06.833000Z,q0002,linen dress
2026-01-01T00:21:06.900000Z,q0019,heat pad
2026-01-01T00:21:06.967000Z,q0945,recycled running shorts
2026-01-01T00:21:07.033000Z,q0029,wall shelf
2026-01-01T00:21:07.100000Z,q0839,cotton gardening book
2026-01-01T00:21:07.167000Z,q0034,chopping board
2026-01-01T00:21:07.233000Z,q0976,premium cotton shirt
2026-01-01T00:21:07.300000Z,q0030,work gloves
2026-01-01T00:21:07.367000Z,q0005,rain jacket
2026-01-01T00:21:07.433000Z,q0008,hand cream
2026-01-01T00:21:07.500000Z,q0016,vitamin tablets
2026-01-01T00:21:07.567000Z,q0022,cotton bedding
2026-01-01T00:21:07.633000Z,q0255,green work gloves
2026-01-01T00:21:07.700000Z,q0047,building blocks
2026-01-01T00:21:07.767000Z,q0039,slippers
2026-01-01T00:21:07.833000Z,q0009,body wash
2026-01-01T00:21:07.900000Z,q0033,cutlery set
2026-01-01T00:21:07.967000Z,q0585,Alder olive oil
2026-01-01T00:21:08.033000Z,q0207,blue ground coffee
2026-01-01T00:21:08.100000Z,q0961,recycled garden gloves
2026-01-01T00:21:08.167000Z,q0010,sunscreen
2026-01-01T00:21:08.233000Z,q0580,Alder usb c charger
2026-01-01T00:21:08.300000Z,q0024,storage basket
2026-01-01T00:21:08.367000Z,q0013,children storybook
2026-01-01T00:21:08.433000Z,q0046,wooden puzzle
2026-01-01T00:21:08.500000Z,q0008,hand cream
2026-01-01T00:21:08.567000Z,q0028,tool box
2026-01-01T00:21:08.633000Z,q0009,body wash
2026-01-01T00:21:08.700000Z,q0048,plush bear
2026-01-01T00:21:08.767000Z,q0005,rain jacket
2026-01-01T00:21:08.833000Z,q0035,glass storage jar
2026-01-01T00:21:08.900000Z,q0487,white walking boots
2026-01-01T00:21:08.967000Z,q0035,glass storage jar
2026-01-01T00:21:09.033000Z,q0040,leather shoes
2026-01-01T00:21:09.100000Z,q0336,grey running shoes
2026-01-01T00:21:09.167000Z,q0889,cotton pruning shears
2026-01-01T00:21:09.233000Z,q0938,recycled sandals
2026-01-01T00:21:09.300000Z,q0893,cotton pet bowl
2026-01-01T00:21:09.367000Z,q0040,leather shoes
2026-01-01T00:21:09.433000Z,q0028,tool box
2026-01-01T00:21:09.500000Z,q0001,cotton shirt
2026-01-01T00:21:09.567000Z,q0035,glass storage jar
2026-01-01T00:21:09.633000Z,q0837,cotton travel guide
2026-01-01T00:21:09.700000Z,q0030,work gloves
2026-01-01T00:21:09.767000Z,q0966,recycled dog lead
2026-01-01T00:21:09.833000Z,q0026,cordless drill
2026-01-01T00:21:09.900000Z,q0037,walking boots
2026-01-01T00:21:09.967000Z,q0032,ceramic mug
2026-01-01T00:21:10.050000Z,q0035,glass storage jar
2026-01-01T00:21:10.150000Z,q0003,denim jeans
2026-01-01T00:21:10.250000Z,q0017,first aid kit
2026-01-01T00:21:10.350000Z,q0041,yoga mat
2026-01-01T00:21:10.450000Z,q0001,cotton shirt
2026-01-01T00:21:10.550000Z,q0033,cutlery set
2026-01-01T00:21:10.650000Z,q0486,white running shoes
2026-01-01T00:21:10.750000Z,q0836,cotton cookbook
2026-01-01T00:21:10.850000Z,q0805,Vela usb c charger
2026-01-01T00:21:10.950000Z,q0890,cotton solar lights
2026-01-01T00:21:11.050000Z,q0027,paint brush
2026-01-01T00:21:11.150000Z,q0009,body wash
2026-01-01T00:21:11.250000Z,q0042,football
2026-01-01T00:21:11.350000Z,q0966,recycled dog lead
2026-01-01T00:21:11.450000Z,q0930,recycled work gloves
2026-01-01T00:21:11.550000Z,q0025,throw blanket
2026-01-01T00:21:11.650000Z,q0017,first aid kit
2026-01-01T00:21:11.750000Z,q0022,cotton bedding
2026-01-01T00:21:11.850000Z,q0619,Harbour heat pad
2026-01-01T00:21:11.950000Z,q0043,water bottle
2026-01-01T00:21:12.050000Z,q0013,children storybook
2026-01-01T00:21:12.150000Z,q0045,running shorts
2026-01-01T00:21:12.250000Z,q0318,grey sleep mask
2026-01-01T00:21:12.350000Z,q0026,cordless drill
2026-01-01T00:21:12.450000Z,q0018,sleep mask
2026-01-01T00:21:12.550000Z,q0031,steel saucepan
2026-01-01T00:21:12.650000Z,q0654,Harbour smart watch
2026-01-01T00:21:12.750000Z,q0017,first aid kit
2026-01-01T00:21:12.850000Z,q0041,yoga mat
2026-01-01T00:21:12.950000Z,q0024,storage basket
2026-01-01T00:21:13.050000Z,q0201,blue wireless headphones
2026-01-01T00:21:13.150000Z,q0050,toy train
2026-01-01T00:21:13.250000Z,q0026,cordless drill
2026-01-01T00:21:13.350000Z,q0006,face moisturiser
2026-01-01T00:21:13.450000Z,q0014,gardening book
2026-01-01T00:21:13.550000Z,q0014,gardening book
2026-01-01T00:21:13.650000Z,q0013,children storybook
2026-01-01T00:21:13.750000Z,q0032,ceramic mug
2026-01-01T00:21:13.850000Z,q0501,white wireless headphones
2026-01-01T00:21:13.950000Z,q0935,recycled glass storage jar
2026-01-01T00:21:14.050000Z,q0758,Vela hand cream
2026-01-01T00:21:14.150000Z,q0288,green plant pot
2026-01-01T00:21:14.250000Z,q0001,cotton shirt
2026-01-01T00:21:14.350000Z,q0012,travel guide
2026-01-01T00:21:14.450000Z,q0783,Vela cutlery set
2026-01-01T00:21:14.550000Z,q0867,cotton football
2026-01-01T00:21:14.650000Z,q0007,shampoo
2026-01-01T00:21:14.750000Z,q0278,green tablet
2026-01-01T00:21:14.850000Z,q0884,cotton pasta sauce
2026-01-01T00:21:14.950000Z,q0016,vitamin tablets
2026-01-01T00:21:15.050000Z,q0138,black plant pot
2026-01-01T00:21:15.150000Z,q0992,archived lunar model 12
2026-01-01T00:21:15.250000Z,q0029,wall shelf
2026-01-01T00:21:15.350000Z,q0022,cotton bedding
2026-01-01T00:21:15.450000Z,q0346,grey wooden puzzle
2026-01-01T00:21:15.550000Z,q0050,toy train
2026-01-01T00:21:15.650000Z,q0007,shampoo
2026-01-01T00:21:15.750000Z,q0035,glass storage jar
2026-01-01T00:21:15.850000Z,q0042,football
2026-01-01T00:21:15.950000Z,q0585,Alder olive oil
2026-01-01T00:21:16.050000Z,q0571,Alder wooden puzzle
2026-01-01T00:21:16.150000Z,q0234,green body wash
2026-01-01T00:21:16.250000Z,q0907,recycled shampoo
2026-01-01T00:21:16.350000Z,q0035,glass storage jar
2026-01-01T00:21:16.450000Z,q0001,cotton shirt
2026-01-01T00:21:16.550000Z,q0282,green ground coffee
2026-01-01T00:21:16.650000Z,q0145,black pet blanket
2026-01-01T00:21:16.750000Z,q0905,recycled rain jacket
2026-01-01T00:21:16.850000Z,q0032,ceramic mug
2026-01-01T00:21:16.950000Z,q0022,cotton bedding
2026-01-01T00:21:17.050000Z,q0021,desk lamp
2026-01-01T00:21:17.150000Z,q0037,walking boots
2026-01-01T00:21:17.250000Z,q0044,resistance bands
2026-01-01T00:21:17.350000Z,q0016,vitamin tablets
2026-01-01T00:21:17.450000Z,q0012,travel guide
2026-01-01T00:21:17.550000Z,q0153,blue denim jeans
2026-01-01T00:21:17.650000Z,q0562,Alder walking boots
2026-01-01T00:21:17.750000Z,q0849,cotton storage basket
2026-01-01T00:21:17.850000Z,q0983,archived lunar model 3
2026-01-01T00:21:17.950000Z,q0027,paint brush
2026-01-01T00:21:18.050000Z,q0022,cotton bedding
2026-01-01T00:21:18.150000Z,q0025,throw blanket
2026-01-01T00:21:18.250000Z,q0028,tool box
2026-01-01T00:21:18.350000Z,q0001,cotton shirt
2026-01-01T00:21:18.450000Z,q0227,green linen dress
2026-01-01T00:21:18.550000Z,q0044,resistance bands
2026-01-01T00:21:18.650000Z,q0009,body wash
2026-01-01T00:21:18.750000Z,q0042,football
2026-01-01T00:21:18.850000Z,q0065,solar lights
2026-01-01T00:21:18.950000Z,q0123,black plush bear
2026-01-01T00:21:19.050000Z,q0035,glass storage jar
2026-01-01T00:21:19.150000Z,q0475,white throw blanket
2026-01-01T00:21:19.250000Z,q0501,white wireless headphones
2026-01-01T00:21:19.350000Z,q0045,running shorts
2026-01-01T00:21:19.450000Z,q0022,cotton bedding
2026-01-01T00:21:19.550000Z,q0045,running shorts
2026-01-01T00:21:19.650000Z,q0031,steel saucepan
2026-01-01T00:21:19.750000Z,q0105,black work gloves
2026-01-01T00:21:19.850000Z,q0036,running shoes
2026-01-01T00:21:19.950000Z,q0019,heat pad
2026-01-01T00:21:20.050000Z,q0017,first aid kit
2026-01-01T00:21:20.150000Z,q0002,linen dress
2026-01-01T00:21:20.250000Z,q0028,tool box
2026-01-01T00:21:20.350000Z,q0046,wooden puzzle
2026-01-01T00:21:20.450000Z,q0032,ceramic mug
2026-01-01T00:21:20.550000Z,q0033,cutlery set
2026-01-01T00:21:20.650000Z,q0041,yoga mat
2026-01-01T00:21:20.750000Z,q0050,toy train
2026-01-01T00:21:20.850000Z,q0046,wooden puzzle
2026-01-01T00:21:20.950000Z,q0049,craft kit
2026-01-01T00:21:21.050000Z,q0024,storage basket
2026-01-01T00:21:21.150000Z,q0033,cutlery set
2026-01-01T00:21:21.250000Z,q0021,desk lamp
2026-01-01T00:21:21.350000Z,q0023,bath towel
2026-01-01T00:21:21.450000Z,q0010,sunscreen
2026-01-01T00:21:21.550000Z,q0015,crime novel
2026-01-01T00:21:21.650000Z,q0047,building blocks
2026-01-01T00:21:21.750000Z,q0418,red water bottle
2026-01-01T00:21:21.850000Z,q0037,walking boots
2026-01-01T00:21:21.950000Z,q0042,football
2026-01-01T00:21:22.050000Z,q0004,wool jumper
2026-01-01T00:21:22.150000Z,q0041,yoga mat
2026-01-01T00:21:22.250000Z,q0047,building blocks
2026-01-01T00:21:22.350000Z,q0319,grey heat pad
2026-01-01T00:21:22.450000Z,q0033,cutlery set
2026-01-01T00:21:22.550000Z,q0340,grey leather shoes
2026-01-01T00:21:22.650000Z,q0345,grey running shorts
2026-01-01T00:21:22.750000Z,q0017,first aid kit
2026-01-01T00:21:22.850000Z,q0026,cordless drill
2026-01-01T00:21:22.950000Z,q0037,walking boots
2026-01-01T00:21:23.050000Z,q0865,cotton leather shoes
2026-01-01T00:21:23.150000Z,q0013,children storybook
2026-01-01T00:21:23.250000Z,q0857,cotton ceramic mug
2026-01-01T00:21:23.350000Z,q0040,leather shoes
2026-01-01T00:21:23.450000Z,q0041,yoga mat
2026-01-01T00:21:23.550000Z,q0041,yoga mat
2026-01-01T00:21:23.650000Z,q0144,black bird feeder
2026-01-01T00:21:23.750000Z,q0039,slippers
2026-01-01T00:21:23.850000Z,q0036,running shoes
2026-01-01T00:21:23.950000Z,q0020,electric toothbrush
2026-01-01T00:21:24.050000Z,q0008,hand cream
2026-01-01T00:21:24.150000Z,q0021,desk lamp
2026-01-01T00:21:24.250000Z,q0036,running shoes
2026-01-01T00:21:24.350000Z,q0013,children storybook
2026-01-01T00:21:24.450000Z,q0011,cookbook
2026-01-01T00:21:24.550000Z,q0235,green sunscreen
2026-01-01T00:21:24.650000Z,q0017,first aid kit
2026-01-01T00:21:24.750000Z,q0046,wooden puzzle
2026-01-01T00:21:24.850000Z,q0905,recycled rain jacket
2026-01-01T00:21:24.950000Z,q0035,glass storage jar
2026-01-01T00:21:25.050000Z,q0029,wall shelf
2026-01-01T00:21:25.150000Z,q0094,black heat pad
2026-01-01T00:21:25.250000Z,q0849,cotton storage basket
2026-01-01T00:21:25.350000Z,q0009,body wash
2026-01-01T00:21:25.450000Z,q0007,shampoo
2026-01-01T00:21:25.550000Z,q0449,red sketch pad
2026-01-01T00:21:25.650000Z,q0887,cotton watering can
2026-01-01T00:21:25.750000Z,q0230,green rain jacket
2026-01-01T00:21:25.850000Z,q0044,resistance bands
2026-01-01T00:21:25.950000Z,q0029,wall shelf
2026-01-01T00:21:26.050000Z,q0020,electric toothbrush
2026-01-01T00:21:26.150000Z,q0797,Vela building blocks
2026-01-01T00:21:26.250000Z,q0267,green football
2026-01-01T00:21:26.350000Z,q0044,resistance bands
2026-01-01T00:21:26.450000Z,q0028,tool box
2026-01-01T00:21:26.550000Z,q0081,black face moisturiser
2026-01-01T00:21:26.650000Z,q0024,storage basket
2026-01-01T00:21:26.750000Z,q0035,glass storage jar
2026-01-01T00:21:26.850000Z,q0024,storage basket
2026-01-01T00:21:26.950000Z,q0005,rain jacket
2026-01-01T00:21:27.050000Z,q0002,linen dress
2026-01-01T00:21:27.150000Z,q0015,crime novel
2026-01-01T00:21:27.250000Z,q0034,chopping board
2026-01-01T00:21:27.350000Z,q0218,blue pet bowl
2026-01-01T00:21:27.450000Z,q0016,vitamin tablets
2026-01-01T00:21:27.550000Z,q0029,wall shelf
2026-01-01T00:21:27.650000Z,q0113,black sandals
2026-01-01T00:21:27.750000Z,q0006,face moisturiser
2026-01-01T00:21:27.850000Z,q0009,body wash
2026-01-01T00:21:27.950000Z,q0471,white desk lamp
2026-01-01T00:21:28.050000Z,q0045,running shorts
2026-01-01T00:21:28.150000Z,q0545,Alder electric toothbrush
2026-01-01T00:21:28.250000Z,q0030,work gloves
2026-01-01T00:21:28.350000Z,q0308,grey hand cream
2026-01-01T00:21:28.450000Z,q0019,heat pad
2026-01-01T00:21:28.550000Z,q0026,cordless drill
2026-01-01T00:21:28.650000Z,q0045,running shorts
2026-01-01T00:21:28.750000Z,q0018,sleep mask
2026-01-01T00:21:28.850000Z,q0035,glass storage jar
2026-01-01T00:21:28.950000Z,q0030,work gloves
2026-01-01T00:21:29.050000Z,q0815,Vela solar lights
2026-01-01T00:21:29.150000Z,q0454,white wool jumper
2026-01-01T00:21:29.250000Z,q0010,sunscreen
2026-01-01T00:21:29.350000Z,q0014,gardening book
2026-01-01T00:21:29.450000Z,q0034,chopping board
2026-01-01T00:21:29.550000Z,q0049,craft kit
2026-01-01T00:21:29.650000Z,q0575,Alder toy train
2026-01-01T00:21:29.750000Z,q0625,Harbour throw blanket
2026-01-01T00:21:29.850000Z,q0033,cutlery set
2026-01-01T00:21:29.950000Z,q0017,first aid kit
2026-01-01T00:21:30.050000Z,q0693,Linden sleep mask
2026-01-01T00:21:30.150000Z,q0049,craft kit
2026-01-01T00:21:30.250000Z,q0048,plush bear
2026-01-01T00:21:30.350000Z,q0521,white notebook
2026-01-01T00:21:30.450000Z,q0703,Linden tool box
2026-01-01T00:21:30.550000Z,q0008,hand cream
2026-01-01T00:21:30.650000Z,q0007,shampoo
2026-01-01T00:21:30.750000Z,q0017,first aid kit
2026-01-01T00:21:30.850000Z,q0648,Harbour plush bear
2026-01-01T00:21:30.950000Z,q0021,desk lamp
2026-01-01T00:21:31.050000Z,q0016,vitamin tablets
2026-01-01T00:21:31.150000Z,q0044,resistance bands
2026-01-01T00:21:31.250000Z,q0429,red smart watch
2026-01-01T00:21:31.350000Z,q0990,archived lunar model 10
2026-01-01T00:21:31.450000Z,q0001,cotton shirt
2026-01-01T00:21:31.550000Z,q0675,Harbour sticky notes
2026-01-01T00:21:31.650000Z,q0043,water bottle
2026-01-01T00:21:31.750000Z,q0032,ceramic mug
2026-01-01T00:21:31.850000Z,q0024,storage basket
2026-01-01T00:21:31.950000Z,q0010,sunscreen
2026-01-01T00:21:32.050000Z,q0047,building blocks
2026-01-01T00:21:32.150000Z,q0025,throw blanket
2026-01-01T00:21:32.250000Z,q0015,crime novel
2026-01-01T00:21:32.350000Z,q0010,sunscreen
2026-01-01T00:21:32.450000Z,q0027,paint brush
2026-01-01T00:21:32.550000Z,q0007,shampoo
2026-01-01T00:21:32.650000Z,q0317,grey first aid kit
2026-01-01T00:21:32.750000Z,q0009,body wash
2026-01-01T00:21:32.850000Z,q0267,green football
2026-01-01T00:21:32.950000Z,q0042,football
2026-01-01T00:21:33.050000Z,q0114,black slippers
2026-01-01T00:21:33.150000Z,q0914,recycled gardening book
2026-01-01T00:21:33.250000Z,q0021,desk lamp
2026-01-01T00:21:33.350000Z,q0797,Vela building blocks
2026-01-01T00:21:33.450000Z,q0079,black wool jumper
2026-01-01T00:21:33.550000Z,q0016,vitamin tablets
2026-01-01T00:21:33.650000Z,q0216,blue dog lead
2026-01-01T00:21:33.750000Z,q0034,chopping board
2026-01-01T00:21:33.850000Z,q0024,storage basket
2026-01-01T00:21:33.950000Z,q0034,chopping board
2026-01-01T00:21:34.050000Z,q0004,wool jumper
2026-01-01T00:21:34.150000Z,q0019,heat pad
2026-01-01T00:21:34.250000Z,q0049,craft kit
2026-01-01T00:21:34.350000Z,q0048,plush bear
2026-01-01T00:21:34.450000Z,q0038,sandals
2026-01-01T00:21:34.550000Z,q0032,ceramic mug
2026-01-01T00:21:34.650000Z,q0011,cookbook
2026-01-01T00:21:34.750000Z,q0040,leather shoes
2026-01-01T00:21:34.850000Z,q0024,storage basket
2026-01-01T00:21:34.950000Z,q0601,Harbour cotton shirt
2026-01-01T00:21:35.050000Z,q0023,bath towel
2026-01-01T00:21:35.150000Z,q0018,sleep mask
2026-01-01T00:21:35.250000Z,q0916,recycled vitamin tablets
2026-01-01T00:21:35.350000Z,q0492,white football
2026-01-01T00:21:35.450000Z,q0013,children storybook
2026-01-01T00:21:35.550000Z,q0030,work gloves
2026-01-01T00:21:35.650000Z,q0007,shampoo
2026-01-01T00:21:35.750000Z,q0029,wall shelf
2026-01-01T00:21:35.850000Z,q0819,Vela bird feeder
2026-01-01T00:21:35.950000Z,q0024,storage basket
2026-01-01T00:21:36.050000Z,q0036,running shoes
2026-01-01T00:21:36.150000Z,q0294,green bird feeder
2026-01-01T00:21:36.250000Z,q0007,shampoo
2026-01-01T00:21:36.350000Z,q0038,sandals
2026-01-01T00:21:36.450000Z,q0252,green paint brush
2026-01-01T00:21:36.550000Z,q0003,denim jeans
2026-01-01T00:21:36.650000Z,q0045,running shorts
2026-01-01T00:21:36.750000Z,q0019,heat pad
2026-01-01T00:21:36.850000Z,q0027,paint brush
2026-01-01T00:21:36.950000Z,q0631,Harbour steel saucepan
2026-01-01T00:21:37.050000Z,q0001,cotton shirt
2026-01-01T00:21:37.150000Z,q0696,Linden desk lamp
2026-01-01T00:21:37.250000Z,q0032,ceramic mug
2026-01-01T00:21:37.350000Z,q0002,linen dress
2026-01-01T00:21:37.450000Z,q0045,running shorts
2026-01-01T00:21:37.550000Z,q0028,tool box
2026-01-01T00:21:37.650000Z,q0032,ceramic mug
2026-01-01T00:21:37.750000Z,q0047,building blocks
2026-01-01T00:21:37.850000Z,q0668,Harbour pet bowl
2026-01-01T00:21:37.950000Z,q0047,building blocks
2026-01-01T00:21:38.050000Z,q0729,Linden smart watch
2026-01-01T00:21:38.150000Z,q0007,shampoo
2026-01-01T00:21:38.250000Z,q0001,cotton shirt
2026-01-01T00:21:38.350000Z,q0021,desk lamp
2026-01-01T00:21:38.450000Z,q0021,desk lamp
2026-01-01T00:21:38.550000Z,q0694,Linden heat pad
2026-01-01T00:21:38.650000Z,q0014,gardening book
2026-01-01T00:21:38.750000Z,q0011,cookbook
2026-01-01T00:21:38.850000Z,q0774,Vela storage basket
2026-01-01T00:21:38.950000Z,q0003,denim jeans
2026-01-01T00:21:39.050000Z,q0002,linen dress
2026-01-01T00:21:39.150000Z,q0014,gardening book
2026-01-01T00:21:39.250000Z,q0028,tool box
2026-01-01T00:21:39.350000Z,q0022,cotton bedding
2026-01-01T00:21:39.450000Z,q0050,toy train
2026-01-01T00:21:39.550000Z,q0047,building blocks
2026-01-01T00:21:39.650000Z,q0015,crime novel
2026-01-01T00:21:39.750000Z,q0452,white linen dress
2026-01-01T00:21:39.850000Z,q0026,cordless drill
2026-01-01T00:21:39.950000Z,q0099,black storage basket
2026-01-01T00:21:40.050000Z,q0001,cotton shirt
2026-01-01T00:21:40.150000Z,q0004,wool jumper
2026-01-01T00:21:40.250000Z,q0261,green running shoes
2026-01-01T00:21:40.350000Z,q0011,cookbook
2026-01-01T00:21:40.450000Z,q0518,white pet bowl
2026-01-01T00:21:40.550000Z,q0031,steel saucepan
2026-01-01T00:21:40.650000Z,q0603,Harbour denim jeans
2026-01-01T00:21:40.750000Z,q0159,blue body wash
2026-01-01T00:21:40.850000Z,q0927,recycled paint brush
2026-01-01T00:21:40.950000Z,q0026,cordless drill
2026-01-01T00:21:41.050000Z,q0011,cookbook
2026-01-01T00:21:41.150000Z,q0016,vitamin tablets
2026-01-01T00:21:41.250000Z,q0026,cordless drill
2026-01-01T00:21:41.350000Z,q0022,cotton bedding
2026-01-01T00:21:41.450000Z,q0029,wall shelf
2026-01-01T00:21:41.550000Z,q0028,tool box
2026-01-01T00:21:41.650000Z,q0046,wooden puzzle
2026-01-01T00:21:41.750000Z,q0483,white cutlery set
2026-01-01T00:21:41.850000Z,q0720,Linden running shorts
2026-01-01T00:21:41.950000Z,q0037,walking boots
2026-01-01T00:21:42.050000Z,q0702,Linden paint brush
2026-01-01T00:21:42.150000Z,q0879,cotton smart watch
2026-01-01T00:21:42.250000Z,q0189,blue slippers
2026-01-01T00:21:42.350000Z,q0212,blue watering can
2026-01-01T00:21:42.450000Z,q0002,linen dress
2026-01-01T00:21:42.550000Z,q0037,walking boots
2026-01-01T00:21:42.650000Z,q0046,wooden puzzle
2026-01-01T00:21:42.750000Z,q0022,cotton bedding
2026-01-01T00:21:42.850000Z,q0014,gardening book
2026-01-01T00:21:42.950000Z,q0631,Harbour steel saucepan
2026-01-01T00:21:43.056000Z,q0018,sleep mask
2026-01-01T00:21:43.167000Z,q0023,bath towel
2026-01-01T00:21:43.278000Z,q0016,vitamin tablets
2026-01-01T00:21:43.389000Z,q0024,storage basket
2026-01-01T00:21:43.500000Z,q0004,wool jumper
2026-01-01T00:21:43.611000Z,q0024,storage basket
2026-01-01T00:21:43.722000Z,q0002,linen dress
2026-01-01T00:21:43.833000Z,q0004,wool jumper
2026-01-01T00:21:43.944000Z,q0007,shampoo
2026-01-01T00:21:44.056000Z,q0818,Vela pet bowl
2026-01-01T00:21:44.167000Z,q0043,water bottle
2026-01-01T00:21:44.278000Z,q0945,recycled running shorts
2026-01-01T00:21:44.389000Z,q0025,throw blanket
2026-01-01T00:21:44.500000Z,q0049,craft kit
2026-01-01T00:21:44.611000Z,q0002,linen dress
2026-01-01T00:21:44.722000Z,q0010,sunscreen
2026-01-01T00:21:44.833000Z,q0001,cotton shirt
2026-01-01T00:21:44.944000Z,q0039,slippers
2026-01-01T00:21:45.056000Z,q0005,rain jacket
2026-01-01T00:21:45.167000Z,q0271,green wooden puzzle
2026-01-01T00:21:45.278000Z,q0029,wall shelf
2026-01-01T00:21:45.389000Z,q0092,black first aid kit
2026-01-01T00:21:45.500000Z,q0010,sunscreen
2026-01-01T00:21:45.611000Z,q0003,denim jeans
2026-01-01T00:21:45.722000Z,q0851,cotton cordless drill
2026-01-01T00:21:45.833000Z,q0440,red solar lights
2026-01-01T00:21:45.944000Z,q0042,football
2026-01-01T00:21:46.056000Z,q0002,linen dress
2026-01-01T00:21:46.167000Z,q0811,Vela garden gloves
2026-01-01T00:21:46.278000Z,q0045,running shorts
2026-01-01T00:21:46.389000Z,q0020,electric toothbrush
2026-01-01T00:21:46.500000Z,q0661,Harbour garden gloves
2026-01-01T00:21:46.611000Z,q0036,running shoes
2026-01-01T00:21:46.722000Z,q0491,white yoga mat
2026-01-01T00:21:46.833000Z,q0001,cotton shirt
2026-01-01T00:21:46.944000Z,q0018,sleep mask
2026-01-01T00:21:47.056000Z,q0032,ceramic mug
2026-01-01T00:21:47.167000Z,q0003,denim jeans
2026-01-01T00:21:47.278000Z,q0029,wall shelf
2026-01-01T00:21:47.389000Z,q0021,desk lamp
2026-01-01T00:21:47.500000Z,q0979,premium wool jumper
2026-01-01T00:21:47.611000Z,q0044,resistance bands
2026-01-01T00:21:47.722000Z,q0148,black desk organiser
2026-01-01T00:21:47.833000Z,q0185,blue glass storage jar
2026-01-01T00:21:47.944000Z,q0024,storage basket
2026-01-01T00:21:48.056000Z,q0028,tool box
2026-01-01T00:21:48.167000Z,q0020,electric toothbrush
2026-01-01T00:21:48.278000Z,q0022,cotton bedding
2026-01-01T00:21:48.389000Z,q0048,plush bear
2026-01-01T00:21:48.500000Z,q0034,chopping board
2026-01-01T00:21:48.611000Z,q0004,wool jumper
2026-01-01T00:21:48.722000Z,q0019,heat pad
2026-01-01T00:21:48.833000Z,q0820,Vela pet blanket
2026-01-01T00:21:48.944000Z,q0168,blue sleep mask
2026-01-01T00:21:49.056000Z,q0047,building blocks
2026-01-01T00:21:49.167000Z,q0044,resistance bands
2026-01-01T00:21:49.278000Z,q0025,throw blanket
2026-01-01T00:21:49.389000Z,q0023,bath towel
2026-01-01T00:21:49.500000Z,q0049,craft kit
2026-01-01T00:21:49.611000Z,q0026,cordless drill
2026-01-01T00:21:49.722000Z,q0023,bath towel
2026-01-01T00:21:49.833000Z,q0003,denim jeans
2026-01-01T00:21:49.944000Z,q0044,resistance bands
2026-01-01T00:21:50.056000Z,q0022,cotton bedding
2026-01-01T00:21:50.167000Z,q0012,travel guide
2026-01-01T00:21:50.278000Z,q0044,resistance bands
2026-01-01T00:21:50.389000Z,q0050,toy train
2026-01-01T00:21:50.500000Z,q0543,Alder sleep mask
2026-01-01T00:21:50.611000Z,q0131,black breakfast oats
2026-01-01T00:21:50.722000Z,q0793,Vela water bottle
2026-01-01T00:21:50.833000Z,q0324,grey storage basket
2026-01-01T00:21:50.944000Z,q0858,cotton cutlery set
2026-01-01T00:21:51.056000Z,q0675,Harbour sticky notes
2026-01-01T00:21:51.167000Z,q0021,desk lamp
2026-01-01T00:21:51.278000Z,q0047,building blocks
2026-01-01T00:21:51.389000Z,q0031,steel saucepan
2026-01-01T00:21:51.500000Z,q0037,walking boots
2026-01-01T00:21:51.611000Z,q0025,throw blanket
2026-01-01T00:21:51.722000Z,q0047,building blocks
2026-01-01T00:21:51.833000Z,q0001,cotton shirt
2026-01-01T00:21:51.944000Z,q0031,steel saucepan
2026-01-01T00:21:52.056000Z,q0136,black garden gloves
2026-01-01T00:21:52.167000Z,q0008,hand cream
2026-01-01T00:21:52.278000Z,q0995,archived lunar model 15
2026-01-01T00:21:52.389000Z,q0013,children storybook
2026-01-01T00:21:52.500000Z,q0001,cotton shirt
2026-01-01T00:21:52.611000Z,q0012,travel guide
2026-01-01T00:21:52.722000Z,q0049,craft kit
2026-01-01T00:21:52.833000Z,q0005,rain jacket
2026-01-01T00:21:52.944000Z,q0014,gardening book
2026-01-01T00:21:53.056000Z,q0048,plush bear
2026-01-01T00:21:53.167000Z,q0041,yoga mat
2026-01-01T00:21:53.278000Z,q0012,travel guide
2026-01-01T00:21:53.389000Z,q0013,children storybook
2026-01-01T00:21:53.500000Z,q0026,cordless drill
2026-01-01T00:21:53.611000Z,q0805,Vela usb c charger
2026-01-01T00:21:53.722000Z,q0303,grey denim jeans
2026-01-01T00:21:53.833000Z,q0937,recycled walking boots
2026-01-01T00:21:53.944000Z,q0517,white cat toy
2026-01-01T00:21:54.056000Z,q0006,face moisturiser
2026-01-01T00:21:54.167000Z,q0041,yoga mat
2026-01-01T00:21:54.278000Z,q0002,linen dress
2026-01-01T00:21:54.389000Z,q0017,first aid kit
2026-01-01T00:21:54.500000Z,q0040,leather shoes
2026-01-01T00:21:54.611000Z,q0004,wool jumper
2026-01-01T00:21:54.722000Z,q0009,body wash
2026-01-01T00:21:54.833000Z,q0390,red crime novel
2026-01-01T00:21:54.944000Z,q0819,Vela bird feeder
2026-01-01T00:21:55.056000Z,q0036,running shoes
2026-01-01T00:21:55.167000Z,q0064,pruning shears
2026-01-01T00:21:55.278000Z,q0312,grey travel guide
2026-01-01T00:21:55.389000Z,q0022,cotton bedding
2026-01-01T00:21:55.500000Z,q0611,Harbour cookbook
2026-01-01T00:21:55.611000Z,q0014,gardening book
2026-01-01T00:21:55.722000Z,q0287,green watering can
2026-01-01T00:21:55.833000Z,q0870,cotton running shorts
2026-01-01T00:21:55.944000Z,q0038,sandals
2026-01-01T00:21:56.056000Z,q0032,ceramic mug
2026-01-01T00:21:56.167000Z,q0123,black plush bear
2026-01-01T00:21:56.278000Z,q0003,denim jeans
2026-01-01T00:21:56.389000Z,q0016,vitamin tablets
2026-01-01T00:21:56.500000Z,q0004,wool jumper
2026-01-01T00:21:56.611000Z,q0009,body wash
2026-01-01T00:21:56.722000Z,q0011,cookbook
2026-01-01T00:21:56.833000Z,q0034,chopping board
2026-01-01T00:21:56.944000Z,q0019,heat pad
2026-01-01T00:21:57.056000Z,q0030,work gloves
2026-01-01T00:21:57.167000Z,q0194,blue resistance bands
2026-01-01T00:21:57.278000Z,q0025,throw blanket
2026-01-01T00:21:57.389000Z,q0025,throw blanket
2026-01-01T00:21:57.500000Z,q0021,desk lamp
2026-01-01T00:21:57.611000Z,q0858,cotton cutlery set
2026-01-01T00:21:57.722000Z,q0013,children storybook
2026-01-01T00:21:57.833000Z,q0229,green wool jumper
2026-01-01T00:21:57.944000Z,q0032,ceramic mug
2026-01-01T00:21:58.056000Z,q0023,bath towel
2026-01-01T00:21:58.167000Z,q0043,water bottle
2026-01-01T00:21:58.278000Z,q0011,cookbook
2026-01-01T00:21:58.389000Z,q0039,slippers
2026-01-01T00:21:58.500000Z,q0042,football
2026-01-01T00:21:58.611000Z,q0002,linen dress
2026-01-01T00:21:58.722000Z,q0006,face moisturiser
2026-01-01T00:21:58.833000Z,q0808,Vela herbal tea
2026-01-01T00:21:58.944000Z,q0049,craft kit
2026-01-01T00:21:59.056000Z,q0017,first aid kit
2026-01-01T00:21:59.167000Z,q0036,running shoes
2026-01-01T00:21:59.278000Z,q0232,green shampoo
2026-01-01T00:21:59.389000Z,q0001,cotton shirt
2026-01-01T00:21:59.500000Z,q0034,chopping board
2026-01-01T00:21:59.611000Z,q0022,cotton bedding
2026-01-01T00:21:59.722000Z,q0014,gardening book
2026-01-01T00:21:59.833000Z,q0027,paint brush
2026-01-01T00:21:59.944000Z,q0020,electric toothbrush
2026-01-01T00:22:00.056000Z,q0002,linen dress
2026-01-01T00:22:00.167000Z,q0013,children storybook
2026-01-01T00:22:00.278000Z,q0149,black sketch pad
2026-01-01T00:22:00.389000Z,q0736,Linden garden gloves
2026-01-01T00:22:00.500000Z,q0767,Vela first aid kit
2026-01-01T00:22:00.611000Z,q0017,first aid kit
2026-01-01T00:22:00.722000Z,q0116,black yoga mat
2026-01-01T00:22:00.833000Z,q0037,walking boots
2026-01-01T00:22:00.944000Z,q0005,rain jacket
2026-01-01T00:22:01.056000Z,q0577,Alder bluetooth speaker
2026-01-01T00:22:01.167000Z,q0999,archived lunar model 19
2026-01-01T00:22:01.278000Z,q0028,tool box
2026-01-01T00:22:01.389000Z,q0039,slippers
2026-01-01T00:22:01.500000Z,q0664,Harbour pruning shears
2026-01-01T00:22:01.611000Z,q0034,chopping board
2026-01-01T00:22:01.722000Z,q0010,sunscreen
2026-01-01T00:22:01.833000Z,q0391,red vitamin tablets
2026-01-01T00:22:01.944000Z,q0313,grey children storybook
2026-01-01T00:22:02.056000Z,q0018,sleep mask
2026-01-01T00:22:02.167000Z,q0003,denim jeans
2026-01-01T00:22:02.278000Z,q0001,cotton shirt
2026-01-01T00:22:02.389000Z,q0284,green pasta sauce
2026-01-01T00:22:02.500000Z,q0006,face moisturiser
2026-01-01T00:22:02.611000Z,q0945,recycled running shorts
2026-01-01T00:22:02.722000Z,q0023,bath towel
2026-01-01T00:22:02.833000Z,q0034,chopping board
2026-01-01T00:22:02.944000Z,q0041,yoga mat
2026-01-01T00:22:03.056000Z,q0021,desk lamp
2026-01-01T00:22:03.167000Z,q0019,heat pad
2026-01-01T00:22:03.278000Z,q0533,Alder hand cream
2026-01-01T00:22:03.389000Z,q0007,shampoo
2026-01-01T00:22:03.500000Z,q0020,electric toothbrush
2026-01-01T00:22:03.611000Z,q0011,cookbook
2026-01-01T00:22:03.722000Z,q0345,grey running shorts
2026-01-01T00:22:03.833000Z,q0001,cotton shirt
2026-01-01T00:22:03.944000Z,q0038,sandals
2026-01-01T00:22:04.056000Z,q0024,storage basket
2026-01-01T00:22:04.167000Z,q0770,Vela electric toothbrush
2026-01-01T00:22:04.278000Z,q0037,walking boots
2026-01-01T00:22:04.389000Z,q0005,rain jacket
2026-01-01T00:22:04.500000Z,q0002,linen dress
2026-01-01T00:22:04.611000Z,q0418,red water bottle
2026-01-01T00:22:04.722000Z,q0041,yoga mat
2026-01-01T00:22:04.833000Z,q0002,linen dress
2026-01-01T00:22:04.944000Z,q0006,face moisturiser
2026-01-01T00:22:05.056000Z,q0210,blue olive oil
2026-01-01T00:22:05.167000Z,q0009,body wash
2026-01-01T00:22:05.278000Z,q0046,wooden puzzle
2026-01-01T00:22:05.389000Z,q0009,body wash
2026-01-01T00:22:05.500000Z,q0002,linen dress
2026-01-01T00:22:05.611000Z,q0039,slippers
2026-01-01T00:22:05.722000Z,q0293,green pet bowl
2026-01-01T00:22:05.833000Z,q0011,cookbook
2026-01-01T00:22:05.944000Z,q0419,red resistance bands
2026-01-01T00:22:06.062000Z,q0485,white glass storage jar
2026-01-01T00:22:06.188000Z,q0212,blue watering can
2026-01-01T00:22:06.312000Z,q0123,black plush bear
2026-01-01T00:22:06.438000Z,q0413,red sandals
2026-01-01T00:22:06.562000Z,q0025,throw blanket
2026-01-01T00:22:06.688000Z,q0045,running shorts
2026-01-01T00:22:06.812000Z,q0011,cookbook
2026-01-01T00:22:06.938000Z,q0439,red pruning shears
2026-01-01T00:22:07.062000Z,q0322,grey cotton bedding
2026-01-01T00:22:07.188000Z,q0072,ballpoint pens
2026-01-01T00:22:07.312000Z,q0037,walking boots
2026-01-01T00:22:07.438000Z,q0015,crime novel
2026-01-01T00:22:07.562000Z,q0331,grey steel saucepan
2026-01-01T00:22:07.688000Z,q0612,Harbour travel guide
2026-01-01T00:22:07.812000Z,q0014,gardening book
2026-01-01T00:22:07.938000Z,q0045,running shorts
2026-01-01T00:22:08.062000Z,q0492,white football
2026-01-01T00:22:08.188000Z,q0039,slippers
2026-01-01T00:22:08.312000Z,q0041,yoga mat
2026-01-01T00:22:08.438000Z,q0019,heat pad
2026-01-01T00:22:08.562000Z,q0032,ceramic mug
2026-01-01T00:22:08.688000Z,q0078,black denim jeans
2026-01-01T00:22:08.812000Z,q0042,football
2026-01-01T00:22:08.938000Z,q0854,cotton wall shelf
2026-01-01T00:22:09.062000Z,q0011,cookbook
2026-01-01T00:22:09.188000Z,q0039,slippers
2026-01-01T00:22:09.312000Z,q0035,glass storage jar
2026-01-01T00:22:09.438000Z,q0035,glass storage jar
2026-01-01T00:22:09.562000Z,q0980,premium rain jacket
2026-01-01T00:22:09.688000Z,q0017,first aid kit
2026-01-01T00:22:09.812000Z,q0027,paint brush
2026-01-01T00:22:09.938000Z,q0021,desk lamp
2026-01-01T00:22:10.062000Z,q0656,Harbour breakfast oats
2026-01-01T00:22:10.188000Z,q0944,recycled resistance bands
2026-01-01T00:22:10.312000Z,q0497,white building blocks
2026-01-01T00:22:10.438000Z,q0043,water bottle
2026-01-01T00:22:10.562000Z,q0025,throw blanket
2026-01-01T00:22:10.688000Z,q0023,bath towel
2026-01-01T00:22:10.812000Z,q0012,travel guide
2026-01-01T00:22:10.938000Z,q0456,white face moisturiser
2026-01-01T00:22:11.062000Z,q0012,travel guide
2026-01-01T00:22:11.188000Z,q0032,ceramic mug
2026-01-01T00:22:11.312000Z,q0026,cordless drill
2026-01-01T00:22:11.438000Z,q0825,Vela sticky notes
2026-01-01T00:22:11.562000Z,q0029,wall shelf
2026-01-01T00:22:11.688000Z,q0004,wool jumper
2026-01-01T00:22:11.812000Z,q0004,wool jumper
2026-01-01T00:22:11.938000Z,q0153,blue denim jeans
2026-01-01T00:22:12.062000Z,q0032,ceramic mug
2026-01-01T00:22:12.188000Z,q0048,plush bear
2026-01-01T00:22:12.312000Z,q0005,rain jacket
2026-01-01T00:22:12.438000Z,q0002,linen dress
2026-01-01T00:22:12.562000Z,q0047,building blocks
2026-01-01T00:22:12.688000Z,q0546,Alder desk lamp
2026-01-01T00:22:12.812000Z,q0013,children storybook
2026-01-01T00:22:12.938000Z,q0075,sticky notes
2026-01-01T00:22:13.062000Z,q0041,yoga mat
2026-01-01T00:22:13.188000Z,q0963,recycled plant pot
2026-01-01T00:22:13.312000Z,q0004,wool jumper
2026-01-01T00:22:13.438000Z,q0030,work gloves
2026-01-01T00:22:13.562000Z,q0932,recycled ceramic mug
2026-01-01T00:22:13.688000Z,q0021,desk lamp
2026-01-01T00:22:13.812000Z,q0008,hand cream
2026-01-01T00:22:13.938000Z,q0004,wool jumper
2026-01-01T00:22:14.062000Z,q0026,cordless drill
2026-01-01T00:22:14.188000Z,q0184,blue chopping board
2026-01-01T00:22:14.312000Z,q0030,work gloves
2026-01-01T00:22:14.438000Z,q0743,Linden pet bowl
2026-01-01T00:22:14.562000Z,q0034,chopping board
2026-01-01T00:22:14.688000Z,q0023,bath towel
2026-01-01T00:22:14.812000Z,q0308,grey hand cream
2026-01-01T00:22:14.938000Z,q0025,throw blanket
2026-01-01T00:22:15.062000Z,q0275,green toy train
2026-01-01T00:22:15.188000Z,q0768,Vela sleep mask
2026-01-01T00:22:15.312000Z,q0036,running shoes
2026-01-01T00:22:15.438000Z,q0022,cotton bedding
2026-01-01T00:22:15.562000Z,q0784,Vela chopping board
2026-01-01T00:22:15.688000Z,q0531,Alder face moisturiser
2026-01-01T00:22:15.812000Z,q0387,red travel guide
2026-01-01T00:22:15.938000Z,q0618,Harbour sleep mask
2026-01-01T00:22:16.062000Z,q0333,grey cutlery set
2026-01-01T00:22:16.188000Z,q0523,white desk organiser
2026-01-01T00:22:16.312000Z,q0024,storage basket
2026-01-01T00:22:16.438000Z,q0891,cotton dog lead
2026-01-01T00:22:16.562000Z,q0041,yoga mat
2026-01-01T00:22:16.688000Z,q0011,cookbook
2026-01-01T00:22:16.812000Z,q0047,building blocks
2026-01-01T00:22:16.938000Z,q0031,steel saucepan
2026-01-01T00:22:17.062000Z,q0699,Linden storage basket
2026-01-01T00:22:17.188000Z,q0013,children storybook
2026-01-01T00:22:17.312000Z,q0017,first aid kit
2026-01-01T00:22:17.438000Z,q0007,shampoo
2026-01-01T00:22:17.562000Z,q0015,crime novel
2026-01-01T00:22:17.688000Z,q0042,football
2026-01-01T00:22:17.812000Z,q0034,chopping board
2026-01-01T00:22:17.938000Z,q0011,cookbook
2026-01-01T00:22:18.062000Z,q0019,heat pad
2026-01-01T00:22:18.188000Z,q0035,glass storage jar
2026-01-01T00:22:18.312000Z,q0004,wool jumper
2026-01-01T00:22:18.438000Z,q0019,heat pad
2026-01-01T00:22:18.562000Z,q0024,storage basket
2026-01-01T00:22:18.688000Z,q0008,hand cream
2026-01-01T00:22:18.812000Z,q0030,work gloves
2026-01-01T00:22:18.938000Z,q0149,black sketch pad
2026-01-01T00:22:19.062000Z,q0047,building blocks
2026-01-01T00:22:19.188000Z,q0002,linen dress
2026-01-01T00:22:19.312000Z,q0915,recycled crime novel
2026-01-01T00:22:19.438000Z,q0521,white notebook
2026-01-01T00:22:19.562000Z,q0276,green wireless headphones
2026-01-01T00:22:19.688000Z,q0049,craft kit
2026-01-01T00:22:19.812000Z,q0915,recycled crime novel
2026-01-01T00:22:19.938000Z,q0040,leather shoes
2026-01-01T00:22:20.062000Z,q0048,plush bear
2026-01-01T00:22:20.188000Z,q0039,slippers
2026-01-01T00:22:20.312000Z,q0118,black water bottle
2026-01-01T00:22:20.438000Z,q0040,leather shoes
2026-01-01T00:22:20.562000Z,q0036,running shoes
2026-01-01T00:22:20.688000Z,q0011,cookbook
2026-01-01T00:22:20.812000Z,q0007,shampoo
2026-01-01T00:22:20.938000Z,q0012,travel guide
2026-01-01T00:22:21.062000Z,q0034,chopping board
2026-01-01T00:22:21.188000Z,q0031,steel saucepan
2026-01-01T00:22:21.312000Z,q0010,sunscreen
2026-01-01T00:22:21.438000Z,q0006,face moisturiser
2026-01-01T00:22:21.562000Z,q0025,throw blanket
2026-01-01T00:22:21.688000Z,q0008,hand cream
2026-01-01T00:22:21.812000Z,q0028,tool box
2026-01-01T00:22:21.938000Z,q0005,rain jacket
2026-01-01T00:22:22.062000Z,q0045,running shorts
2026-01-01T00:22:22.188000Z,q0550,Alder throw blanket
2026-01-01T00:22:22.312000Z,q0992,archived lunar model 12
2026-01-01T00:22:22.438000Z,q0013,children storybook
2026-01-01T00:22:22.562000Z,q0706,Linden steel saucepan
2026-01-01T00:22:22.688000Z,q0014,gardening book
2026-01-01T00:22:22.812000Z,q0007,shampoo
2026-01-01T00:22:22.938000Z,q0015,crime novel
2026-01-01T00:22:23.071000Z,q0050,toy train
2026-01-01T00:22:23.214000Z,q0023,bath towel
2026-01-01T00:22:23.357000Z,q0823,Vela desk organiser
2026-01-01T00:22:23.500000Z,q0044,resistance bands
2026-01-01T00:22:23.643000Z,q0034,chopping board
2026-01-01T00:22:23.786000Z,q0012,travel guide
2026-01-01T00:22:23.929000Z,q0978,premium denim jeans
2026-01-01T00:22:24.071000Z,q0033,cutlery set
2026-01-01T00:22:24.214000Z,q0082,black shampoo
2026-01-01T00:22:24.357000Z,q0040,leather shoes
2026-01-01T00:22:24.500000Z,q0046,wooden puzzle
2026-01-01T00:22:24.643000Z,q0011,cookbook
2026-01-01T00:22:24.786000Z,q0001,cotton shirt
2026-01-01T00:22:24.929000Z,q0021,desk lamp
2026-01-01T00:22:25.071000Z,q0019,heat pad
2026-01-01T00:22:25.214000Z,q0040,leather shoes
2026-01-01T00:22:25.357000Z,q0006,face moisturiser
2026-01-01T00:22:25.500000Z,q0006,face moisturiser
2026-01-01T00:22:25.643000Z,q0195,blue running shorts
2026-01-01T00:22:25.786000Z,q0248,green bath towel
2026-01-01T00:22:25.929000Z,q0014,gardening book
2026-01-01T00:22:26.071000Z,q0335,grey glass storage jar
2026-01-01T00:22:26.214000Z,q0028,tool box
2026-01-01T00:22:26.357000Z,q0248,green bath towel
2026-01-01T00:22:26.500000Z,q0034,chopping board
2026-01-01T00:22:26.643000Z,q0227,green linen dress
2026-01-01T00:22:26.786000Z,q0233,green hand cream
2026-01-01T00:22:26.929000Z,q0195,blue running shorts
2026-01-01T00:22:27.071000Z,q0039,slippers
2026-01-01T00:22:27.214000Z,q0047,building blocks
2026-01-01T00:22:27.357000Z,q0026,cordless drill
2026-01-01T00:22:27.500000Z,q0651,Harbour wireless headphones
2026-01-01T00:22:27.643000Z,q0599,Alder sketch pad
2026-01-01T00:22:27.786000Z,q0018,sleep mask
2026-01-01T00:22:27.929000Z,q0894,cotton bird feeder
2026-01-01T00:22:28.071000Z,q0028,tool box
2026-01-01T00:22:28.214000Z,q0043,water bottle
2026-01-01T00:22:28.357000Z,q0040,leather shoes
2026-01-01T00:22:28.500000Z,q0010,sunscreen
2026-01-01T00:22:28.643000Z,q0767,Vela first aid kit
2026-01-01T00:22:28.786000Z,q0018,sleep mask
2026-01-01T00:22:28.929000Z,q0011,cookbook
2026-01-01T00:22:29.071000Z,q0002,linen dress
2026-01-01T00:22:29.214000Z,q0040,leather shoes
2026-01-01T00:22:29.357000Z,q0006,face moisturiser
2026-01-01T00:22:29.500000Z,q0028,tool box
2026-01-01T00:22:29.643000Z,q0880,cotton usb c charger
2026-01-01T00:22:29.786000Z,q0033,cutlery set
2026-01-01T00:22:29.929000Z,q0009,body wash
2026-01-01T00:22:30.071000Z,q0035,glass storage jar
2026-01-01T00:22:30.214000Z,q0032,ceramic mug
2026-01-01T00:22:30.357000Z,q0007,shampoo
2026-01-01T00:22:30.500000Z,q0009,body wash
2026-01-01T00:22:30.643000Z,q0029,wall shelf
2026-01-01T00:22:30.786000Z,q0023,bath towel
2026-01-01T00:22:30.929000Z,q0518,white pet bowl
2026-01-01T00:22:31.071000Z,q0004,wool jumper
2026-01-01T00:22:31.214000Z,q0008,hand cream
2026-01-01T00:22:31.357000Z,q0004,wool jumper
2026-01-01T00:22:31.500000Z,q0011,cookbook
2026-01-01T00:22:31.643000Z,q0011,cookbook
2026-01-01T00:22:31.786000Z,q0005,rain jacket
2026-01-01T00:22:31.929000Z,q0159,blue body wash
2026-01-01T00:22:32.071000Z,q0019,heat pad
2026-01-01T00:22:32.214000Z,q0016,vitamin tablets
2026-01-01T00:22:32.357000Z,q0448,red desk organiser
2026-01-01T00:22:32.500000Z,q0030,work gloves
2026-01-01T00:22:32.643000Z,q0003,denim jeans
2026-01-01T00:22:32.786000Z,q0049,craft kit
2026-01-01T00:22:32.929000Z,q0070,pet blanket
2026-01-01T00:22:33.071000Z,q0256,green steel saucepan
2026-01-01T00:22:33.214000Z,q0040,leather shoes
2026-01-01T00:22:33.357000Z,q0224,blue sketch pad
2026-01-01T00:22:33.500000Z,q0608,Harbour hand cream
2026-01-01T00:22:33.643000Z,q0036,running shoes
2026-01-01T00:22:33.786000Z,q0024,storage basket
2026-01-01T00:22:33.929000Z,q0035,glass storage jar
2026-01-01T00:22:34.071000Z,q0023,bath towel
2026-01-01T00:22:34.214000Z,q0006,face moisturiser
2026-01-01T00:22:34.357000Z,q0340,grey leather shoes
2026-01-01T00:22:34.500000Z,q0001,cotton shirt
2026-01-01T00:22:34.643000Z,q0044,resistance bands
2026-01-01T00:22:34.786000Z,q0044,resistance bands
2026-01-01T00:22:34.929000Z,q0043,water bottle
2026-01-01T00:22:35.071000Z,q0037,walking boots
2026-01-01T00:22:35.214000Z,q0038,sandals
2026-01-01T00:22:35.357000Z,q0083,black hand cream
2026-01-01T00:22:35.500000Z,q0030,work gloves
2026-01-01T00:22:35.643000Z,q0025,throw blanket
2026-01-01T00:22:35.786000Z,q0030,work gloves
2026-01-01T00:22:35.929000Z,q0007,shampoo
2026-01-01T00:22:36.071000Z,q0028,tool box
2026-01-01T00:22:36.214000Z,q0045,running shorts
2026-01-01T00:22:36.357000Z,q0043,water bottle
2026-01-01T00:22:36.500000Z,q0661,Harbour garden gloves
2026-01-01T00:22:36.643000Z,q0042,football
2026-01-01T00:22:36.786000Z,q0107,black ceramic mug
2026-01-01T00:22:36.929000Z,q0499,white craft kit
2026-01-01T00:22:37.071000Z,q0036,running shoes
2026-01-01T00:22:37.214000Z,q0026,cordless drill
2026-01-01T00:22:37.357000Z,q0037,walking boots
2026-01-01T00:22:37.500000Z,q0789,Vela slippers
2026-01-01T00:22:37.643000Z,q0011,cookbook
2026-01-01T00:22:37.786000Z,q0252,green paint brush
2026-01-01T00:22:37.929000Z,q0043,water bottle
2026-01-01T00:22:38.083000Z,q0258,green cutlery set
2026-01-01T00:22:38.250000Z,q0026,cordless drill
2026-01-01T00:22:38.417000Z,q0024,storage basket
2026-01-01T00:22:38.583000Z,q0018,sleep mask
2026-01-01T00:22:38.750000Z,q0011,cookbook
2026-01-01T00:22:38.917000Z,q0001,cotton shirt
2026-01-01T00:22:39.083000Z,q0894,cotton bird feeder
2026-01-01T00:22:39.250000Z,q0015,crime novel
2026-01-01T00:22:39.417000Z,q0043,water bottle
2026-01-01T00:22:39.583000Z,q0008,hand cream
2026-01-01T00:22:39.750000Z,q0025,throw blanket
2026-01-01T00:22:39.917000Z,q0647,Harbour building blocks
2026-01-01T00:22:40.083000Z,q0767,Vela first aid kit
2026-01-01T00:22:40.250000Z,q0371,grey notebook
2026-01-01T00:22:40.417000Z,q0875,cotton toy train
2026-01-01T00:22:40.583000Z,q0330,grey work gloves
2026-01-01T00:22:40.750000Z,q0611,Harbour cookbook
2026-01-01T00:22:40.917000Z,q0651,Harbour wireless headphones
2026-01-01T00:22:41.083000Z,q0241,green vitamin tablets
2026-01-01T00:22:41.250000Z,q0029,wall shelf
2026-01-01T00:22:41.417000Z,q0038,sandals
2026-01-01T00:22:41.583000Z,q0011,cookbook
2026-01-01T00:22:41.750000Z,q0030,work gloves
2026-01-01T00:22:41.917000Z,q0203,blue tablet
2026-01-01T00:22:42.083000Z,q0025,throw blanket
2026-01-01T00:22:42.250000Z,q0527,Alder linen dress
2026-01-01T00:22:42.417000Z,q0128,black tablet
2026-01-01T00:22:42.583000Z,q0001,cotton shirt
2026-01-01T00:22:42.750000Z,q0014,gardening book
2026-01-01T00:22:42.917000Z,q0718,Linden water bottle
2026-01-01T00:22:43.083000Z,q0025,throw blanket
2026-01-01T00:22:43.250000Z,q0026,cordless drill
2026-01-01T00:22:43.417000Z,q0017,first aid kit
2026-01-01T00:22:43.583000Z,q0116,black yoga mat
2026-01-01T00:22:43.750000Z,q0013,children storybook
2026-01-01T00:22:43.917000Z,q0024,storage basket
2026-01-01T00:22:44.083000Z,q0015,crime novel
2026-01-01T00:22:44.250000Z,q0004,wool jumper
2026-01-01T00:22:44.417000Z,q0038,sandals
2026-01-01T00:22:44.583000Z,q0034,chopping board
2026-01-01T00:22:44.750000Z,q0032,ceramic mug
2026-01-01T00:22:44.917000Z,q0015,crime novel
2026-01-01T00:22:45.083000Z,q0408,red cutlery set
2026-01-01T00:22:45.250000Z,q0566,Alder yoga mat
2026-01-01T00:22:45.417000Z,q0024,storage basket
2026-01-01T00:22:45.583000Z,q0017,first aid kit
2026-01-01T00:22:45.750000Z,q0006,face moisturiser
2026-01-01T00:22:45.917000Z,q0047,building blocks
2026-01-01T00:22:46.083000Z,q0023,bath towel
2026-01-01T00:22:46.250000Z,q0056,breakfast oats
2026-01-01T00:22:46.417000Z,q0021,desk lamp
2026-01-01T00:22:46.583000Z,q0825,Vela sticky notes
2026-01-01T00:22:46.750000Z,q0725,Linden toy train
2026-01-01T00:22:46.917000Z,q0048,plush bear
2026-01-01T00:22:47.083000Z,q0034,chopping board
2026-01-01T00:22:47.250000Z,q0027,paint brush
2026-01-01T00:22:47.417000Z,q0042,football
2026-01-01T00:22:47.583000Z,q0021,desk lamp
2026-01-01T00:22:47.750000Z,q0010,sunscreen
2026-01-01T00:22:47.917000Z,q0028,tool box
2026-01-01T00:22:48.083000Z,q0043,water bottle
2026-01-01T00:22:48.250000Z,q0034,chopping board
2026-01-01T00:22:48.417000Z,q0010,sunscreen
2026-01-01T00:22:48.583000Z,q0019,heat pad
2026-01-01T00:22:48.750000Z,q0001,cotton shirt
2026-01-01T00:22:48.917000Z,q0023,bath towel
2026-01-01T00:22:49.083000Z,q0030,work gloves
2026-01-01T00:22:49.250000Z,q0002,linen dress
2026-01-01T00:22:49.417000Z,q0021,desk lamp
2026-01-01T00:22:49.583000Z,q0002,linen dress
2026-01-01T00:22:49.750000Z,q0004,wool jumper
2026-01-01T00:22:49.917000Z,q0019,heat pad
2026-01-01T00:22:50.083000Z,q0004,wool jumper
2026-01-01T00:22:50.250000Z,q0025,throw blanket
2026-01-01T00:22:50.417000Z,q0009,body wash
2026-01-01T00:22:50.583000Z,q0018,sleep mask
2026-01-01T00:22:50.750000Z,q0043,water bottle
2026-01-01T00:22:50.917000Z,q0049,craft kit
2026-01-01T00:22:51.083000Z,q0014,gardening book
2026-01-01T00:22:51.250000Z,q0017,first aid kit
2026-01-01T00:22:51.417000Z,q0032,ceramic mug
2026-01-01T00:22:51.583000Z,q0312,grey travel guide
2026-01-01T00:22:51.750000Z,q0545,Alder electric toothbrush
2026-01-01T00:22:51.917000Z,q0032,ceramic mug
2026-01-01T00:22:52.083000Z,q0024,storage basket
2026-01-01T00:22:52.250000Z,q0030,work gloves
2026-01-01T00:22:52.417000Z,q0015,crime novel
2026-01-01T00:22:52.583000Z,q0032,ceramic mug
2026-01-01T00:22:52.750000Z,q0011,cookbook
2026-01-01T00:22:52.917000Z,q0644,Harbour resistance bands
2026-01-01T00:22:53.083000Z,q0030,work gloves
2026-01-01T00:22:53.250000Z,q0029,wall shelf
2026-01-01T00:22:53.417000Z,q0245,green electric toothbrush
2026-01-01T00:22:53.583000Z,q0043,water bottle
2026-01-01T00:22:53.750000Z,q0062,watering can
2026-01-01T00:22:53.917000Z,q0169,blue heat pad
2026-01-01T00:22:54.083000Z,q0037,walking boots
2026-01-01T00:22:54.250000Z,q0035,glass storage jar
2026-01-01T00:22:54.417000Z,q0741,Linden dog lead
2026-01-01T00:22:54.583000Z,q0014,gardening book
2026-01-01T00:22:54.750000Z,q0050,toy train
2026-01-01T00:22:54.917000Z,q0012,travel guide
2026-01-01T00:22:55.083000Z,q0032,ceramic mug
2026-01-01T00:22:55.250000Z,q0333,grey cutlery set
2026-01-01T00:22:55.417000Z,q0002,linen dress
2026-01-01T00:22:55.583000Z,q0042,football
2026-01-01T00:22:55.750000Z,q0007,shampoo
2026-01-01T00:22:55.917000Z,q0010,sunscreen
2026-01-01T00:22:56.100000Z,q0016,vitamin tablets
2026-01-01T00:22:56.300000Z,q0019,heat pad
2026-01-01T00:22:56.500000Z,q0399,red storage basket
2026-01-01T00:22:56.700000Z,q0021,desk lamp
2026-01-01T00:22:56.900000Z,q0181,blue steel saucepan
2026-01-01T00:22:57.100000Z,q0023,bath towel
2026-01-01T00:22:57.300000Z,q0017,first aid kit
2026-01-01T00:22:57.500000Z,q0019,heat pad
2026-01-01T00:22:57.700000Z,q0070,pet blanket
2026-01-01T00:22:57.900000Z,q0755,Vela rain jacket
2026-01-01T00:22:58.100000Z,q0763,Vela children storybook
2026-01-01T00:22:58.300000Z,q0027,paint brush
2026-01-01T00:22:58.500000Z,q0016,vitamin tablets
2026-01-01T00:22:58.700000Z,q0030,work gloves
2026-01-01T00:22:58.900000Z,q0025,throw blanket
2026-01-01T00:22:59.100000Z,q0036,running shoes
2026-01-01T00:22:59.300000Z,q0025,throw blanket
2026-01-01T00:22:59.500000Z,q0042,football
2026-01-01T00:22:59.700000Z,q0006,face moisturiser
2026-01-01T00:22:59.900000Z,q0189,blue slippers
2026-01-01T00:23:00.100000Z,q0047,building blocks
2026-01-01T00:23:00.300000Z,q0033,cutlery set
2026-01-01T00:23:00.500000Z,q0005,rain jacket
2026-01-01T00:23:00.700000Z,q0012,travel guide
2026-01-01T00:23:00.900000Z,q0015,crime novel
2026-01-01T00:23:01.100000Z,q0021,desk lamp
2026-01-01T00:23:01.300000Z,q0049,craft kit
2026-01-01T00:23:01.500000Z,q0539,Alder gardening book
2026-01-01T00:23:01.700000Z,q0003,denim jeans
2026-01-01T00:23:01.900000Z,q0035,glass storage jar
2026-01-01T00:23:02.100000Z,q0025,throw blanket
2026-01-01T00:23:02.300000Z,q0116,black yoga mat
2026-01-01T00:23:02.500000Z,q0019,heat pad
2026-01-01T00:23:02.700000Z,q0025,throw blanket
2026-01-01T00:23:02.900000Z,q0697,Linden cotton bedding
2026-01-01T00:23:03.100000Z,q0016,vitamin tablets
2026-01-01T00:23:03.300000Z,q0002,linen dress
2026-01-01T00:23:03.500000Z,q0046,wooden puzzle
2026-01-01T00:23:03.700000Z,q0025,throw blanket
2026-01-01T00:23:03.900000Z,q0038,sandals
2026-01-01T00:23:04.100000Z,q0048,plush bear
2026-01-01T00:23:04.300000Z,q0030,work gloves
2026-01-01T00:23:04.500000Z,q0038,sandals
2026-01-01T00:23:04.700000Z,q0031,steel saucepan
2026-01-01T00:23:04.900000Z,q0347,grey building blocks
2026-01-01T00:23:05.100000Z,q0022,cotton bedding
2026-01-01T00:23:05.300000Z,q0033,cutlery set
2026-01-01T00:23:05.500000Z,q0049,craft kit
2026-01-01T00:23:05.700000Z,q0013,children storybook
2026-01-01T00:23:05.900000Z,q0039,slippers
2026-01-01T00:23:06.100000Z,q0735,Linden olive oil
2026-01-01T00:23:06.300000Z,q0028,tool box
2026-01-01T00:23:06.500000Z,q0036,running shoes
2026-01-01T00:23:06.700000Z,q0021,desk lamp
2026-01-01T00:23:06.900000Z,q0005,rain jacket
2026-01-01T00:23:07.100000Z,q0658,Harbour herbal tea
2026-01-01T00:23:07.300000Z,q0016,vitamin tablets
2026-01-01T00:23:07.500000Z,q0036,running shoes
2026-01-01T00:23:07.700000Z,q0033,cutlery set
2026-01-01T00:23:07.900000Z,q0652,Harbour bluetooth speaker
2026-01-01T00:23:08.100000Z,q0006,face moisturiser
2026-01-01T00:23:08.300000Z,q0029,wall shelf
2026-01-01T00:23:08.500000Z,q0470,white electric toothbrush
2026-01-01T00:23:08.700000Z,q0858,cotton cutlery set
2026-01-01T00:23:08.900000Z,q0208,blue herbal tea
2026-01-01T00:23:09.100000Z,q0653,Harbour tablet
2026-01-01T00:23:09.300000Z,q0013,children storybook
2026-01-01T00:23:09.500000Z,q0007,shampoo
2026-01-01T00:23:09.700000Z,q0002,linen dress
2026-01-01T00:23:09.900000Z,q0008,hand cream
2026-01-01T00:23:10.100000Z,q0833,cotton hand cream
2026-01-01T00:23:10.300000Z,q0023,bath towel
2026-01-01T00:23:10.500000Z,q0021,desk lamp
2026-01-01T00:23:10.700000Z,q0027,paint brush
2026-01-01T00:23:10.900000Z,q0045,running shorts
2026-01-01T00:23:11.100000Z,q0043,water bottle
2026-01-01T00:23:11.300000Z,q0099,black storage basket
2026-01-01T00:23:11.500000Z,q0023,bath towel
2026-01-01T00:23:11.700000Z,q0018,sleep mask
2026-01-01T00:23:11.900000Z,q0029,wall shelf
2026-01-01T00:23:12.100000Z,q0032,ceramic mug
2026-01-01T00:23:12.300000Z,q0039,slippers
2026-01-01T00:23:12.500000Z,q0023,bath towel
2026-01-01T00:23:12.700000Z,q0954,recycled smart watch
2026-01-01T00:23:12.900000Z,q0029,wall shelf
2026-01-01T00:23:13.100000Z,q0386,red cookbook
2026-01-01T00:23:13.300000Z,q0258,green cutlery set
2026-01-01T00:23:13.500000Z,q0031,steel saucepan
2026-01-01T00:23:13.700000Z,q0129,black smart watch
2026-01-01T00:23:13.900000Z,q0017,first aid kit
2026-01-01T00:23:14.100000Z,q0050,toy train
2026-01-01T00:23:14.300000Z,q0515,white solar lights
2026-01-01T00:23:14.500000Z,q0040,leather shoes
2026-01-01T00:23:14.700000Z,q0049,craft kit
2026-01-01T00:23:14.900000Z,q0805,Vela usb c charger
2026-01-01T00:23:15.100000Z,q0045,running shorts
2026-01-01T00:23:15.300000Z,q0273,green plush bear
2026-01-01T00:23:15.500000Z,q0816,Vela dog lead
2026-01-01T00:23:15.700000Z,q0264,green slippers
2026-01-01T00:23:15.900000Z,q0020,electric toothbrush
2026-01-01T00:23:16.100000Z,q0309,grey body wash
2026-01-01T00:23:16.300000Z,q0008,hand cream
2026-01-01T00:23:16.500000Z,q0002,linen dress
2026-01-01T00:23:16.700000Z,q0007,shampoo
2026-01-01T00:23:16.900000Z,q0016,vitamin tablets
2026-01-01T00:23:17.100000Z,q0530,Alder rain jacket
2026-01-01T00:23:17.300000Z,q0005,rain jacket
2026-01-01T00:23:17.500000Z,q0043,water bottle
2026-01-01T00:23:17.700000Z,q0025,throw blanket
2026-01-01T00:23:17.900000Z,q0017,first aid kit
2026-01-01T00:23:18.125000Z,q0048,plush bear
2026-01-01T00:23:18.375000Z,q0067,cat toy
2026-01-01T00:23:18.625000Z,q0035,glass storage jar
2026-01-01T00:23:18.875000Z,q0016,vitamin tablets
2026-01-01T00:23:19.125000Z,q0038,sandals
2026-01-01T00:23:19.375000Z,q0049,craft kit
2026-01-01T00:23:19.625000Z,q0779,Vela wall shelf
2026-01-01T00:23:19.875000Z,q0620,Harbour electric toothbrush
2026-01-01T00:23:20.125000Z,q0030,work gloves
2026-01-01T00:23:20.375000Z,q0283,green herbal tea
2026-01-01T00:23:20.625000Z,q0010,sunscreen
2026-01-01T00:23:20.875000Z,q0043,water bottle
2026-01-01T00:23:21.125000Z,q0862,cotton walking boots
2026-01-01T00:23:21.375000Z,q0831,cotton face moisturiser
2026-01-01T00:23:21.625000Z,q0041,yoga mat
2026-01-01T00:23:21.875000Z,q0014,gardening book
2026-01-01T00:23:22.125000Z,q0038,sandals
2026-01-01T00:23:22.375000Z,q0006,face moisturiser
2026-01-01T00:23:22.625000Z,q0006,face moisturiser
2026-01-01T00:23:22.875000Z,q0003,denim jeans
2026-01-01T00:23:23.125000Z,q0018,sleep mask
2026-01-01T00:23:23.375000Z,q0408,red cutlery set
2026-01-01T00:23:23.625000Z,q0029,wall shelf
2026-01-01T00:23:23.875000Z,q0043,water bottle
2026-01-01T00:23:24.125000Z,q0001,cotton shirt
2026-01-01T00:23:24.375000Z,q0048,plush bear
2026-01-01T00:23:24.625000Z,q0016,vitamin tablets
2026-01-01T00:23:24.875000Z,q0128,black tablet
2026-01-01T00:23:25.125000Z,q0013,children storybook
2026-01-01T00:23:25.375000Z,q0023,bath towel
2026-01-01T00:23:25.625000Z,q0345,grey running shorts
2026-01-01T00:23:25.875000Z,q0042,football
2026-01-01T00:23:26.125000Z,q0007,shampoo
2026-01-01T00:23:26.375000Z,q0048,plush bear
2026-01-01T00:23:26.625000Z,q0023,bath towel
2026-01-01T00:23:26.875000Z,q0037,walking boots
2026-01-01T00:23:27.125000Z,q0027,paint brush
2026-01-01T00:23:27.375000Z,q0057,ground coffee
2026-01-01T00:23:27.625000Z,q0027,paint brush
2026-01-01T00:23:27.875000Z,q0030,work gloves
2026-01-01T00:23:28.125000Z,q0036,running shoes
2026-01-01T00:23:28.375000Z,q0007,shampoo
2026-01-01T00:23:28.625000Z,q0013,children storybook
2026-01-01T00:23:28.875000Z,q0022,cotton bedding
2026-01-01T00:23:29.125000Z,q0078,black denim jeans
2026-01-01T00:23:29.375000Z,q0043,water bottle
2026-01-01T00:23:29.625000Z,q0003,denim jeans
2026-01-01T00:23:29.875000Z,q0155,blue rain jacket
2026-01-01T00:23:30.125000Z,q0008,hand cream
2026-01-01T00:23:30.375000Z,q0039,slippers
2026-01-01T00:23:30.625000Z,q0040,leather shoes
2026-01-01T00:23:30.875000Z,q0001,cotton shirt
2026-01-01T00:23:31.125000Z,q0045,running shorts
2026-01-01T00:23:31.375000Z,q0980,premium rain jacket
2026-01-01T00:23:31.625000Z,q0028,tool box
2026-01-01T00:23:31.875000Z,q0252,green paint brush
2026-01-01T00:23:32.125000Z,q0004,wool jumper
2026-01-01T00:23:32.375000Z,q0027,paint brush
2026-01-01T00:23:32.625000Z,q0020,electric toothbrush
2026-01-01T00:23:32.875000Z,q0310,grey sunscreen
2026-01-01T00:23:33.125000Z,q0027,paint brush
2026-01-01T00:23:33.375000Z,q0010,sunscreen
2026-01-01T00:23:33.625000Z,q0013,children storybook
2026-01-01T00:23:33.875000Z,q0023,bath towel
2026-01-01T00:23:34.125000Z,q0014,gardening book
2026-01-01T00:23:34.375000Z,q0598,Alder desk organiser
2026-01-01T00:23:34.625000Z,q0820,Vela pet blanket
2026-01-01T00:23:34.875000Z,q0002,linen dress
2026-01-01T00:23:35.125000Z,q0614,Harbour gardening book
2026-01-01T00:23:35.375000Z,q0049,craft kit
2026-01-01T00:23:35.625000Z,q0047,building blocks
2026-01-01T00:23:35.875000Z,q0015,crime novel
2026-01-01T00:23:36.125000Z,q0690,Linden crime novel
2026-01-01T00:23:36.375000Z,q0041,yoga mat
2026-01-01T00:23:36.625000Z,q0114,black slippers
2026-01-01T00:23:36.875000Z,q0258,green cutlery set
2026-01-01T00:23:37.125000Z,q0009,body wash
2026-01-01T00:23:37.375000Z,q0015,crime novel
2026-01-01T00:23:37.625000Z,q0001,cotton shirt
2026-01-01T00:23:37.875000Z,q0031,steel saucepan
2026-01-01T00:23:38.125000Z,q0048,plush bear
2026-01-01T00:23:38.375000Z,q0026,cordless drill
2026-01-01T00:23:38.625000Z,q0476,white cordless drill
2026-01-01T00:23:38.875000Z,q0039,slippers
2026-01-01T00:23:39.125000Z,q0041,yoga mat
2026-01-01T00:23:39.375000Z,q0048,plush bear
2026-01-01T00:23:39.625000Z,q0003,denim jeans
2026-01-01T00:23:39.875000Z,q0039,slippers
2026-01-01T00:23:40.125000Z,q0050,toy train
2026-01-01T00:23:40.375000Z,q0817,Vela cat toy
2026-01-01T00:23:40.625000Z,q0010,sunscreen
2026-01-01T00:23:40.875000Z,q0806,Vela breakfast oats
2026-01-01T00:23:41.125000Z,q0010,sunscreen
2026-01-01T00:23:41.375000Z,q0046,wooden puzzle
2026-01-01T00:23:41.625000Z,q0873,cotton plush bear
2026-01-01T00:23:41.875000Z,q0004,wool jumper
2026-01-01T00:23:42.125000Z,q0038,sandals
2026-01-01T00:23:42.375000Z,q0026,cordless drill
2026-01-01T00:23:42.625000Z,q0679,Linden wool jumper
2026-01-01T00:23:42.875000Z,q0026,cordless drill
2026-01-01T00:23:43.125000Z,q0006,face moisturiser
2026-01-01T00:23:43.375000Z,q0036,running shoes
2026-01-01T00:23:43.625000Z,q0044,resistance bands
2026-01-01T00:23:43.875000Z,q0698,Linden bath towel
2026-01-01T00:23:44.125000Z,q0033,cutlery set
2026-01-01T00:23:44.375000Z,q0985,archived lunar model 5
2026-01-01T00:23:44.625000Z,q0118,black water bottle
2026-01-01T00:23:44.875000Z,q0031,steel saucepan
2026-01-01T00:23:45.125000Z,q0721,Linden wooden puzzle
2026-01-01T00:23:45.375000Z,q0548,Alder bath towel
2026-01-01T00:23:45.625000Z,q0040,leather shoes
2026-01-01T00:23:45.875000Z,q0030,work gloves
2026-01-01T00:23:46.125000Z,q0024,storage basket
2026-01-01T00:23:46.375000Z,q0527,Alder linen dress
2026-01-01T00:23:46.625000Z,q0037,walking boots
2026-01-01T00:23:46.875000Z,q0033,cutlery set
2026-01-01T00:23:47.125000Z,q0048,plush bear
2026-01-01T00:23:47.375000Z,q0032,ceramic mug
2026-01-01T00:23:47.625000Z,q0012,travel guide
2026-01-01T00:23:47.875000Z,q0004,wool jumper
2026-01-01T00:23:48.125000Z,q0011,cookbook
2026-01-01T00:23:48.375000Z,q0491,white yoga mat
2026-01-01T00:23:48.625000Z,q0022,cotton bedding
2026-01-01T00:23:48.875000Z,q0932,recycled ceramic mug
2026-01-01T00:23:49.125000Z,q0016,vitamin tablets
2026-01-01T00:23:49.375000Z,q0038,sandals
2026-01-01T00:23:49.625000Z,q0005,rain jacket
2026-01-01T00:23:49.875000Z,q0020,electric toothbrush
2026-01-01T00:23:50.125000Z,q0049,craft kit
2026-01-01T00:23:50.375000Z,q0050,toy train
2026-01-01T00:23:50.625000Z,q0731,Linden breakfast oats
2026-01-01T00:23:50.875000Z,q0030,work gloves
2026-01-01T00:23:51.125000Z,q0010,sunscreen
2026-01-01T00:23:51.375000Z,q0043,water bottle
2026-01-01T00:23:51.625000Z,q0797,Vela building blocks
2026-01-01T00:23:51.875000Z,q0035,glass storage jar
2026-01-01T00:23:52.125000Z,q0037,walking boots
2026-01-01T00:23:52.375000Z,q0025,throw blanket
2026-01-01T00:23:52.625000Z,q0004,wool jumper
2026-01-01T00:23:52.875000Z,q0032,ceramic mug
2026-01-01T00:23:53.125000Z,q0039,slippers
2026-01-01T00:23:53.375000Z,q0010,sunscreen
2026-01-01T00:23:53.625000Z,q0033,cutlery set
2026-01-01T00:23:53.875000Z,q0016,vitamin tablets
2026-01-01T00:23:54.125000Z,q0818,Vela pet bowl
2026-01-01T00:23:54.375000Z,q0043,water bottle
2026-01-01T00:23:54.625000Z,q0830,cotton rain jacket
2026-01-01T00:23:54.875000Z,q0010,sunscreen
2026-01-01T00:23:55.125000Z,q0038,sandals
2026-01-01T00:23:55.375000Z,q0018,sleep mask
2026-01-01T00:23:55.625000Z,q0038,sandals
2026-01-01T00:23:55.875000Z,q0514,white pruning shears
2026-01-01T00:23:56.125000Z,q0015,crime novel
2026-01-01T00:23:56.375000Z,q0013,children storybook
2026-01-01T00:23:56.625000Z,q0163,blue children storybook
2026-01-01T00:23:56.875000Z,q0156,blue face moisturiser
2026-01-01T00:23:57.125000Z,q0668,Harbour pet bowl
2026-01-01T00:23:57.375000Z,q0386,red cookbook
2026-01-01T00:23:57.625000Z,q0034,chopping board
2026-01-01T00:23:57.875000Z,q0019,heat pad
2026-01-01T00:23:58.125000Z,q0021,desk lamp
2026-01-01T00:23:58.375000Z,q0002,linen dress
2026-01-01T00:23:58.625000Z,q0001,cotton shirt
2026-01-01T00:23:58.875000Z,q0033,cutlery set
2026-01-01T00:23:59.125000Z,q0201,blue wireless headphones
2026-01-01T00:23:59.375000Z,q0040,leather shoes
2026-01-01T00:23:59.625000Z,q0046,wooden puzzle
2026-01-01T00:23:59.875000Z,q0503,white tablet
2026-01-01T00:24:00.056000Z,q0827,cotton linen dress
2026-01-01T00:24:00.167000Z,q0016,vitamin tablets
2026-01-01T00:24:00.278000Z,q0003,denim jeans
2026-01-01T00:24:00.389000Z,q0048,plush bear
2026-01-01T00:24:00.500000Z,q0003,denim jeans
2026-01-01T00:24:00.611000Z,q0017,first aid kit
2026-01-01T00:24:00.722000Z,q0032,ceramic mug
2026-01-01T00:24:00.833000Z,q0011,cookbook
2026-01-01T00:24:00.944000Z,q0003,denim jeans
2026-01-01T00:24:01.056000Z,q0800,Vela toy train
2026-01-01T00:24:01.167000Z,q0039,slippers
2026-01-01T00:24:01.278000Z,q0001,cotton shirt
2026-01-01T00:24:01.389000Z,q0039,slippers
2026-01-01T00:24:01.500000Z,q0036,running shoes
2026-01-01T00:24:01.611000Z,q0046,wooden puzzle
2026-01-01T00:24:01.722000Z,q0035,glass storage jar
2026-01-01T00:24:01.833000Z,q0041,yoga mat
2026-01-01T00:24:01.944000Z,q0017,first aid kit
2026-01-01T00:24:02.056000Z,q0388,red children storybook
2026-01-01T00:24:02.167000Z,q0123,black plush bear
2026-01-01T00:24:02.278000Z,q0023,bath towel
2026-01-01T00:24:02.389000Z,q0047,building blocks
2026-01-01T00:24:02.500000Z,q0034,chopping board
2026-01-01T00:24:02.611000Z,q0298,green desk organiser
2026-01-01T00:24:02.722000Z,q0041,yoga mat
2026-01-01T00:24:02.833000Z,q0677,Linden linen dress
2026-01-01T00:24:02.944000Z,q0447,red ballpoint pens
2026-01-01T00:24:03.056000Z,q0042,football
2026-01-01T00:24:03.167000Z,q0037,walking boots
2026-01-01T00:24:03.278000Z,q0131,black breakfast oats
2026-01-01T00:24:03.389000Z,q0032,ceramic mug
2026-01-01T00:24:03.500000Z,q0022,cotton bedding
2026-01-01T00:24:03.611000Z,q0819,Vela bird feeder
2026-01-01T00:24:03.722000Z,q0050,toy train
2026-01-01T00:24:03.833000Z,q0018,sleep mask
2026-01-01T00:24:03.944000Z,q0023,bath towel
2026-01-01T00:24:04.056000Z,q0001,cotton shirt
2026-01-01T00:24:04.167000Z,q0946,recycled wooden puzzle
2026-01-01T00:24:04.278000Z,q0049,craft kit
2026-01-01T00:24:04.389000Z,q0021,desk lamp
2026-01-01T00:24:04.500000Z,q0574,Alder craft kit
2026-01-01T00:24:04.611000Z,q0015,crime novel
2026-01-01T00:24:04.722000Z,q0035,glass storage jar
2026-01-01T00:24:04.833000Z,q0002,linen dress
2026-01-01T00:24:04.944000Z,q0035,glass storage jar
2026-01-01T00:24:05.056000Z,q0095,black electric toothbrush
2026-01-01T00:24:05.167000Z,q0143,black pet bowl
2026-01-01T00:24:05.278000Z,q0489,white slippers
2026-01-01T00:24:05.389000Z,q0040,leather shoes
2026-01-01T00:24:05.500000Z,q0048,plush bear
2026-01-01T00:24:05.611000Z,q0032,ceramic mug
2026-01-01T00:24:05.722000Z,q0500,white toy train
2026-01-01T00:24:05.833000Z,q0001,cotton shirt
2026-01-01T00:24:05.944000Z,q0043,water bottle
2026-01-01T00:24:06.056000Z,q0026,cordless drill
2026-01-01T00:24:06.167000Z,q0018,sleep mask
2026-01-01T00:24:06.278000Z,q0149,black sketch pad
2026-01-01T00:24:06.389000Z,q0021,desk lamp
2026-01-01T00:24:06.500000Z,q0032,ceramic mug
2026-01-01T00:24:06.611000Z,q0023,bath towel
2026-01-01T00:24:06.722000Z,q0022,cotton bedding
2026-01-01T00:24:06.833000Z,q0277,green bluetooth speaker
2026-01-01T00:24:06.944000Z,q0453,white denim jeans
2026-01-01T00:24:07.056000Z,q0692,Linden first aid kit
2026-01-01T00:24:07.167000Z,q0042,football
2026-01-01T00:24:07.278000Z,q0347,grey building blocks
2026-01-01T00:24:07.389000Z,q0264,green slippers
2026-01-01T00:24:07.500000Z,q0044,resistance bands
2026-01-01T00:24:07.611000Z,q0009,body wash
2026-01-01T00:24:07.722000Z,q0034,chopping board
2026-01-01T00:24:07.833000Z,q0115,black leather shoes
2026-01-01T00:24:07.944000Z,q0884,cotton pasta sauce
2026-01-01T00:24:08.056000Z,q0517,white cat toy
2026-01-01T00:24:08.167000Z,q0038,sandals
2026-01-01T00:24:08.278000Z,q0026,cordless drill
2026-01-01T00:24:08.389000Z,q0011,cookbook
2026-01-01T00:24:08.500000Z,q0005,rain jacket
2026-01-01T00:24:08.611000Z,q0942,recycled football
2026-01-01T00:24:08.722000Z,q0005,rain jacket
2026-01-01T00:24:08.833000Z,q0045,running shorts
2026-01-01T00:24:08.944000Z,q0029,wall shelf
2026-01-01T00:24:09.056000Z,q0846,cotton desk lamp
2026-01-01T00:24:09.167000Z,q0419,red resistance bands
2026-01-01T00:24:09.278000Z,q0018,sleep mask
2026-01-01T00:24:09.389000Z,q0046,wooden puzzle
2026-01-01T00:24:09.500000Z,q0022,cotton bedding
2026-01-01T00:24:09.611000Z,q0613,Harbour children storybook
2026-01-01T00:24:09.722000Z,q0037,walking boots
2026-01-01T00:24:09.833000Z,q0044,resistance bands
2026-01-01T00:24:09.944000Z,q0907,recycled shampoo
2026-01-01T00:24:10.125000Z,q0029,wall shelf
2026-01-01T00:24:10.375000Z,q0031,steel saucepan
2026-01-01T00:24:10.625000Z,q0043,water bottle
2026-01-01T00:24:10.875000Z,q0105,black work gloves
2026-01-01T00:24:11.125000Z,q0003,denim jeans
2026-01-01T00:24:11.375000Z,q0040,leather shoes
2026-01-01T00:24:11.625000Z,q0050,toy train
2026-01-01T00:24:11.875000Z,q0075,sticky notes
2026-01-01T00:24:12.125000Z,q0008,hand cream
2026-01-01T00:24:12.375000Z,q0906,recycled face moisturiser
2026-01-01T00:24:12.625000Z,q0038,sandals
2026-01-01T00:24:12.875000Z,q0885,cotton olive oil
2026-01-01T00:24:13.100000Z,q0534,Alder body wash
2026-01-01T00:24:13.300000Z,q0006,face moisturiser
2026-01-01T00:24:13.500000Z,q0519,white bird feeder
2026-01-01T00:24:13.700000Z,q0050,toy train
2026-01-01T00:24:13.900000Z,q0038,sandals
2026-01-01T00:24:14.100000Z,q0028,tool box
2026-01-01T00:24:14.300000Z,q0048,plush bear
2026-01-01T00:24:14.500000Z,q0011,cookbook
2026-01-01T00:24:14.700000Z,q0907,recycled shampoo
2026-01-01T00:24:14.900000Z,q0033,cutlery set
2026-01-01T00:24:15.100000Z,q0032,ceramic mug
2026-01-01T00:24:15.300000Z,q0191,blue yoga mat
2026-01-01T00:24:15.500000Z,q0740,Linden solar lights
2026-01-01T00:24:15.700000Z,q0039,slippers
2026-01-01T00:24:15.900000Z,q0851,cotton cordless drill
2026-01-01T00:24:16.100000Z,q0009,body wash
2026-01-01T00:24:16.300000Z,q0033,cutlery set
2026-01-01T00:24:16.500000Z,q0088,black children storybook
2026-01-01T00:24:16.700000Z,q0040,leather shoes
2026-01-01T00:24:16.900000Z,q0020,electric toothbrush
2026-01-01T00:24:17.100000Z,q0004,wool jumper
2026-01-01T00:24:17.300000Z,q0765,Vela crime novel
2026-01-01T00:24:17.500000Z,q0889,cotton pruning shears
2026-01-01T00:24:17.700000Z,q0028,tool box
2026-01-01T00:24:17.900000Z,q0040,leather shoes
2026-01-01T00:24:18.100000Z,q0038,sandals
2026-01-01T00:24:18.300000Z,q0192,blue football
2026-01-01T00:24:18.500000Z,q0005,rain jacket
2026-01-01T00:24:18.700000Z,q0021,desk lamp
2026-01-01T00:24:18.900000Z,q0500,white toy train
2026-01-01T00:24:19.100000Z,q0016,vitamin tablets
2026-01-01T00:24:19.300000Z,q0045,running shorts
2026-01-01T00:24:19.500000Z,q0039,slippers
2026-01-01T00:24:19.700000Z,q0561,Alder running shoes
2026-01-01T00:24:19.900000Z,q0027,paint brush
2026-01-01T00:24:20.100000Z,q0012,travel guide
2026-01-01T00:24:20.300000Z,q0013,children storybook
2026-01-01T00:24:20.500000Z,q0717,Linden football
2026-01-01T00:24:20.700000Z,q0571,Alder wooden puzzle
2026-01-01T00:24:20.900000Z,q0515,white solar lights
2026-01-01T00:24:21.100000Z,q0043,water bottle
2026-01-01T00:24:21.300000Z,q0002,linen dress
2026-01-01T00:24:21.500000Z,q0894,cotton bird feeder
2026-01-01T00:24:21.700000Z,q0046,wooden puzzle
2026-01-01T00:24:21.900000Z,q0762,Vela travel guide
2026-01-01T00:24:22.100000Z,q0005,rain jacket
2026-01-01T00:24:22.300000Z,q0022,cotton bedding
2026-01-01T00:24:22.500000Z,q0035,glass storage jar
2026-01-01T00:24:22.700000Z,q0030,work gloves
2026-01-01T00:24:22.900000Z,q0265,green leather shoes
2026-01-01T00:24:23.100000Z,q0006,face moisturiser
2026-01-01T00:24:23.300000Z,q0394,red heat pad
2026-01-01T00:24:23.500000Z,q0157,blue shampoo
2026-01-01T00:24:23.700000Z,q0041,yoga mat
2026-01-01T00:24:23.900000Z,q0986,archived lunar model 6
2026-01-01T00:24:24.100000Z,q0937,recycled walking boots
2026-01-01T00:24:24.300000Z,q0075,sticky notes
2026-01-01T00:24:24.500000Z,q0497,white building blocks
2026-01-01T00:24:24.700000Z,q0782,Vela ceramic mug
2026-01-01T00:24:24.900000Z,q0042,football
2026-01-01T00:24:25.100000Z,q0112,black walking boots
2026-01-01T00:24:25.300000Z,q0021,desk lamp
2026-01-01T00:24:25.500000Z,q0032,ceramic mug
2026-01-01T00:24:25.700000Z,q0013,children storybook
2026-01-01T00:24:25.900000Z,q0573,Alder plush bear
2026-01-01T00:24:26.100000Z,q0019,heat pad
2026-01-01T00:24:26.300000Z,q0048,plush bear
2026-01-01T00:24:26.500000Z,q0042,football
2026-01-01T00:24:26.700000Z,q0046,wooden puzzle
2026-01-01T00:24:26.900000Z,q0005,rain jacket
2026-01-01T00:24:27.100000Z,q0011,cookbook
2026-01-01T00:24:27.300000Z,q0041,yoga mat
2026-01-01T00:24:27.500000Z,q0025,throw blanket
2026-01-01T00:24:27.700000Z,q0611,Harbour cookbook
2026-01-01T00:24:27.900000Z,q0018,sleep mask
2026-01-01T00:24:28.100000Z,q0028,tool box
2026-01-01T00:24:28.300000Z,q0005,rain jacket
2026-01-01T00:24:28.500000Z,q0020,electric toothbrush
2026-01-01T00:24:28.700000Z,q0632,Harbour ceramic mug
2026-01-01T00:24:28.900000Z,q0171,blue desk lamp
2026-01-01T00:24:29.100000Z,q0004,wool jumper
2026-01-01T00:24:29.300000Z,q0012,travel guide
2026-01-01T00:24:29.500000Z,q0034,chopping board
2026-01-01T00:24:29.700000Z,q0020,electric toothbrush
2026-01-01T00:24:29.900000Z,q0024,storage basket
2026-01-01T00:24:30.100000Z,q0021,desk lamp
2026-01-01T00:24:30.300000Z,q0048,plush bear
2026-01-01T00:24:30.500000Z,q0025,throw blanket
2026-01-01T00:24:30.700000Z,q0049,craft kit
2026-01-01T00:24:30.900000Z,q0070,pet blanket
2026-01-01T00:24:31.100000Z,q0044,resistance bands
2026-01-01T00:24:31.300000Z,q0041,yoga mat
2026-01-01T00:24:31.500000Z,q0039,slippers
2026-01-01T00:24:31.700000Z,q0901,recycled cotton shirt
2026-01-01T00:24:31.900000Z,q0047,building blocks
2026-01-01T00:24:32.100000Z,q0893,cotton pet bowl
2026-01-01T00:24:32.300000Z,q0031,steel saucepan
2026-01-01T00:24:32.500000Z,q0028,tool box
2026-01-01T00:24:32.700000Z,q0037,walking boots
2026-01-01T00:24:32.900000Z,q0001,cotton shirt
2026-01-01T00:24:33.100000Z,q0003,denim jeans
2026-01-01T00:24:33.300000Z,q0039,slippers
2026-01-01T00:24:33.500000Z,q0032,ceramic mug
2026-01-01T00:24:33.700000Z,q0028,tool box
2026-01-01T00:24:33.900000Z,q0045,running shorts
2026-01-01T00:24:34.100000Z,q0040,leather shoes
2026-01-01T00:24:34.300000Z,q0095,black electric toothbrush
2026-01-01T00:24:34.500000Z,q0039,slippers
2026-01-01T00:24:34.700000Z,q0362,grey watering can
2026-01-01T00:24:34.900000Z,q0770,Vela electric toothbrush
2026-01-01T00:24:35.100000Z,q0208,blue herbal tea
2026-01-01T00:24:35.300000Z,q0010,sunscreen
2026-01-01T00:24:35.500000Z,q0012,travel guide
2026-01-01T00:24:35.700000Z,q0723,Linden plush bear
2026-01-01T00:24:35.900000Z,q0410,red glass storage jar
2026-01-01T00:24:36.083000Z,q0032,ceramic mug
2026-01-01T00:24:36.250000Z,q0314,grey gardening book
2026-01-01T00:24:36.417000Z,q0043,water bottle
2026-01-01T00:24:36.583000Z,q0034,chopping board
2026-01-01T00:24:36.750000Z,q0017,first aid kit
2026-01-01T00:24:36.917000Z,q0034,chopping board
2026-01-01T00:24:37.083000Z,q0034,chopping board
2026-01-01T00:24:37.250000Z,q0007,shampoo
2026-01-01T00:24:37.417000Z,q0049,craft kit
2026-01-01T00:24:37.583000Z,q0644,Harbour resistance bands
2026-01-01T00:24:37.750000Z,q0043,water bottle
2026-01-01T00:24:37.917000Z,q0009,body wash
2026-01-01T00:24:38.083000Z,q0021,desk lamp
2026-01-01T00:24:38.250000Z,q0041,yoga mat
2026-01-01T00:24:38.417000Z,q0050,toy train
2026-01-01T00:24:38.583000Z,q0044,resistance bands
2026-01-01T00:24:38.750000Z,q0485,white glass storage jar
2026-01-01T00:24:38.917000Z,q0039,slippers
2026-01-01T00:24:39.083000Z,q0396,red desk lamp
2026-01-01T00:24:39.250000Z,q0007,shampoo
2026-01-01T00:24:39.417000Z,q0047,building blocks
2026-01-01T00:24:39.583000Z,q0048,plush bear
2026-01-01T00:24:39.750000Z,q0025,throw blanket
2026-01-01T00:24:39.917000Z,q0049,craft kit
2026-01-01T00:24:40.083000Z,q0035,glass storage jar
2026-01-01T00:24:40.250000Z,q0042,football
2026-01-01T00:24:40.417000Z,q0363,grey plant pot
2026-01-01T00:24:40.583000Z,q0302,grey linen dress
2026-01-01T00:24:40.750000Z,q0004,wool jumper
2026-01-01T00:24:40.917000Z,q0046,wooden puzzle
2026-01-01T00:24:41.083000Z,q0168,blue sleep mask
2026-01-01T00:24:41.250000Z,q0016,vitamin tablets
2026-01-01T00:24:41.417000Z,q0007,shampoo
2026-01-01T00:24:41.583000Z,q0009,body wash
2026-01-01T00:24:41.750000Z,q0015,crime novel
2026-01-01T00:24:41.917000Z,q0019,heat pad
2026-01-01T00:24:42.083000Z,q0761,Vela cookbook
2026-01-01T00:24:42.250000Z,q0027,paint brush
2026-01-01T00:24:42.417000Z,q0019,heat pad
2026-01-01T00:24:42.583000Z,q0012,travel guide
2026-01-01T00:24:42.750000Z,q0047,building blocks
2026-01-01T00:24:42.917000Z,q0016,vitamin tablets
2026-01-01T00:24:43.083000Z,q0338,grey sandals
2026-01-01T00:24:43.250000Z,q0425,red toy train
2026-01-01T00:24:43.417000Z,q0817,Vela cat toy
2026-01-01T00:24:43.583000Z,q0002,linen dress
2026-01-01T00:24:43.750000Z,q0005,rain jacket
2026-01-01T00:24:43.917000Z,q0040,leather shoes
2026-01-01T00:24:44.083000Z,q0019,heat pad
2026-01-01T00:24:44.250000Z,q0911,recycled cookbook
2026-01-01T00:24:44.417000Z,q0027,paint brush
2026-01-01T00:24:44.583000Z,q0916,recycled vitamin tablets
2026-01-01T00:24:44.750000Z,q0182,blue ceramic mug
2026-01-01T00:24:44.917000Z,q0048,plush bear
2026-01-01T00:24:45.083000Z,q0501,white wireless headphones
2026-01-01T00:24:45.250000Z,q0016,vitamin tablets
2026-01-01T00:24:45.417000Z,q0028,tool box
2026-01-01T00:24:45.583000Z,q0002,linen dress
2026-01-01T00:24:45.750000Z,q0026,cordless drill
2026-01-01T00:24:45.917000Z,q0981,archived lunar model 1
2026-01-01T00:24:46.083000Z,q0017,first aid kit
2026-01-01T00:24:46.250000Z,q0034,chopping board
2026-01-01T00:24:46.417000Z,q0368,grey pet bowl
2026-01-01T00:24:46.583000Z,q0032,ceramic mug
2026-01-01T00:24:46.750000Z,q0296,green notebook
2026-01-01T00:24:46.917000Z,q0042,football
2026-01-01T00:24:47.083000Z,q0040,leather shoes
2026-01-01T00:24:47.250000Z,q0289,green pruning shears
2026-01-01T00:24:47.417000Z,q0650,Harbour toy train
2026-01-01T00:24:47.583000Z,q0005,rain jacket
2026-01-01T00:24:47.750000Z,q0006,face moisturiser
2026-01-01T00:24:47.917000Z,q0185,blue glass storage jar
2026-01-01T00:24:48.083000Z,q0026,cordless drill
2026-01-01T00:24:48.250000Z,q0007,shampoo
2026-01-01T00:24:48.417000Z,q0029,wall shelf
2026-01-01T00:24:48.583000Z,q0020,electric toothbrush
2026-01-01T00:24:48.750000Z,q0001,cotton shirt
2026-01-01T00:24:48.917000Z,q0035,glass storage jar
2026-01-01T00:24:49.083000Z,q0043,water bottle
2026-01-01T00:24:49.250000Z,q0010,sunscreen
2026-01-01T00:24:49.417000Z,q0636,Harbour running shoes
2026-01-01T00:24:49.583000Z,q0011,cookbook
2026-01-01T00:24:49.750000Z,q0029,wall shelf
2026-01-01T00:24:49.917000Z,q0223,blue desk organiser
2026-01-01T00:24:50.083000Z,q0047,building blocks
2026-01-01T00:24:50.250000Z,q0793,Vela water bottle
2026-01-01T00:24:50.417000Z,q0029,wall shelf
2026-01-01T00:24:50.583000Z,q0026,cordless drill
2026-01-01T00:24:50.750000Z,q0014,gardening book
2026-01-01T00:24:50.917000Z,q0003,denim jeans
2026-01-01T00:24:51.083000Z,q0026,cordless drill
2026-01-01T00:24:51.250000Z,q0006,face moisturiser
2026-01-01T00:24:51.417000Z,q0033,cutlery set
2026-01-01T00:24:51.583000Z,q0045,running shorts
2026-01-01T00:24:51.750000Z,q0009,body wash
2026-01-01T00:24:51.917000Z,q0003,denim jeans
2026-01-01T00:24:52.083000Z,q0037,walking boots
2026-01-01T00:24:52.250000Z,q0039,slippers
2026-01-01T00:24:52.417000Z,q0006,face moisturiser
2026-01-01T00:24:52.583000Z,q0787,Vela walking boots
2026-01-01T00:24:52.750000Z,q0030,work gloves
2026-01-01T00:24:52.917000Z,q0942,recycled football
2026-01-01T00:24:53.071000Z,q0048,plush bear
2026-01-01T00:24:53.214000Z,q0002,linen dress
2026-01-01T00:24:53.357000Z,q0003,denim jeans
2026-01-01T00:24:53.500000Z,q0018,sleep mask
2026-01-01T00:24:53.643000Z,q0020,electric toothbrush
2026-01-01T00:24:53.786000Z,q0048,plush bear
2026-01-01T00:24:53.929000Z,q0231,green face moisturiser
2026-01-01T00:24:54.071000Z,q0853,cotton tool box
2026-01-01T00:24:54.214000Z,q0033,cutlery set
2026-01-01T00:24:54.357000Z,q0285,green olive oil
2026-01-01T00:24:54.500000Z,q0014,gardening book
2026-01-01T00:24:54.643000Z,q0041,yoga mat
2026-01-01T00:24:54.786000Z,q0016,vitamin tablets
2026-01-01T00:24:54.929000Z,q0038,sandals
2026-01-01T00:24:55.071000Z,q0042,football
2026-01-01T00:24:55.214000Z,q0050,toy train
2026-01-01T00:24:55.357000Z,q0006,face moisturiser
2026-01-01T00:24:55.500000Z,q0033,cutlery set
2026-01-01T00:24:55.643000Z,q0003,denim jeans
2026-01-01T00:24:55.786000Z,q0039,slippers
2026-01-01T00:24:55.929000Z,q0049,craft kit
2026-01-01T00:24:56.071000Z,q0050,toy train
2026-01-01T00:24:56.214000Z,q0019,heat pad
2026-01-01T00:24:56.357000Z,q0950,recycled toy train
2026-01-01T00:24:56.500000Z,q0034,chopping board
2026-01-01T00:24:56.643000Z,q0507,white ground coffee
2026-01-01T00:24:56.786000Z,q0459,white body wash
2026-01-01T00:24:56.929000Z,q0014,gardening book
2026-01-01T00:24:57.071000Z,q0722,Linden building blocks
2026-01-01T00:24:57.214000Z,q0025,throw blanket
2026-01-01T00:24:57.357000Z,q0022,cotton bedding
2026-01-01T00:24:57.500000Z,q0034,chopping board
2026-01-01T00:24:57.643000Z,q0258,green cutlery set
2026-01-01T00:24:57.786000Z,q0328,grey tool box
2026-01-01T00:24:57.929000Z,q0033,cutlery set
2026-01-01T00:24:58.071000Z,q0026,cordless drill
2026-01-01T00:24:58.214000Z,q0841,cotton vitamin tablets
2026-01-01T00:24:58.357000Z,q0039,slippers
2026-01-01T00:24:58.500000Z,q0013,children storybook
2026-01-01T00:24:58.643000Z,q0046,wooden puzzle
2026-01-01T00:24:58.786000Z,q0024,storage basket
2026-01-01T00:24:58.929000Z,q0811,Vela garden gloves
2026-01-01T00:24:59.071000Z,q0003,denim jeans
2026-01-01T00:24:59.214000Z,q0007,shampoo
2026-01-01T00:24:59.357000Z,q0045,running shorts
2026-01-01T00:24:59.500000Z,q0031,steel saucepan
2026-01-01T00:24:59.643000Z,q0008,hand cream
2026-01-01T00:24:59.786000Z,q0031,steel saucepan
2026-01-01T00:24:59.929000Z,q0039,slippers
2026-01-01T00:25:00.071000Z,q0161,blue cookbook
2026-01-01T00:25:00.214000Z,q0758,Vela hand cream
2026-01-01T00:25:00.357000Z,q0259,green chopping board
2026-01-01T00:25:00.500000Z,q0512,white watering can
2026-01-01T00:25:00.643000Z,q0978,premium denim jeans
2026-01-01T00:25:00.786000Z,q0004,wool jumper
2026-01-01T00:25:00.929000Z,q0031,steel saucepan
2026-01-01T00:25:01.071000Z,q0022,cotton bedding
2026-01-01T00:25:01.214000Z,q0006,face moisturiser
2026-01-01T00:25:01.357000Z,q0027,paint brush
2026-01-01T00:25:01.500000Z,q0547,Alder cotton bedding
2026-01-01T00:25:01.643000Z,q0035,glass storage jar
2026-01-01T00:25:01.786000Z,q0002,linen dress
2026-01-01T00:25:01.929000Z,q0727,Linden bluetooth speaker
2026-01-01T00:25:02.071000Z,q0007,shampoo
2026-01-01T00:25:02.214000Z,q0787,Vela walking boots
2026-01-01T00:25:02.357000Z,q0010,sunscreen
2026-01-01T00:25:02.500000Z,q0046,wooden puzzle
2026-01-01T00:25:02.643000Z,q0956,recycled breakfast oats
2026-01-01T00:25:02.786000Z,q0031,steel saucepan
2026-01-01T00:25:02.929000Z,q0040,leather shoes
2026-01-01T00:25:03.071000Z,q0013,children storybook
2026-01-01T00:25:03.214000Z,q0046,wooden puzzle
2026-01-01T00:25:03.357000Z,q0013,children storybook
2026-01-01T00:25:03.500000Z,q0024,storage basket
2026-01-01T00:25:03.643000Z,q0013,children storybook
2026-01-01T00:25:03.786000Z,q0041,yoga mat
2026-01-01T00:25:03.929000Z,q0271,green wooden puzzle
2026-01-01T00:25:04.071000Z,q0049,craft kit
2026-01-01T00:25:04.214000Z,q0023,bath towel
2026-01-01T00:25:04.357000Z,q0020,electric toothbrush
2026-01-01T00:25:04.500000Z,q0043,water bottle
2026-01-01T00:25:04.643000Z,q0015,crime novel
2026-01-01T00:25:04.786000Z,q0015,crime novel
2026-01-01T00:25:04.929000Z,q0039,slippers
2026-01-01T00:25:05.071000Z,q0034,chopping board
2026-01-01T00:25:05.214000Z,q0023,bath towel
2026-01-01T00:25:05.357000Z,q0012,travel guide
2026-01-01T00:25:05.500000Z,q0042,football
2026-01-01T00:25:05.643000Z,q0013,children storybook
2026-01-01T00:25:05.786000Z,q0858,cotton cutlery set
2026-01-01T00:25:05.929000Z,q0075,sticky notes
2026-01-01T00:25:06.071000Z,q0050,toy train
2026-01-01T00:25:06.214000Z,q0099,black storage basket
2026-01-01T00:25:06.357000Z,q0997,archived lunar model 17
2026-01-01T00:25:06.500000Z,q0561,Alder running shoes
2026-01-01T00:25:06.643000Z,q0327,grey paint brush
2026-01-01T00:25:06.786000Z,q0032,ceramic mug
2026-01-01T00:25:06.929000Z,q0014,gardening book
2026-01-01T00:25:07.071000Z,q0001,cotton shirt
2026-01-01T00:25:07.214000Z,q0428,red tablet
2026-01-01T00:25:07.357000Z,q0545,Alder electric toothbrush
2026-01-01T00:25:07.500000Z,q0709,Linden chopping board
2026-01-01T00:25:07.643000Z,q0011,cookbook
2026-01-01T00:25:07.786000Z,q0661,Harbour garden gloves
2026-01-01T00:25:07.929000Z,q0943,recycled water bottle
2026-01-01T00:25:08.062000Z,q0035,glass storage jar
2026-01-01T00:25:08.188000Z,q0157,blue shampoo
2026-01-01T00:25:08.312000Z,q0002,linen dress
2026-01-01T00:25:08.438000Z,q0220,blue pet blanket
2026-01-01T00:25:08.562000Z,q0006,face moisturiser
2026-01-01T00:25:08.688000Z,q0680,Linden rain jacket
2026-01-01T00:25:08.812000Z,q0006,face moisturiser
2026-01-01T00:25:08.938000Z,q0009,body wash
2026-01-01T00:25:09.062000Z,q0732,Linden ground coffee
2026-01-01T00:25:09.188000Z,q0696,Linden desk lamp
2026-01-01T00:25:09.312000Z,q0980,premium rain jacket
2026-01-01T00:25:09.438000Z,q0495,white running shorts
2026-01-01T00:25:09.562000Z,q0613,Harbour children storybook
2026-01-01T00:25:09.688000Z,q0002,linen dress
2026-01-01T00:25:09.812000Z,q0043,water bottle
2026-01-01T00:25:09.938000Z,q0015,crime novel
2026-01-01T00:25:10.062000Z,q0024,storage basket
2026-01-01T00:25:10.188000Z,q0049,craft kit
2026-01-01T00:25:10.312000Z,q0579,Alder smart watch
2026-01-01T00:25:10.438000Z,q0006,face moisturiser
2026-01-01T00:25:10.562000Z,q0008,hand cream
2026-01-01T00:25:10.688000Z,q0038,sandals
2026-01-01T00:25:10.812000Z,q0022,cotton bedding
2026-01-01T00:25:10.938000Z,q0049,craft kit
2026-01-01T00:25:11.062000Z,q0013,children storybook
2026-01-01T00:25:11.188000Z,q0049,craft kit
2026-01-01T00:25:11.312000Z,q0024,storage basket
2026-01-01T00:25:11.438000Z,q0025,throw blanket
2026-01-01T00:25:11.562000Z,q0845,cotton electric toothbrush
2026-01-01T00:25:11.688000Z,q0143,black pet bowl
2026-01-01T00:25:11.812000Z,q0013,children storybook
2026-01-01T00:25:11.938000Z,q0015,crime novel
2026-01-01T00:25:12.062000Z,q0043,water bottle
2026-01-01T00:25:12.188000Z,q0041,yoga mat
2026-01-01T00:25:12.312000Z,q0038,sandals
2026-01-01T00:25:12.438000Z,q0898,cotton desk organiser
2026-01-01T00:25:12.562000Z,q0021,desk lamp
2026-01-01T00:25:12.688000Z,q0018,sleep mask
2026-01-01T00:25:12.812000Z,q0038,sandals
2026-01-01T00:25:12.938000Z,q0280,green usb c charger
2026-01-01T00:25:13.062000Z,q0029,wall shelf
2026-01-01T00:25:13.188000Z,q0033,cutlery set
2026-01-01T00:25:13.312000Z,q0255,green work gloves
2026-01-01T00:25:13.438000Z,q0022,cotton bedding
2026-01-01T00:25:13.562000Z,q0008,hand cream
2026-01-01T00:25:13.688000Z,q0029,wall shelf
2026-01-01T00:25:13.812000Z,q0036,running shoes
2026-01-01T00:25:13.938000Z,q0028,tool box
2026-01-01T00:25:14.062000Z,q0045,running shorts
2026-01-01T00:25:14.188000Z,q0017,first aid kit
2026-01-01T00:25:14.312000Z,q0669,Harbour bird feeder
2026-01-01T00:25:14.438000Z,q0031,steel saucepan
2026-01-01T00:25:14.562000Z,q0037,walking boots
2026-01-01T00:25:14.688000Z,q0027,paint brush
2026-01-01T00:25:14.812000Z,q0250,green throw blanket
2026-01-01T00:25:14.938000Z,q0714,Linden slippers
2026-01-01T00:25:15.062000Z,q0044,resistance bands
2026-01-01T00:25:15.188000Z,q0015,crime novel
2026-01-01T00:25:15.312000Z,q0049,craft kit
2026-01-01T00:25:15.438000Z,q0700,Linden throw blanket
2026-01-01T00:25:15.562000Z,q0025,throw blanket
2026-01-01T00:25:15.688000Z,q0024,storage basket
2026-01-01T00:25:15.812000Z,q0883,cotton herbal tea
2026-01-01T00:25:15.938000Z,q0384,red body wash
2026-01-01T00:25:16.062000Z,q0041,yoga mat
2026-01-01T00:25:16.188000Z,q0012,travel guide
2026-01-01T00:25:16.312000Z,q0016,vitamin tablets
2026-01-01T00:25:16.438000Z,q0019,heat pad
2026-01-01T00:25:16.562000Z,q0019,heat pad
2026-01-01T00:25:16.688000Z,q0166,blue vitamin tablets
2026-01-01T00:25:16.812000Z,q0082,black shampoo
2026-01-01T00:25:16.938000Z,q0022,cotton bedding
2026-01-01T00:25:17.062000Z,q0177,blue paint brush
2026-01-01T00:25:17.188000Z,q0333,grey cutlery set
2026-01-01T00:25:17.312000Z,q0020,electric toothbrush
2026-01-01T00:25:17.438000Z,q0025,throw blanket
2026-01-01T00:25:17.562000Z,q0934,recycled chopping board
2026-01-01T00:25:17.688000Z,q0017,first aid kit
2026-01-01T00:25:17.812000Z,q0570,Alder running shorts
2026-01-01T00:25:17.938000Z,q0717,Linden football
2026-01-01T00:25:18.062000Z,q0382,red shampoo
2026-01-01T00:25:18.188000Z,q0002,linen dress
2026-01-01T00:25:18.312000Z,q0045,running shorts
2026-01-01T00:25:18.438000Z,q0039,slippers
2026-01-01T00:25:18.562000Z,q0023,bath towel
2026-01-01T00:25:18.688000Z,q0025,throw blanket
2026-01-01T00:25:18.812000Z,q0033,cutlery set
2026-01-01T00:25:18.938000Z,q0028,tool box
2026-01-01T00:25:19.062000Z,q0443,red pet bowl
2026-01-01T00:25:19.188000Z,q0006,face moisturiser
2026-01-01T00:25:19.312000Z,q0002,linen dress
2026-01-01T00:25:19.438000Z,q0033,cutlery set
2026-01-01T00:25:19.562000Z,q0032,ceramic mug
2026-01-01T00:25:19.688000Z,q0039,slippers
2026-01-01T00:25:19.812000Z,q0048,plush bear
2026-01-01T00:25:19.938000Z,q0035,glass storage jar
2026-01-01T00:25:20.062000Z,q0022,cotton bedding
2026-01-01T00:25:20.188000Z,q0041,yoga mat
2026-01-01T00:25:20.312000Z,q0046,wooden puzzle
2026-01-01T00:25:20.438000Z,q0862,cotton walking boots
2026-01-01T00:25:20.562000Z,q0023,bath towel
2026-01-01T00:25:20.688000Z,q0001,cotton shirt
2026-01-01T00:25:20.812000Z,q0010,sunscreen
2026-01-01T00:25:20.938000Z,q0430,red usb c charger
2026-01-01T00:25:21.062000Z,q0047,building blocks
2026-01-01T00:25:21.188000Z,q0011,cookbook
2026-01-01T00:25:21.312000Z,q0042,football
2026-01-01T00:25:21.438000Z,q0037,walking boots
2026-01-01T00:25:21.562000Z,q0012,travel guide
2026-01-01T00:25:21.688000Z,q0044,resistance bands
2026-01-01T00:25:21.812000Z,q0050,toy train
2026-01-01T00:25:21.938000Z,q0031,steel saucepan
2026-01-01T00:25:22.062000Z,q0007,shampoo
2026-01-01T00:25:22.188000Z,q0027,paint brush
2026-01-01T00:25:22.312000Z,q0039,slippers
2026-01-01T00:25:22.438000Z,q0021,desk lamp
2026-01-01T00:25:22.562000Z,q0017,first aid kit
2026-01-01T00:25:22.688000Z,q0036,running shoes
2026-01-01T00:25:22.812000Z,q0042,football
2026-01-01T00:25:22.938000Z,q0031,steel saucepan
2026-01-01T00:25:23.062000Z,q0037,walking boots
2026-01-01T00:25:23.188000Z,q0043,water bottle
2026-01-01T00:25:23.312000Z,q0018,sleep mask
2026-01-01T00:25:23.438000Z,q0032,ceramic mug
2026-01-01T00:25:23.562000Z,q0007,shampoo
2026-01-01T00:25:23.688000Z,q0016,vitamin tablets
2026-01-01T00:25:23.812000Z,q0026,cordless drill
2026-01-01T00:25:23.938000Z,q0043,water bottle
2026-01-01T00:25:24.062000Z,q0045,running shorts
2026-01-01T00:25:24.188000Z,q0025,throw blanket
2026-01-01T00:25:24.312000Z,q0803,Vela tablet
2026-01-01T00:25:24.438000Z,q0010,sunscreen
2026-01-01T00:25:24.562000Z,q0028,tool box
2026-01-01T00:25:24.688000Z,q0347,grey building blocks
2026-01-01T00:25:24.812000Z,q0134,black pasta sauce
2026-01-01T00:25:24.938000Z,q0032,ceramic mug
2026-01-01T00:25:25.062000Z,q0226,green cotton shirt
2026-01-01T00:25:25.188000Z,q0459,white body wash
2026-01-01T00:25:25.312000Z,q0043,water bottle
2026-01-01T00:25:25.438000Z,q0048,plush bear
2026-01-01T00:25:25.562000Z,q0816,Vela dog lead
2026-01-01T00:25:25.688000Z,q0338,grey sandals
2026-01-01T00:25:25.812000Z,q0050,toy train
2026-01-01T00:25:25.938000Z,q0025,throw blanket
2026-01-01T00:25:26.056000Z,q0034,chopping board
2026-01-01T00:25:26.167000Z,q0408,red cutlery set
2026-01-01T00:25:26.278000Z,q0246,green desk lamp
2026-01-01T00:25:26.389000Z,q0034,chopping board
2026-01-01T00:25:26.500000Z,q0016,vitamin tablets
2026-01-01T00:25:26.611000Z,q0040,leather shoes
2026-01-01T00:25:26.722000Z,q0020,electric toothbrush
2026-01-01T00:25:26.833000Z,q0996,archived lunar model 16
2026-01-01T00:25:26.944000Z,q0035,glass storage jar
2026-01-01T00:25:27.056000Z,q0035,glass storage jar
2026-01-01T00:25:27.167000Z,q0004,wool jumper
2026-01-01T00:25:27.278000Z,q0013,children storybook
2026-01-01T00:25:27.389000Z,q0824,Vela sketch pad
2026-01-01T00:25:27.500000Z,q0015,crime novel
2026-01-01T00:25:27.611000Z,q0047,building blocks
2026-01-01T00:25:27.722000Z,q0988,archived lunar model 8
2026-01-01T00:25:27.833000Z,q0004,wool jumper
2026-01-01T00:25:27.944000Z,q0050,toy train
2026-01-01T00:25:28.056000Z,q0014,gardening book
2026-01-01T00:25:28.167000Z,q0037,walking boots
2026-01-01T00:25:28.278000Z,q0082,black shampoo
2026-01-01T00:25:28.389000Z,q0006,face moisturiser
2026-01-01T00:25:28.500000Z,q0007,shampoo
2026-01-01T00:25:28.611000Z,q0005,rain jacket
2026-01-01T00:25:28.722000Z,q0814,Vela pruning shears
2026-01-01T00:25:28.833000Z,q0549,Alder storage basket
2026-01-01T00:25:28.944000Z,q0031,steel saucepan
2026-01-01T00:25:29.056000Z,q0024,storage basket
2026-01-01T00:25:29.167000Z,q0024,storage basket
2026-01-01T00:25:29.278000Z,q0017,first aid kit
2026-01-01T00:25:29.389000Z,q0493,white water bottle
2026-01-01T00:25:29.500000Z,q0012,travel guide
2026-01-01T00:25:29.611000Z,q0044,resistance bands
2026-01-01T00:25:29.722000Z,q0028,tool box
2026-01-01T00:25:29.833000Z,q0326,grey cordless drill
2026-01-01T00:25:29.944000Z,q0228,green denim jeans
2026-01-01T00:25:30.056000Z,q0778,Vela tool box
2026-01-01T00:25:30.167000Z,q0803,Vela tablet
2026-01-01T00:25:30.278000Z,q0008,hand cream
2026-01-01T00:25:30.389000Z,q0885,cotton olive oil
2026-01-01T00:25:30.500000Z,q0007,shampoo
2026-01-01T00:25:30.611000Z,q0023,bath towel
2026-01-01T00:25:30.722000Z,q0808,Vela herbal tea
2026-01-01T00:25:30.833000Z,q0008,hand cream
2026-01-01T00:25:30.944000Z,q0026,cordless drill
2026-01-01T00:25:31.056000Z,q0458,white hand cream
2026-01-01T00:25:31.167000Z,q0866,cotton yoga mat
2026-01-01T00:25:31.278000Z,q0045,running shorts
2026-01-01T00:25:31.389000Z,q0047,building blocks
2026-01-01T00:25:31.500000Z,q0014,gardening book
2026-01-01T00:25:31.611000Z,q0028,tool box
2026-01-01T00:25:31.722000Z,q0003,denim jeans
2026-01-01T00:25:31.833000Z,q0022,cotton bedding
2026-01-01T00:25:31.944000Z,q0001,cotton shirt
2026-01-01T00:25:32.056000Z,q0018,sleep mask
2026-01-01T00:25:32.167000Z,q0340,grey leather shoes
2026-01-01T00:25:32.278000Z,q0011,cookbook
2026-01-01T00:25:32.389000Z,q0003,denim jeans
2026-01-01T00:25:32.500000Z,q0031,steel saucepan
2026-01-01T00:25:32.611000Z,q0679,Linden wool jumper
2026-01-01T00:25:32.722000Z,q0798,Vela plush bear
2026-01-01T00:25:32.833000Z,q0043,water bottle
2026-01-01T00:25:32.944000Z,q0037,walking boots
2026-01-01T00:25:33.056000Z,q0030,work gloves
2026-01-01T00:25:33.167000Z,q0029,wall shelf
2026-01-01T00:25:33.278000Z,q0044,resistance bands
2026-01-01T00:25:33.389000Z,q0036,running shoes
2026-01-01T00:25:33.500000Z,q0019,heat pad
2026-01-01T00:25:33.611000Z,q0685,Linden sunscreen
2026-01-01T00:25:33.722000Z,q0045,running shorts
2026-01-01T00:25:33.833000Z,q0030,work gloves
2026-01-01T00:25:33.944000Z,q0556,Alder steel saucepan
2026-01-01T00:25:34.056000Z,q0418,red water bottle
2026-01-01T00:25:34.167000Z,q0016,vitamin tablets
2026-01-01T00:25:34.278000Z,q0866,cotton yoga mat
2026-01-01T00:25:34.389000Z,q0004,wool jumper
2026-01-01T00:25:34.500000Z,q0917,recycled first aid kit
2026-01-01T00:25:34.611000Z,q0462,white travel guide
2026-01-01T00:25:34.722000Z,q0013,children storybook
2026-01-01T00:25:34.833000Z,q0013,children storybook
2026-01-01T00:25:34.944000Z,q0887,cotton watering can
2026-01-01T00:25:35.056000Z,q0024,storage basket
2026-01-01T00:25:35.167000Z,q0007,shampoo
2026-01-01T00:25:35.278000Z,q0972,recycled ballpoint pens
2026-01-01T00:25:35.389000Z,q0008,hand cream
2026-01-01T00:25:35.500000Z,q0016,vitamin tablets
2026-01-01T00:25:35.611000Z,q0036,running shoes
2026-01-01T00:25:35.722000Z,q0037,walking boots
2026-01-01T00:25:35.833000Z,q0024,storage basket
2026-01-01T00:25:35.944000Z,q0050,toy train
2026-01-01T00:25:36.056000Z,q0043,water bottle
2026-01-01T00:25:36.167000Z,q0021,desk lamp
2026-01-01T00:25:36.278000Z,q0014,gardening book
2026-01-01T00:25:36.389000Z,q0033,cutlery set
2026-01-01T00:25:36.500000Z,q0693,Linden sleep mask
2026-01-01T00:25:36.611000Z,q0514,white pruning shears
2026-01-01T00:25:36.722000Z,q0021,desk lamp
2026-01-01T00:25:36.833000Z,q0026,cordless drill
2026-01-01T00:25:36.944000Z,q0780,Vela work gloves
2026-01-01T00:25:37.056000Z,q0037,walking boots
2026-01-01T00:25:37.167000Z,q0008,hand cream
2026-01-01T00:25:37.278000Z,q0036,running shoes
2026-01-01T00:25:37.389000Z,q0007,shampoo
2026-01-01T00:25:37.500000Z,q0017,first aid kit
2026-01-01T00:25:37.611000Z,q0014,gardening book
2026-01-01T00:25:37.722000Z,q0355,grey usb c charger
2026-01-01T00:25:37.833000Z,q0047,building blocks
2026-01-01T00:25:37.944000Z,q0021,desk lamp
2026-01-01T00:25:38.056000Z,q0646,Harbour wooden puzzle
2026-01-01T00:25:38.167000Z,q0745,Linden pet blanket
2026-01-01T00:25:38.278000Z,q0008,hand cream
2026-01-01T00:25:38.389000Z,q0024,storage basket
2026-01-01T00:25:38.500000Z,q0036,running shoes
2026-01-01T00:25:38.611000Z,q0003,denim jeans
2026-01-01T00:25:38.722000Z,q0022,cotton bedding
2026-01-01T00:25:38.833000Z,q0011,cookbook
2026-01-01T00:25:38.944000Z,q0025,throw blanket
2026-01-01T00:25:39.056000Z,q0578,Alder tablet
2026-01-01T00:25:39.167000Z,q0016,vitamin tablets
2026-01-01T00:25:39.278000Z,q0910,recycled sunscreen
2026-01-01T00:25:39.389000Z,q0027,paint brush
2026-01-01T00:25:39.500000Z,q0008,hand cream
2026-01-01T00:25:39.611000Z,q0020,electric toothbrush
2026-01-01T00:25:39.722000Z,q0034,chopping board
2026-01-01T00:25:39.833000Z,q0047,building blocks
2026-01-01T00:25:39.944000Z,q0573,Alder plush bear
2026-01-01T00:25:40.056000Z,q0010,sunscreen
2026-01-01T00:25:40.167000Z,q0046,wooden puzzle
2026-01-01T00:25:40.278000Z,q0039,slippers
2026-01-01T00:25:40.389000Z,q0042,football
2026-01-01T00:25:40.500000Z,q0040,leather shoes
2026-01-01T00:25:40.611000Z,q0045,running shorts
2026-01-01T00:25:40.722000Z,q0034,chopping board
2026-01-01T00:25:40.833000Z,q0021,desk lamp
2026-01-01T00:25:40.944000Z,q0046,wooden puzzle
2026-01-01T00:25:41.056000Z,q0048,plush bear
2026-01-01T00:25:41.167000Z,q0051,wireless headphones
2026-01-01T00:25:41.278000Z,q0013,children storybook
2026-01-01T00:25:41.389000Z,q0027,paint brush
2026-01-01T00:25:41.500000Z,q0879,cotton smart watch
2026-01-01T00:25:41.611000Z,q0031,steel saucepan
2026-01-01T00:25:41.722000Z,q0033,cutlery set
2026-01-01T00:25:41.833000Z,q0023,bath towel
2026-01-01T00:25:41.944000Z,q0650,Harbour toy train
2026-01-01T00:25:42.056000Z,q0007,shampoo
2026-01-01T00:25:42.167000Z,q0002,linen dress
2026-01-01T00:25:42.278000Z,q0013,children storybook
2026-01-01T00:25:42.389000Z,q0738,Linden plant pot
2026-01-01T00:25:42.500000Z,q0040,leather shoes
2026-01-01T00:25:42.611000Z,q0040,leather shoes
2026-01-01T00:25:42.722000Z,q0032,ceramic mug
2026-01-01T00:25:42.833000Z,q0271,green wooden puzzle
2026-01-01T00:25:42.944000Z,q0049,craft kit
2026-01-01T00:25:43.056000Z,q0046,wooden puzzle
2026-01-01T00:25:43.167000Z,q0005,rain jacket
2026-01-01T00:25:43.278000Z,q0045,running shorts
2026-01-01T00:25:43.389000Z,q0518,white pet bowl
2026-01-01T00:25:43.500000Z,q0025,throw blanket
2026-01-01T00:25:43.611000Z,q0029,wall shelf
2026-01-01T00:25:43.722000Z,q0030,work gloves
2026-01-01T00:25:43.833000Z,q0464,white gardening book
2026-01-01T00:25:43.944000Z,q0041,yoga mat
2026-01-01T00:25:44.056000Z,q0004,wool jumper
2026-01-01T00:25:44.167000Z,q0015,crime novel
2026-01-01T00:25:44.278000Z,q0035,glass storage jar
2026-01-01T00:25:44.389000Z,q0043,water bottle
2026-01-01T00:25:44.500000Z,q0005,rain jacket
2026-01-01T00:25:44.611000Z,q0029,wall shelf
2026-01-01T00:25:44.722000Z,q0010,sunscreen
2026-01-01T00:25:44.833000Z,q0049,craft kit
2026-01-01T00:25:44.944000Z,q0590,Alder solar lights
2026-01-01T00:25:45.056000Z,q0306,grey face moisturiser
2026-01-01T00:25:45.167000Z,q0034,chopping board
2026-01-01T00:25:45.278000Z,q0771,Vela desk lamp
2026-01-01T00:25:45.389000Z,q0019,heat pad
2026-01-01T00:25:45.500000Z,q0006,face moisturiser
2026-01-01T00:25:45.611000Z,q0001,cotton shirt
2026-01-01T00:25:45.722000Z,q0038,sandals
2026-01-01T00:25:45.833000Z,q0030,work gloves
2026-01-01T00:25:45.944000Z,q0020,electric toothbrush
2026-01-01T00:25:46.056000Z,q0027,paint brush
2026-01-01T00:25:46.167000Z,q0045,running shorts
2026-01-01T00:25:46.278000Z,q0002,linen dress
2026-01-01T00:25:46.389000Z,q0049,craft kit
2026-01-01T00:25:46.500000Z,q0863,cotton sandals
2026-01-01T00:25:46.611000Z,q0039,slippers
2026-01-01T00:25:46.722000Z,q0030,work gloves
2026-01-01T00:25:46.833000Z,q0296,green notebook
2026-01-01T00:25:46.944000Z,q0723,Linden plush bear
2026-01-01T00:25:47.056000Z,q0015,crime novel
2026-01-01T00:25:47.167000Z,q0002,linen dress
2026-01-01T00:25:47.278000Z,q0369,grey bird feeder
2026-01-01T00:25:47.389000Z,q0013,children storybook
2026-01-01T00:25:47.500000Z,q0039,slippers
2026-01-01T00:25:47.611000Z,q0948,recycled plush bear
2026-01-01T00:25:47.722000Z,q0007,shampoo
2026-01-01T00:25:47.833000Z,q0038,sandals
2026-01-01T00:25:47.944000Z,q0011,cookbook
2026-01-01T00:25:48.050000Z,q0613,Harbour children storybook
2026-01-01T00:25:48.150000Z,q0242,green first aid kit
2026-01-01T00:25:48.250000Z,q0039,slippers
2026-01-01T00:25:48.350000Z,q0013,children storybook
2026-01-01T00:25:48.450000Z,q0006,face moisturiser
2026-01-01T00:25:48.550000Z,q0032,ceramic mug
2026-01-01T00:25:48.650000Z,q0015,crime novel
2026-01-01T00:25:48.750000Z,q0029,wall shelf
2026-01-01T00:25:48.850000Z,q0017,first aid kit
2026-01-01T00:25:48.950000Z,q0222,blue ballpoint pens
2026-01-01T00:25:49.050000Z,q0002,linen dress
2026-01-01T00:25:49.150000Z,q0022,cotton bedding
2026-01-01T00:25:49.250000Z,q0018,sleep mask
2026-01-01T00:25:49.350000Z,q0047,building blocks
2026-01-01T00:25:49.450000Z,q0636,Harbour running shoes
2026-01-01T00:25:49.550000Z,q0041,yoga mat
2026-01-01T00:25:49.650000Z,q0039,slippers
2026-01-01T00:25:49.750000Z,q0055,usb c charger
2026-01-01T00:25:49.850000Z,q0177,blue paint brush
2026-01-01T00:25:49.950000Z,q0005,rain jacket
2026-01-01T00:25:50.050000Z,q0712,Linden walking boots
2026-01-01T00:25:50.150000Z,q0844,cotton heat pad
2026-01-01T00:25:50.250000Z,q0031,steel saucepan
2026-01-01T00:25:50.350000Z,q0853,cotton tool box
2026-01-01T00:25:50.450000Z,q0007,shampoo
2026-01-01T00:25:50.550000Z,q0473,white bath towel
2026-01-01T00:25:50.650000Z,q0031,steel saucepan
2026-01-01T00:25:50.750000Z,q0015,crime novel
2026-01-01T00:25:50.850000Z,q0377,red linen dress
2026-01-01T00:25:50.950000Z,q0024,storage basket
2026-01-01T00:25:51.050000Z,q0891,cotton dog lead
2026-01-01T00:25:51.150000Z,q0619,Harbour heat pad
2026-01-01T00:25:51.250000Z,q0570,Alder running shorts
2026-01-01T00:25:51.350000Z,q0816,Vela dog lead
2026-01-01T00:25:51.450000Z,q0331,grey steel saucepan
2026-01-01T00:25:51.550000Z,q0045,running shorts
2026-01-01T00:25:51.650000Z,q0046,wooden puzzle
2026-01-01T00:25:51.750000Z,q0030,work gloves
2026-01-01T00:25:51.850000Z,q0019,heat pad
2026-01-01T00:25:51.950000Z,q0006,face moisturiser
2026-01-01T00:25:52.050000Z,q0025,throw blanket
2026-01-01T00:25:52.150000Z,q0495,white running shorts
2026-01-01T00:25:52.250000Z,q0021,desk lamp
2026-01-01T00:25:52.350000Z,q0728,Linden tablet
2026-01-01T00:25:52.450000Z,q0008,hand cream
2026-01-01T00:25:52.550000Z,q0050,toy train
2026-01-01T00:25:52.650000Z,q0020,electric toothbrush
2026-01-01T00:25:52.750000Z,q0037,walking boots
2026-01-01T00:25:52.850000Z,q0810,Vela olive oil
2026-01-01T00:25:52.950000Z,q0025,throw blanket
2026-01-01T00:25:53.050000Z,q0009,body wash
2026-01-01T00:25:53.150000Z,q0368,grey pet bowl
2026-01-01T00:25:53.250000Z,q0040,leather shoes
2026-01-01T00:25:53.350000Z,q0853,cotton tool box
2026-01-01T00:25:53.450000Z,q0048,plush bear
2026-01-01T00:25:53.550000Z,q0833,cotton hand cream
2026-01-01T00:25:53.650000Z,q0014,gardening book
2026-01-01T00:25:53.750000Z,q0037,walking boots
2026-01-01T00:25:53.850000Z,q0444,red bird feeder
2026-01-01T00:25:53.950000Z,q0313,grey children storybook
2026-01-01T00:25:54.050000Z,q0013,children storybook
2026-01-01T00:25:54.150000Z,q0022,cotton bedding
2026-01-01T00:25:54.250000Z,q0010,sunscreen
2026-01-01T00:25:54.350000Z,q0711,Linden running shoes
2026-01-01T00:25:54.450000Z,q0093,black sleep mask
2026-01-01T00:25:54.550000Z,q0663,Harbour plant pot
2026-01-01T00:25:54.650000Z,q0002,linen dress
2026-01-01T00:25:54.750000Z,q0027,paint brush
2026-01-01T00:25:54.850000Z,q0034,chopping board
2026-01-01T00:25:54.950000Z,q0004,wool jumper
2026-01-01T00:25:55.050000Z,q0023,bath towel
2026-01-01T00:25:55.150000Z,q0049,craft kit
2026-01-01T00:25:55.250000Z,q0095,black electric toothbrush
2026-01-01T00:25:55.350000Z,q0001,cotton shirt
2026-01-01T00:25:55.450000Z,q0295,green pet blanket
2026-01-01T00:25:55.550000Z,q0012,travel guide
2026-01-01T00:25:55.650000Z,q0284,green pasta sauce
2026-01-01T00:25:55.750000Z,q0001,cotton shirt
2026-01-01T00:25:55.850000Z,q0008,hand cream
2026-01-01T00:25:55.950000Z,q0014,gardening book
2026-01-01T00:25:56.050000Z,q0814,Vela pruning shears
2026-01-01T00:25:56.150000Z,q0013,children storybook
2026-01-01T00:25:56.250000Z,q0017,first aid kit
2026-01-01T00:25:56.350000Z,q0006,face moisturiser
2026-01-01T00:25:56.450000Z,q0025,throw blanket
2026-01-01T00:25:56.550000Z,q0011,cookbook
2026-01-01T00:25:56.650000Z,q0653,Harbour tablet
2026-01-01T00:25:56.750000Z,q0225,blue sticky notes
2026-01-01T00:25:56.850000Z,q0468,white sleep mask
2026-01-01T00:25:56.950000Z,q0011,cookbook
2026-01-01T00:25:57.050000Z,q0012,travel guide
2026-01-01T00:25:57.150000Z,q0925,recycled throw blanket
2026-01-01T00:25:57.250000Z,q0459,white body wash
2026-01-01T00:25:57.350000Z,q0039,slippers
2026-01-01T00:25:57.450000Z,q0001,cotton shirt
2026-01-01T00:25:57.550000Z,q0038,sandals
2026-01-01T00:25:57.650000Z,q0006,face moisturiser
2026-01-01T00:25:57.750000Z,q0033,cutlery set
2026-01-01T00:25:57.850000Z,q0046,wooden puzzle
2026-01-01T00:25:57.950000Z,q0630,Harbour work gloves
2026-01-01T00:25:58.050000Z,q0012,travel guide
2026-01-01T00:25:58.150000Z,q0006,face moisturiser
2026-01-01T00:25:58.250000Z,q0049,craft kit
2026-01-01T00:25:58.350000Z,q0023,bath towel
2026-01-01T00:25:58.450000Z,q0026,cordless drill
2026-01-01T00:25:58.550000Z,q0285,green olive oil
2026-01-01T00:25:58.650000Z,q0036,running shoes
2026-01-01T00:25:58.750000Z,q0693,Linden sleep mask
2026-01-01T00:25:58.850000Z,q0031,steel saucepan
2026-01-01T00:25:58.950000Z,q0040,leather shoes
2026-01-01T00:25:59.050000Z,q0050,toy train
2026-01-01T00:25:59.150000Z,q0036,running shoes
2026-01-01T00:25:59.250000Z,q0130,black usb c charger
2026-01-01T00:25:59.350000Z,q0015,crime novel
2026-01-01T00:25:59.450000Z,q0042,football
2026-01-01T00:25:59.550000Z,q0190,blue leather shoes
2026-01-01T00:25:59.650000Z,q0621,Harbour desk lamp
2026-01-01T00:25:59.750000Z,q0037,walking boots
2026-01-01T00:25:59.850000Z,q0386,red cookbook
2026-01-01T00:25:59.950000Z,q0040,leather shoes
2026-01-01T00:26:00.050000Z,q0031,steel saucepan
2026-01-01T00:26:00.150000Z,q0027,paint brush
2026-01-01T00:26:00.250000Z,q0018,sleep mask
2026-01-01T00:26:00.350000Z,q0042,football
2026-01-01T00:26:00.450000Z,q0016,vitamin tablets
2026-01-01T00:26:00.550000Z,q0666,Harbour dog lead
2026-01-01T00:26:00.650000Z,q0253,green tool box
2026-01-01T00:26:00.750000Z,q0002,linen dress
2026-01-01T00:26:00.850000Z,q0818,Vela pet bowl
2026-01-01T00:26:00.950000Z,q0138,black plant pot
2026-01-01T00:26:01.050000Z,q0021,desk lamp
2026-01-01T00:26:01.150000Z,q0039,slippers
2026-01-01T00:26:01.250000Z,q0002,linen dress
2026-01-01T00:26:01.350000Z,q0034,chopping board
2026-01-01T00:26:01.450000Z,q0595,Alder pet blanket
2026-01-01T00:26:01.550000Z,q0620,Harbour electric toothbrush
2026-01-01T00:26:01.650000Z,q0018,sleep mask
2026-01-01T00:26:01.750000Z,q0021,desk lamp
2026-01-01T00:26:01.850000Z,q0028,tool box
2026-01-01T00:26:01.950000Z,q0005,rain jacket
2026-01-01T00:26:02.050000Z,q0021,desk lamp
2026-01-01T00:26:02.150000Z,q0003,denim jeans
2026-01-01T00:26:02.250000Z,q0038,sandals
2026-01-01T00:26:02.350000Z,q0020,electric toothbrush
2026-01-01T00:26:02.450000Z,q0030,work gloves
2026-01-01T00:26:02.550000Z,q0626,Harbour cordless drill
2026-01-01T00:26:02.650000Z,q0021,desk lamp
2026-01-01T00:26:02.750000Z,q0534,Alder body wash
2026-01-01T00:26:02.850000Z,q0046,wooden puzzle
2026-01-01T00:26:02.950000Z,q0042,football
2026-01-01T00:26:03.050000Z,q0040,leather shoes
2026-01-01T00:26:03.150000Z,q0040,leather shoes
2026-01-01T00:26:03.250000Z,q0004,wool jumper
2026-01-01T00:26:03.350000Z,q0014,gardening book
2026-01-01T00:26:03.450000Z,q0591,Alder dog lead
2026-01-01T00:26:03.550000Z,q0104,black wall shelf
2026-01-01T00:26:03.650000Z,q0032,ceramic mug
2026-01-01T00:26:03.750000Z,q0023,bath towel
2026-01-01T00:26:03.850000Z,q0011,cookbook
2026-01-01T00:26:03.950000Z,q0014,gardening book
2026-01-01T00:26:04.050000Z,q0043,water bottle
2026-01-01T00:26:04.150000Z,q0046,wooden puzzle
2026-01-01T00:26:04.250000Z,q0049,craft kit
2026-01-01T00:26:04.350000Z,q0517,white cat toy
2026-01-01T00:26:04.450000Z,q0944,recycled resistance bands
2026-01-01T00:26:04.550000Z,q0013,children storybook
2026-01-01T00:26:04.650000Z,q0020,electric toothbrush
2026-01-01T00:26:04.750000Z,q0857,cotton ceramic mug
2026-01-01T00:26:04.850000Z,q0294,green bird feeder
2026-01-01T00:26:04.950000Z,q0028,tool box
2026-01-01T00:26:05.050000Z,q0026,cordless drill
2026-01-01T00:26:05.150000Z,q0020,electric toothbrush
2026-01-01T00:26:05.250000Z,q0003,denim jeans
2026-01-01T00:26:05.350000Z,q0789,Vela slippers
2026-01-01T00:26:05.450000Z,q0198,blue plush bear
2026-01-01T00:26:05.550000Z,q0996,archived lunar model 16
2026-01-01T00:26:05.650000Z,q0276,green wireless headphones
2026-01-01T00:26:05.750000Z,q0011,cookbook
2026-01-01T00:26:05.850000Z,q0021,desk lamp
2026-01-01T00:26:05.950000Z,q0023,bath towel
2026-01-01T00:26:06.050000Z,q0018,sleep mask
2026-01-01T00:26:06.150000Z,q0108,black cutlery set
2026-01-01T00:26:06.250000Z,q0009,body wash
2026-01-01T00:26:06.350000Z,q0036,running shoes
2026-01-01T00:26:06.450000Z,q0380,red rain jacket
2026-01-01T00:26:06.550000Z,q0005,rain jacket
2026-01-01T00:26:06.650000Z,q0023,bath towel
2026-01-01T00:26:06.750000Z,q0393,red sleep mask
2026-01-01T00:26:06.850000Z,q0222,blue ballpoint pens
2026-01-01T00:26:06.950000Z,q0012,travel guide
2026-01-01T00:26:07.050000Z,q0035,glass storage jar
2026-01-01T00:26:07.150000Z,q0013,children storybook
2026-01-01T00:26:07.250000Z,q0049,craft kit
2026-01-01T00:26:07.350000Z,q0247,green cotton bedding
2026-01-01T00:26:07.450000Z,q0045,running shorts
2026-01-01T00:26:07.550000Z,q0041,yoga mat
2026-01-01T00:26:07.650000Z,q0006,face moisturiser
2026-01-01T00:26:07.750000Z,q0448,red desk organiser
2026-01-01T00:26:07.850000Z,q0794,Vela resistance bands
2026-01-01T00:26:07.950000Z,q0662,Harbour watering can
2026-01-01T00:26:08.050000Z,q0045,running shorts
2026-01-01T00:26:08.150000Z,q0869,cotton resistance bands
2026-01-01T00:26:08.250000Z,q0623,Harbour bath towel
2026-01-01T00:26:08.350000Z,q0004,wool jumper
2026-01-01T00:26:08.450000Z,q0047,building blocks
2026-01-01T00:26:08.550000Z,q0005,rain jacket
2026-01-01T00:26:08.650000Z,q0012,travel guide
2026-01-01T00:26:08.750000Z,q0012,travel guide
2026-01-01T00:26:08.850000Z,q0022,cotton bedding
2026-01-01T00:26:08.950000Z,q0011,cookbook
2026-01-01T00:26:09.050000Z,q0022,cotton bedding
2026-01-01T00:26:09.150000Z,q0007,shampoo
2026-01-01T00:26:09.250000Z,q0025,throw blanket
2026-01-01T00:26:09.350000Z,q0008,hand cream
2026-01-01T00:26:09.450000Z,q0017,first aid kit
2026-01-01T00:26:09.550000Z,q0034,chopping board
2026-01-01T00:26:09.650000Z,q0033,cutlery set
2026-01-01T00:26:09.750000Z,q0414,red slippers
2026-01-01T00:26:09.850000Z,q0148,black desk organiser
2026-01-01T00:26:09.950000Z,q0045,running shorts
2026-01-01T00:26:10.050000Z,q0047,building blocks
2026-01-01T00:26:10.150000Z,q0012,travel guide
2026-01-01T00:26:10.250000Z,q0049,craft kit
2026-01-01T00:26:10.350000Z,q0727,Linden bluetooth speaker
2026-01-01T00:26:10.450000Z,q0035,glass storage jar
2026-01-01T00:26:10.550000Z,q0010,sunscreen
2026-01-01T00:26:10.650000Z,q0030,work gloves
2026-01-01T00:26:10.750000Z,q0699,Linden storage basket
2026-01-01T00:26:10.850000Z,q0033,cutlery set
2026-01-01T00:26:10.950000Z,q0024,storage basket
2026-01-01T00:26:11.050000Z,q0023,bath towel
2026-01-01T00:26:11.150000Z,q0411,red running shoes
2026-01-01T00:26:11.250000Z,q0044,resistance bands
2026-01-01T00:26:11.350000Z,q0353,grey tablet
2026-01-01T00:26:11.450000Z,q0038,sandals
2026-01-01T00:26:11.550000Z,q0012,travel guide
2026-01-01T00:26:11.650000Z,q0047,building blocks
2026-01-01T00:26:11.750000Z,q0106,black steel saucepan
2026-01-01T00:26:11.850000Z,q0030,work gloves
2026-01-01T00:26:11.950000Z,q0037,walking boots
2026-01-01T00:26:12.050000Z,q0685,Linden sunscreen
2026-01-01T00:26:12.150000Z,q0033,cutlery set
2026-01-01T00:26:12.250000Z,q0014,gardening book
2026-01-01T00:26:12.350000Z,q0033,cutlery set
2026-01-01T00:26:12.450000Z,q0732,Linden ground coffee
2026-01-01T00:26:12.550000Z,q0002,linen dress
2026-01-01T00:26:12.650000Z,q0038,sandals
2026-01-01T00:26:12.750000Z,q0026,cordless drill
2026-01-01T00:26:12.850000Z,q0605,Harbour rain jacket
2026-01-01T00:26:12.950000Z,q0050,toy train
2026-01-01T00:26:13.050000Z,q0034,chopping board
2026-01-01T00:26:13.150000Z,q0047,building blocks
2026-01-01T00:26:13.250000Z,q0040,leather shoes
2026-01-01T00:26:13.350000Z,q0176,blue cordless drill
2026-01-01T00:26:13.450000Z,q0030,work gloves
2026-01-01T00:26:13.550000Z,q0123,black plush bear
2026-01-01T00:26:13.650000Z,q0374,grey sketch pad
2026-01-01T00:26:13.750000Z,q0027,paint brush
2026-01-01T00:26:13.850000Z,q0017,first aid kit
2026-01-01T00:26:13.950000Z,q0018,sleep mask
2026-01-01T00:26:14.050000Z,q0013,children storybook
2026-01-01T00:26:14.150000Z,q0012,travel guide
2026-01-01T00:26:14.250000Z,q0020,electric toothbrush
2026-01-01T00:26:14.350000Z,q0042,football
2026-01-01T00:26:14.450000Z,q0031,steel saucepan
2026-01-01T00:26:14.550000Z,q0048,plush bear
2026-01-01T00:26:14.650000Z,q0031,steel saucepan
2026-01-01T00:26:14.750000Z,q0888,cotton plant pot
2026-01-01T00:26:14.850000Z,q0050,toy train
2026-01-01T00:26:14.950000Z,q0462,white travel guide
2026-01-01T00:26:15.050000Z,q0001,cotton shirt
2026-01-01T00:26:15.150000Z,q0049,craft kit
2026-01-01T00:26:15.250000Z,q0024,storage basket
2026-01-01T00:26:15.350000Z,q0048,plush bear
2026-01-01T00:26:15.450000Z,q0003,denim jeans
2026-01-01T00:26:15.550000Z,q0035,glass storage jar
2026-01-01T00:26:15.650000Z,q0036,running shoes
2026-01-01T00:26:15.750000Z,q0008,hand cream
2026-01-01T00:26:15.850000Z,q0021,desk lamp
2026-01-01T00:26:15.950000Z,q0025,throw blanket
2026-01-01T00:26:16.050000Z,q0017,first aid kit
2026-01-01T00:26:16.150000Z,q0672,Harbour ballpoint pens
2026-01-01T00:26:16.250000Z,q0884,cotton pasta sauce
2026-01-01T00:26:16.350000Z,q0028,tool box
2026-01-01T00:26:16.450000Z,q0021,desk lamp
2026-01-01T00:26:16.550000Z,q0502,white bluetooth speaker
2026-01-01T00:26:16.650000Z,q0012,travel guide
2026-01-01T00:26:16.750000Z,q0824,Vela sketch pad
2026-01-01T00:26:16.850000Z,q0770,Vela electric toothbrush
2026-01-01T00:26:16.950000Z,q0041,yoga mat
2026-01-01T00:26:17.050000Z,q0590,Alder solar lights
2026-01-01T00:26:17.150000Z,q0006,face moisturiser
2026-01-01T00:26:17.250000Z,q0606,Harbour face moisturiser
2026-01-01T00:26:17.350000Z,q0012,travel guide
2026-01-01T00:26:17.450000Z,q0708,Linden cutlery set
2026-01-01T00:26:17.550000Z,q0004,wool jumper
2026-01-01T00:26:17.650000Z,q0023,bath towel
2026-01-01T00:26:17.750000Z,q0271,green wooden puzzle
2026-01-01T00:26:17.850000Z,q0398,red bath towel
2026-01-01T00:26:17.950000Z,q0608,Harbour hand cream
2026-01-01T00:26:18.050000Z,q0046,wooden puzzle
2026-01-01T00:26:18.150000Z,q0016,vitamin tablets
2026-01-01T00:26:18.250000Z,q0045,running shorts
2026-01-01T00:26:18.350000Z,q0617,Harbour first aid kit
2026-01-01T00:26:18.450000Z,q0151,blue cotton shirt
2026-01-01T00:26:18.550000Z,q0045,running shorts
2026-01-01T00:26:18.650000Z,q0587,Alder watering can
2026-01-01T00:26:18.750000Z,q0041,yoga mat
2026-01-01T00:26:18.850000Z,q0006,face moisturiser
2026-01-01T00:26:18.950000Z,q0992,archived lunar model 12
2026-01-01T00:26:19.050000Z,q0003,denim jeans
2026-01-01T00:26:19.150000Z,q0041,yoga mat
2026-01-01T00:26:19.250000Z,q0049,craft kit
2026-01-01T00:26:19.350000Z,q0030,work gloves
2026-01-01T00:26:19.450000Z,q0057,ground coffee
2026-01-01T00:26:19.550000Z,q0028,tool box
2026-01-01T00:26:19.650000Z,q0042,football
2026-01-01T00:26:19.750000Z,q0010,sunscreen
2026-01-01T00:26:19.850000Z,q0018,sleep mask
2026-01-01T00:26:19.950000Z,q0010,sunscreen
2026-01-01T00:26:20.050000Z,q0341,grey yoga mat
2026-01-01T00:26:20.150000Z,q0930,recycled work gloves
2026-01-01T00:26:20.250000Z,q0039,slippers
2026-01-01T00:26:20.350000Z,q0005,rain jacket
2026-01-01T00:26:20.450000Z,q0013,children storybook
2026-01-01T00:26:20.550000Z,q0042,football
2026-01-01T00:26:20.650000Z,q0126,black wireless headphones
2026-01-01T00:26:20.750000Z,q0024,storage basket
2026-01-01T00:26:20.850000Z,q0017,first aid kit
2026-01-01T00:26:20.950000Z,q0825,Vela sticky notes
2026-01-01T00:26:21.050000Z,q0048,plush bear
2026-01-01T00:26:21.150000Z,q0012,travel guide
2026-01-01T00:26:21.250000Z,q0684,Linden body wash
2026-01-01T00:26:21.350000Z,q0040,leather shoes
2026-01-01T00:26:21.450000Z,q0599,Alder sketch pad
2026-01-01T00:26:21.550000Z,q0017,first aid kit
2026-01-01T00:26:21.650000Z,q0513,white plant pot
2026-01-01T00:26:21.750000Z,q0146,black notebook
2026-01-01T00:26:21.850000Z,q0045,running shorts
2026-01-01T00:26:21.950000Z,q0023,bath towel
2026-01-01T00:26:22.050000Z,q0628,Harbour tool box
2026-01-01T00:26:22.150000Z,q0021,desk lamp
2026-01-01T00:26:22.250000Z,q0016,vitamin tablets
2026-01-01T00:26:22.350000Z,q0050,toy train
2026-01-01T00:26:22.450000Z,q0557,Alder ceramic mug
2026-01-01T00:26:22.550000Z,q0036,running shoes
2026-01-01T00:26:22.650000Z,q0027,paint brush
2026-01-01T00:26:22.750000Z,q0017,first aid kit
2026-01-01T00:26:22.850000Z,q0040,leather shoes
2026-01-01T00:26:22.950000Z,q0012,travel guide
2026-01-01T00:26:23.050000Z,q0020,electric toothbrush
2026-01-01T00:26:23.150000Z,q0030,work gloves
2026-01-01T00:26:23.250000Z,q0039,slippers
2026-01-01T00:26:23.350000Z,q0024,storage basket
2026-01-01T00:26:23.450000Z,q0027,paint brush
2026-01-01T00:26:23.550000Z,q0012,travel guide
2026-01-01T00:26:23.650000Z,q0556,Alder steel saucepan
2026-01-01T00:26:23.750000Z,q0019,heat pad
2026-01-01T00:26:23.850000Z,q0673,Harbour desk organiser
2026-01-01T00:26:23.950000Z,q0027,paint brush
2026-01-01T00:26:24.050000Z,q0032,ceramic mug
2026-01-01T00:26:24.150000Z,q0040,leather shoes
2026-01-01T00:26:24.250000Z,q0035,glass storage jar
2026-01-01T00:26:24.350000Z,q0716,Linden yoga mat
2026-01-01T00:26:24.450000Z,q0025,throw blanket
2026-01-01T00:26:24.550000Z,q0083,black hand cream
2026-01-01T00:26:24.650000Z,q0043,water bottle
2026-01-01T00:26:24.750000Z,q0004,wool jumper
2026-01-01T00:26:24.850000Z,q0036,running shoes
2026-01-01T00:26:24.950000Z,q0026,cordless drill
2026-01-01T00:26:25.050000Z,q0019,heat pad
2026-01-01T00:26:25.150000Z,q0206,blue breakfast oats
2026-01-01T00:26:25.250000Z,q0022,cotton bedding
2026-01-01T00:26:25.350000Z,q0042,football
2026-01-01T00:26:25.450000Z,q0352,grey bluetooth speaker
2026-01-01T00:26:25.550000Z,q0026,cordless drill
2026-01-01T00:26:25.650000Z,q0287,green watering can
2026-01-01T00:26:25.750000Z,q0027,paint brush
2026-01-01T00:26:25.850000Z,q0489,white slippers
2026-01-01T00:26:25.950000Z,q0046,wooden puzzle
2026-01-01T00:26:26.050000Z,q0252,green paint brush
2026-01-01T00:26:26.150000Z,q0024,storage basket
2026-01-01T00:26:26.250000Z,q0033,cutlery set
2026-01-01T00:26:26.350000Z,q0015,crime novel
2026-01-01T00:26:26.450000Z,q0018,sleep mask
2026-01-01T00:26:26.550000Z,q0020,electric toothbrush
2026-01-01T00:26:26.650000Z,q0009,body wash
2026-01-01T00:26:26.750000Z,q0023,bath towel
2026-01-01T00:26:26.850000Z,q0364,grey pruning shears
2026-01-01T00:26:26.950000Z,q0740,Linden solar lights
2026-01-01T00:26:27.050000Z,q0017,first aid kit
2026-01-01T00:26:27.150000Z,q0862,cotton walking boots
2026-01-01T00:26:27.250000Z,q0683,Linden hand cream
2026-01-01T00:26:27.350000Z,q0638,Harbour sandals
2026-01-01T00:26:27.450000Z,q0443,red pet bowl
2026-01-01T00:26:27.550000Z,q0211,blue garden gloves
2026-01-01T00:26:27.650000Z,q0039,slippers
2026-01-01T00:26:27.750000Z,q0017,first aid kit
2026-01-01T00:26:27.850000Z,q0007,shampoo
2026-01-01T00:26:27.950000Z,q0037,walking boots
2026-01-01T00:26:28.050000Z,q0031,steel saucepan
2026-01-01T00:26:28.150000Z,q0008,hand cream
2026-01-01T00:26:28.250000Z,q0038,sandals
2026-01-01T00:26:28.350000Z,q0048,plush bear
2026-01-01T00:26:28.450000Z,q0015,crime novel
2026-01-01T00:26:28.550000Z,q0011,cookbook
2026-01-01T00:26:28.650000Z,q0843,cotton sleep mask
2026-01-01T00:26:28.750000Z,q0028,tool box
2026-01-01T00:26:28.850000Z,q0014,gardening book
2026-01-01T00:26:28.950000Z,q0018,sleep mask
2026-01-01T00:26:29.050000Z,q0012,travel guide
2026-01-01T00:26:29.150000Z,q0039,slippers
2026-01-01T00:26:29.250000Z,q0039,slippers
2026-01-01T00:26:29.350000Z,q0385,red sunscreen
2026-01-01T00:26:29.450000Z,q0006,face moisturiser
2026-01-01T00:26:29.550000Z,q0009,body wash
2026-01-01T00:26:29.650000Z,q0022,cotton bedding
2026-01-01T00:26:29.750000Z,q0160,blue sunscreen
2026-01-01T00:26:29.850000Z,q0003,denim jeans
2026-01-01T00:26:29.950000Z,q0028,tool box
2026-01-01T00:26:30.050000Z,q0039,slippers
2026-01-01T00:26:30.150000Z,q0036,running shoes
2026-01-01T00:26:30.250000Z,q0032,ceramic mug
2026-01-01T00:26:30.350000Z,q0044,resistance bands
2026-01-01T00:26:30.450000Z,q0004,wool jumper
2026-01-01T00:26:30.550000Z,q0490,white leather shoes
2026-01-01T00:26:30.650000Z,q0049,craft kit
2026-01-01T00:26:30.750000Z,q0023,bath towel
2026-01-01T00:26:30.850000Z,q0025,throw blanket
2026-01-01T00:26:30.950000Z,q0018,sleep mask
2026-01-01T00:26:31.050000Z,q0003,denim jeans
2026-01-01T00:26:31.150000Z,q0010,sunscreen
2026-01-01T00:26:31.250000Z,q0039,slippers
2026-01-01T00:26:31.350000Z,q0015,crime novel
2026-01-01T00:26:31.450000Z,q0414,red slippers
2026-01-01T00:26:31.550000Z,q0002,linen dress
2026-01-01T00:26:31.650000Z,q0042,football
2026-01-01T00:26:31.750000Z,q0756,Vela face moisturiser
2026-01-01T00:26:31.850000Z,q0097,black cotton bedding
2026-01-01T00:26:31.950000Z,q0011,cookbook
2026-01-01T00:26:32.050000Z,q0020,electric toothbrush
2026-01-01T00:26:32.150000Z,q0035,glass storage jar
2026-01-01T00:26:32.250000Z,q0026,cordless drill
2026-01-01T00:26:32.350000Z,q0867,cotton football
2026-01-01T00:26:32.450000Z,q0012,travel guide
2026-01-01T00:26:32.550000Z,q0745,Linden pet blanket
2026-01-01T00:26:32.650000Z,q0881,cotton breakfast oats
2026-01-01T00:26:32.750000Z,q0045,running shorts
2026-01-01T00:26:32.850000Z,q0020,electric toothbrush
2026-01-01T00:26:32.950000Z,q0026,cordless drill
2026-01-01T00:26:33.050000Z,q0017,first aid kit
2026-01-01T00:26:33.150000Z,q0004,wool jumper
2026-01-01T00:26:33.250000Z,q0008,hand cream
2026-01-01T00:26:33.350000Z,q0015,crime novel
2026-01-01T00:26:33.450000Z,q0017,first aid kit
2026-01-01T00:26:33.550000Z,q0038,sandals
2026-01-01T00:26:33.650000Z,q0190,blue leather shoes
2026-01-01T00:26:33.750000Z,q0044,resistance bands
2026-01-01T00:26:33.850000Z,q0018,sleep mask
2026-01-01T00:26:33.950000Z,q0037,walking boots
2026-01-01T00:26:34.050000Z,q0039,slippers
2026-01-01T00:26:34.150000Z,q0009,body wash
2026-01-01T00:26:34.250000Z,q0011,cookbook
2026-01-01T00:26:34.350000Z,q0018,sleep mask
2026-01-01T00:26:34.450000Z,q0010,sunscreen
2026-01-01T00:26:34.550000Z,q0046,wooden puzzle
2026-01-01T00:26:34.650000Z,q0987,archived lunar model 7
2026-01-01T00:26:34.750000Z,q0042,football
2026-01-01T00:26:34.850000Z,q0020,electric toothbrush
2026-01-01T00:26:34.950000Z,q0768,Vela sleep mask
2026-01-01T00:26:35.050000Z,q0019,heat pad
2026-01-01T00:26:35.150000Z,q0048,plush bear
2026-01-01T00:26:35.250000Z,q0016,vitamin tablets
2026-01-01T00:26:35.350000Z,q0039,slippers
2026-01-01T00:26:35.450000Z,q0135,black olive oil
2026-01-01T00:26:35.550000Z,q0013,children storybook
2026-01-01T00:26:35.650000Z,q0236,green cookbook
2026-01-01T00:26:35.750000Z,q0024,storage basket
2026-01-01T00:26:35.850000Z,q0838,cotton children storybook
2026-01-01T00:26:35.950000Z,q0048,plush bear
2026-01-01T00:26:36.050000Z,q0020,electric toothbrush
2026-01-01T00:26:36.150000Z,q0009,body wash
2026-01-01T00:26:36.250000Z,q0331,grey steel saucepan
2026-01-01T00:26:36.350000Z,q0012,travel guide
2026-01-01T00:26:36.450000Z,q0043,water bottle
2026-01-01T00:26:36.550000Z,q0014,gardening book
2026-01-01T00:26:36.650000Z,q0027,paint brush
2026-01-01T00:26:36.750000Z,q0438,red plant pot
2026-01-01T00:26:36.850000Z,q0020,electric toothbrush
2026-01-01T00:26:36.950000Z,q0041,yoga mat
2026-01-01T00:26:37.050000Z,q0682,Linden shampoo
2026-01-01T00:26:37.150000Z,q0001,cotton shirt
2026-01-01T00:26:37.250000Z,q0803,Vela tablet
2026-01-01T00:26:37.350000Z,q0048,plush bear
2026-01-01T00:26:37.450000Z,q0024,storage basket
2026-01-01T00:26:37.550000Z,q0031,steel saucepan
2026-01-01T00:26:37.650000Z,q0966,recycled dog lead
2026-01-01T00:26:37.750000Z,q0048,plush bear
2026-01-01T00:26:37.850000Z,q0005,rain jacket
2026-01-01T00:26:37.950000Z,q0049,craft kit
2026-01-01T00:26:38.050000Z,q0045,running shorts
2026-01-01T00:26:38.150000Z,q0014,gardening book
2026-01-01T00:26:38.250000Z,q0020,electric toothbrush
2026-01-01T00:26:38.350000Z,q0048,plush bear
2026-01-01T00:26:38.450000Z,q0036,running shoes
2026-01-01T00:26:38.550000Z,q0005,rain jacket
2026-01-01T00:26:38.650000Z,q0013,children storybook
2026-01-01T00:26:38.750000Z,q0443,red pet bowl
2026-01-01T00:26:38.850000Z,q0031,steel saucepan
2026-01-01T00:26:38.950000Z,q0036,running shoes
2026-01-01T00:26:39.050000Z,q0034,chopping board
2026-01-01T00:26:39.150000Z,q0011,cookbook
2026-01-01T00:26:39.250000Z,q0039,slippers
2026-01-01T00:26:39.350000Z,q0003,denim jeans
2026-01-01T00:26:39.450000Z,q0013,children storybook
2026-01-01T00:26:39.550000Z,q0443,red pet bowl
2026-01-01T00:26:39.650000Z,q0563,Alder sandals
2026-01-01T00:26:39.750000Z,q0005,rain jacket
2026-01-01T00:26:39.850000Z,q0002,linen dress
2026-01-01T00:26:39.950000Z,q0037,walking boots
2026-01-01T00:26:40.050000Z,q0016,vitamin tablets
2026-01-01T00:26:40.150000Z,q0034,chopping board
2026-01-01T00:26:40.250000Z,q0037,walking boots
2026-01-01T00:26:40.350000Z,q0032,ceramic mug
2026-01-01T00:26:40.450000Z,q0497,white building blocks
2026-01-01T00:26:40.550000Z,q0025,throw blanket
2026-01-01T00:26:40.650000Z,q0003,denim jeans
2026-01-01T00:26:40.750000Z,q0048,plush bear
2026-01-01T00:26:40.850000Z,q0025,throw blanket
2026-01-01T00:26:40.950000Z,q0022,cotton bedding
2026-01-01T00:26:41.050000Z,q0638,Harbour sandals
2026-01-01T00:26:41.150000Z,q0028,tool box
2026-01-01T00:26:41.250000Z,q0029,wall shelf
2026-01-01T00:26:41.350000Z,q0049,craft kit
2026-01-01T00:26:41.450000Z,q0010,sunscreen
2026-01-01T00:26:41.550000Z,q0035,glass storage jar
2026-01-01T00:26:41.650000Z,q0073,desk organiser
2026-01-01T00:26:41.750000Z,q0028,tool box
2026-01-01T00:26:41.850000Z,q0001,cotton shirt
2026-01-01T00:26:41.950000Z,q0902,recycled linen dress
2026-01-01T00:26:42.050000Z,q0365,grey solar lights
2026-01-01T00:26:42.150000Z,q0019,heat pad
2026-01-01T00:26:42.250000Z,q0008,hand cream
2026-01-01T00:26:42.350000Z,q0039,slippers
2026-01-01T00:26:42.450000Z,q0033,cutlery set
2026-01-01T00:26:42.550000Z,q0013,children storybook
2026-01-01T00:26:42.650000Z,q0039,slippers
2026-01-01T00:26:42.750000Z,q0011,cookbook
2026-01-01T00:26:42.850000Z,q0395,red electric toothbrush
2026-01-01T00:26:42.950000Z,q0033,cutlery set
2026-01-01T00:26:43.056000Z,q0211,blue garden gloves
2026-01-01T00:26:43.167000Z,q0004,wool jumper
2026-01-01T00:26:43.278000Z,q0046,wooden puzzle
2026-01-01T00:26:43.389000Z,q0010,sunscreen
2026-01-01T00:26:43.500000Z,q0011,cookbook
2026-01-01T00:26:43.611000Z,q0035,glass storage jar
2026-01-01T00:26:43.722000Z,q0036,running shoes
2026-01-01T00:26:43.833000Z,q0011,cookbook
2026-01-01T00:26:43.944000Z,q0011,cookbook
2026-01-01T00:26:44.056000Z,q0031,steel saucepan
2026-01-01T00:26:44.167000Z,q0634,Harbour chopping board
2026-01-01T00:26:44.278000Z,q0026,cordless drill
2026-01-01T00:26:44.389000Z,q0866,cotton yoga mat
2026-01-01T00:26:44.500000Z,q0037,walking boots
2026-01-01T00:26:44.611000Z,q0049,craft kit
2026-01-01T00:26:44.722000Z,q0077,black linen dress
2026-01-01T00:26:44.833000Z,q0406,red steel saucepan
2026-01-01T00:26:44.944000Z,q0222,blue ballpoint pens
2026-01-01T00:26:45.056000Z,q0350,grey toy train
2026-01-01T00:26:45.167000Z,q0631,Harbour steel saucepan
2026-01-01T00:26:45.278000Z,q0924,recycled storage basket
2026-01-01T00:26:45.389000Z,q0760,Vela sunscreen
2026-01-01T00:26:45.500000Z,q0047,building blocks
2026-01-01T00:26:45.611000Z,q0024,storage basket
2026-01-01T00:26:45.722000Z,q0028,tool box
2026-01-01T00:26:45.833000Z,q0525,white sticky notes
2026-01-01T00:26:45.944000Z,q0026,cordless drill
2026-01-01T00:26:46.056000Z,q0017,first aid kit
2026-01-01T00:26:46.167000Z,q0664,Harbour pruning shears
2026-01-01T00:26:46.278000Z,q0129,black smart watch
2026-01-01T00:26:46.389000Z,q0041,yoga mat
2026-01-01T00:26:46.500000Z,q0049,craft kit
2026-01-01T00:26:46.611000Z,q0447,red ballpoint pens
2026-01-01T00:26:46.722000Z,q0007,shampoo
2026-01-01T00:26:46.833000Z,q0472,white cotton bedding
2026-01-01T00:26:46.944000Z,q0336,grey running shoes
2026-01-01T00:26:47.056000Z,q0801,Vela wireless headphones
2026-01-01T00:26:47.167000Z,q0029,wall shelf
2026-01-01T00:26:47.278000Z,q0048,plush bear
2026-01-01T00:26:47.389000Z,q0041,yoga mat
2026-01-01T00:26:47.500000Z,q0039,slippers
2026-01-01T00:26:47.611000Z,q0356,grey breakfast oats
2026-01-01T00:26:47.722000Z,q0337,grey walking boots
2026-01-01T00:26:47.833000Z,q0013,children storybook
2026-01-01T00:26:47.944000Z,q0023,bath towel
2026-01-01T00:26:48.056000Z,q0010,sunscreen
2026-01-01T00:26:48.167000Z,q0040,leather shoes
2026-01-01T00:26:48.278000Z,q0307,grey shampoo
2026-01-01T00:26:48.389000Z,q0024,storage basket
2026-01-01T00:26:48.500000Z,q0637,Harbour walking boots
2026-01-01T00:26:48.611000Z,q0039,slippers
2026-01-01T00:26:48.722000Z,q0041,yoga mat
2026-01-01T00:26:48.833000Z,q0388,red children storybook
2026-01-01T00:26:48.944000Z,q0834,cotton body wash
2026-01-01T00:26:49.056000Z,q0391,red vitamin tablets
2026-01-01T00:26:49.167000Z,q0034,chopping board
2026-01-01T00:26:49.278000Z,q0028,tool box
2026-01-01T00:26:49.389000Z,q0013,children storybook
2026-01-01T00:26:49.500000Z,q0009,body wash
2026-01-01T00:26:49.611000Z,q0023,bath towel
2026-01-01T00:26:49.722000Z,q0015,crime novel
2026-01-01T00:26:49.833000Z,q0048,plush bear
2026-01-01T00:26:49.944000Z,q0657,Harbour ground coffee
2026-01-01T00:26:50.056000Z,q0361,grey garden gloves
2026-01-01T00:26:50.167000Z,q0035,glass storage jar
2026-01-01T00:26:50.278000Z,q0017,first aid kit
2026-01-01T00:26:50.389000Z,q0836,cotton cookbook
2026-01-01T00:26:50.500000Z,q0589,Alder pruning shears
2026-01-01T00:26:50.611000Z,q0006,face moisturiser
2026-01-01T00:26:50.722000Z,q0035,glass storage jar
2026-01-01T00:26:50.833000Z,q0028,tool box
2026-01-01T00:26:50.944000Z,q0038,sandals
2026-01-01T00:26:51.056000Z,q0032,ceramic mug
2026-01-01T00:26:51.167000Z,q0016,vitamin tablets
2026-01-01T00:26:51.278000Z,q0358,grey herbal tea
2026-01-01T00:26:51.389000Z,q0008,hand cream
2026-01-01T00:26:51.500000Z,q0027,paint brush
2026-01-01T00:26:51.611000Z,q0564,Alder slippers
2026-01-01T00:26:51.722000Z,q0033,cutlery set
2026-01-01T00:26:51.833000Z,q0002,linen dress
2026-01-01T00:26:51.944000Z,q0023,bath towel
2026-01-01T00:26:52.056000Z,q0290,green solar lights
2026-01-01T00:26:52.167000Z,q0024,storage basket
2026-01-01T00:26:52.278000Z,q0019,heat pad
2026-01-01T00:26:52.389000Z,q0693,Linden sleep mask
2026-01-01T00:26:52.500000Z,q0050,toy train
2026-01-01T00:26:52.611000Z,q0040,leather shoes
2026-01-01T00:26:52.722000Z,q0023,bath towel
2026-01-01T00:26:52.833000Z,q0694,Linden heat pad
2026-01-01T00:26:52.944000Z,q0031,steel saucepan
2026-01-01T00:26:53.056000Z,q0043,water bottle
2026-01-01T00:26:53.167000Z,q0023,bath towel
2026-01-01T00:26:53.278000Z,q0030,work gloves
2026-01-01T00:26:53.389000Z,q0041,yoga mat
2026-01-01T00:26:53.500000Z,q0009,body wash
2026-01-01T00:26:53.611000Z,q0007,shampoo
2026-01-01T00:26:53.722000Z,q0022,cotton bedding
2026-01-01T00:26:53.833000Z,q0437,red watering can
2026-01-01T00:26:53.944000Z,q0043,water bottle
2026-01-01T00:26:54.056000Z,q0003,denim jeans
2026-01-01T00:26:54.167000Z,q0443,red pet bowl
2026-01-01T00:26:54.278000Z,q0037,walking boots
2026-01-01T00:26:54.389000Z,q0037,walking boots
2026-01-01T00:26:54.500000Z,q0262,green walking boots
2026-01-01T00:26:54.611000Z,q0015,crime novel
2026-01-01T00:26:54.722000Z,q0034,chopping board
2026-01-01T00:26:54.833000Z,q0757,Vela shampoo
2026-01-01T00:26:54.944000Z,q0030,work gloves
2026-01-01T00:26:55.056000Z,q0035,glass storage jar
2026-01-01T00:26:55.167000Z,q0296,green notebook
2026-01-01T00:26:55.278000Z,q0020,electric toothbrush
2026-01-01T00:26:55.389000Z,q0041,yoga mat
2026-01-01T00:26:55.500000Z,q0038,sandals
2026-01-01T00:26:55.611000Z,q0040,leather shoes
2026-01-01T00:26:55.722000Z,q0032,ceramic mug
2026-01-01T00:26:55.833000Z,q0028,tool box
2026-01-01T00:26:55.944000Z,q0015,crime novel
2026-01-01T00:26:56.056000Z,q0191,blue yoga mat
2026-01-01T00:26:56.167000Z,q0002,linen dress
2026-01-01T00:26:56.278000Z,q0023,bath towel
2026-01-01T00:26:56.389000Z,q0001,cotton shirt
2026-01-01T00:26:56.500000Z,q0010,sunscreen
2026-01-01T00:26:56.611000Z,q0141,black dog lead
2026-01-01T00:26:56.722000Z,q0604,Harbour wool jumper
2026-01-01T00:26:56.833000Z,q0036,running shoes
2026-01-01T00:26:56.944000Z,q0024,storage basket
2026-01-01T00:26:57.056000Z,q0164,blue gardening book
2026-01-01T00:26:57.167000Z,q0010,sunscreen
2026-01-01T00:26:57.278000Z,q0030,work gloves
2026-01-01T00:26:57.389000Z,q0033,cutlery set
2026-01-01T00:26:57.500000Z,q0191,blue yoga mat
2026-01-01T00:26:57.611000Z,q0093,black sleep mask
2026-01-01T00:26:57.722000Z,q0114,black slippers
2026-01-01T00:26:57.833000Z,q0005,rain jacket
2026-01-01T00:26:57.944000Z,q0018,sleep mask
2026-01-01T00:26:58.056000Z,q0235,green sunscreen
2026-01-01T00:26:58.167000Z,q0037,walking boots
2026-01-01T00:26:58.278000Z,q0027,paint brush
2026-01-01T00:26:58.389000Z,q0035,glass storage jar
2026-01-01T00:26:58.500000Z,q0035,glass storage jar
2026-01-01T00:26:58.611000Z,q0023,bath towel
2026-01-01T00:26:58.722000Z,q0022,cotton bedding
2026-01-01T00:26:58.833000Z,q0012,travel guide
2026-01-01T00:26:58.944000Z,q0032,ceramic mug
2026-01-01T00:26:59.056000Z,q0020,electric toothbrush
2026-01-01T00:26:59.167000Z,q0043,water bottle
2026-01-01T00:26:59.278000Z,q0528,Alder denim jeans
2026-01-01T00:26:59.389000Z,q0008,hand cream
2026-01-01T00:26:59.500000Z,q0038,sandals
2026-01-01T00:26:59.611000Z,q0712,Linden walking boots
2026-01-01T00:26:59.722000Z,q0041,yoga mat
2026-01-01T00:26:59.833000Z,q0020,electric toothbrush
2026-01-01T00:26:59.944000Z,q0003,denim jeans
2026-01-01T00:27:00.036000Z,q0012,travel guide
2026-01-01T00:27:00.107000Z,q0737,Linden watering can
2026-01-01T00:27:00.179000Z,q0009,body wash
2026-01-01T00:27:00.250000Z,q0034,chopping board
2026-01-01T00:27:00.321000Z,q0855,cotton work gloves
2026-01-01T00:27:00.393000Z,q0013,children storybook
2026-01-01T00:27:00.464000Z,q0020,electric toothbrush
2026-01-01T00:27:00.536000Z,q0018,sleep mask
2026-01-01T00:27:00.607000Z,q0023,bath towel
2026-01-01T00:27:00.679000Z,q0045,running shorts
2026-01-01T00:27:00.750000Z,q0032,ceramic mug
2026-01-01T00:27:00.821000Z,q0453,white denim jeans
2026-01-01T00:27:00.893000Z,q0017,first aid kit
2026-01-01T00:27:00.964000Z,q0027,paint brush
2026-01-01T00:27:01.036000Z,q0015,crime novel
2026-01-01T00:27:01.107000Z,q0024,storage basket
2026-01-01T00:27:01.179000Z,q0030,work gloves
2026-01-01T00:27:01.250000Z,q0021,desk lamp
2026-01-01T00:27:01.321000Z,q0755,Vela rain jacket
2026-01-01T00:27:01.393000Z,q0040,leather shoes
2026-01-01T00:27:01.464000Z,q0038,sandals
2026-01-01T00:27:01.536000Z,q0599,Alder sketch pad
2026-01-01T00:27:01.607000Z,q0048,plush bear
2026-01-01T00:27:01.679000Z,q0015,crime novel
2026-01-01T00:27:01.750000Z,q0592,Alder cat toy
2026-01-01T00:27:01.821000Z,q0024,storage basket
2026-01-01T00:27:01.893000Z,q0040,leather shoes
2026-01-01T00:27:01.964000Z,q0016,vitamin tablets
2026-01-01T00:27:02.036000Z,q0033,cutlery set
2026-01-01T00:27:02.107000Z,q0013,children storybook
2026-01-01T00:27:02.179000Z,q0046,wooden puzzle
2026-01-01T00:27:02.250000Z,q0032,ceramic mug
2026-01-01T00:27:02.321000Z,q0921,recycled desk lamp
2026-01-01T00:27:02.393000Z,q0019,heat pad
2026-01-01T00:27:02.464000Z,q0043,water bottle
2026-01-01T00:27:02.536000Z,q0040,leather shoes
2026-01-01T00:27:02.607000Z,q0028,tool box
2026-01-01T00:27:02.679000Z,q0977,premium linen dress
2026-01-01T00:27:02.750000Z,q0416,red yoga mat
2026-01-01T00:27:02.821000Z,q0012,travel guide
2026-01-01T00:27:02.893000Z,q0024,storage basket
2026-01-01T00:27:02.964000Z,q0382,red shampoo
2026-01-01T00:27:03.036000Z,q0020,electric toothbrush
2026-01-01T00:27:03.107000Z,q0035,glass storage jar
2026-01-01T00:27:03.179000Z,q0033,cutlery set
2026-01-01T00:27:03.250000Z,q0009,body wash
2026-01-01T00:27:03.321000Z,q0044,resistance bands
2026-01-01T00:27:03.393000Z,q0032,ceramic mug
2026-01-01T00:27:03.464000Z,q0183,blue cutlery set
2026-01-01T00:27:03.536000Z,q0712,Linden walking boots
2026-01-01T00:27:03.607000Z,q0005,rain jacket
2026-01-01T00:27:03.679000Z,q0183,blue cutlery set
2026-01-01T00:27:03.750000Z,q0048,plush bear
2026-01-01T00:27:03.821000Z,q0024,storage basket
2026-01-01T00:27:03.893000Z,q0852,cotton paint brush
2026-01-01T00:27:03.964000Z,q0013,children storybook
2026-01-01T00:27:04.036000Z,q0991,archived lunar model 11
2026-01-01T00:27:04.107000Z,q0002,linen dress
2026-01-01T00:27:04.179000Z,q0032,ceramic mug
2026-01-01T00:27:04.250000Z,q0014,gardening book
2026-01-01T00:27:04.321000Z,q0018,sleep mask
2026-01-01T00:27:04.393000Z,q0946,recycled wooden puzzle
2026-01-01T00:27:04.464000Z,q0037,walking boots
2026-01-01T00:27:04.536000Z,q0157,blue shampoo
2026-01-01T00:27:04.607000Z,q0021,desk lamp
2026-01-01T00:27:04.679000Z,q0038,sandals
2026-01-01T00:27:04.750000Z,q0006,face moisturiser
2026-01-01T00:27:04.821000Z,q0020,electric toothbrush
2026-01-01T00:27:04.893000Z,q0050,toy train
2026-01-01T00:27:04.964000Z,q0026,cordless drill
2026-01-01T00:27:05.036000Z,q0820,Vela pet blanket
2026-01-01T00:27:05.107000Z,q0095,black electric toothbrush
2026-01-01T00:27:05.179000Z,q0002,linen dress
2026-01-01T00:27:05.250000Z,q0036,running shoes
2026-01-01T00:27:05.321000Z,q0005,rain jacket
2026-01-01T00:27:05.393000Z,q0796,Vela wooden puzzle
2026-01-01T00:27:05.464000Z,q0019,heat pad
2026-01-01T00:27:05.536000Z,q0007,shampoo
2026-01-01T00:27:05.607000Z,q0042,football
2026-01-01T00:27:05.679000Z,q0742,Linden cat toy
2026-01-01T00:27:05.750000Z,q0040,leather shoes
2026-01-01T00:27:05.821000Z,q0317,grey first aid kit
2026-01-01T00:27:05.893000Z,q0023,bath towel
2026-01-01T00:27:05.964000Z,q0004,wool jumper
2026-01-01T00:27:06.038000Z,q0034,chopping board
2026-01-01T00:27:06.115000Z,q0036,running shoes
2026-01-01T00:27:06.192000Z,q0464,white gardening book
2026-01-01T00:27:06.269000Z,q0010,sunscreen
2026-01-01T00:27:06.346000Z,q0011,cookbook
2026-01-01T00:27:06.423000Z,q0012,travel guide
2026-01-01T00:27:06.500000Z,q0023,bath towel
2026-01-01T00:27:06.577000Z,q0009,body wash
2026-01-01T00:27:06.654000Z,q0034,chopping board
2026-01-01T00:27:06.731000Z,q0012,travel guide
2026-01-01T00:27:06.808000Z,q0406,red steel saucepan
2026-01-01T00:27:06.885000Z,q0011,cookbook
2026-01-01T00:27:06.962000Z,q0031,steel saucepan
2026-01-01T00:27:07.038000Z,q0020,electric toothbrush
2026-01-01T00:27:07.115000Z,q0006,face moisturiser
2026-01-01T00:27:07.192000Z,q0020,electric toothbrush
2026-01-01T00:27:07.269000Z,q0035,glass storage jar
2026-01-01T00:27:07.346000Z,q0049,craft kit
2026-01-01T00:27:07.423000Z,q0389,red gardening book
2026-01-01T00:27:07.500000Z,q0021,desk lamp
2026-01-01T00:27:07.577000Z,q0477,white paint brush
2026-01-01T00:27:07.654000Z,q0005,rain jacket
2026-01-01T00:27:07.731000Z,q0026,cordless drill
2026-01-01T00:27:07.808000Z,q0774,Vela storage basket
2026-01-01T00:27:07.885000Z,q0045,running shorts
2026-01-01T00:27:07.962000Z,q0032,ceramic mug
2026-01-01T00:27:08.038000Z,q0013,children storybook
2026-01-01T00:27:08.115000Z,q0047,building blocks
2026-01-01T00:27:08.192000Z,q0719,Linden resistance bands
2026-01-01T00:27:08.269000Z,q0023,bath towel
2026-01-01T00:27:08.346000Z,q0003,denim jeans
2026-01-01T00:27:08.423000Z,q0008,hand cream
2026-01-01T00:27:08.500000Z,q0031,steel saucepan
2026-01-01T00:27:08.577000Z,q0018,sleep mask
2026-01-01T00:27:08.654000Z,q0024,storage basket
2026-01-01T00:27:08.731000Z,q0047,building blocks
2026-01-01T00:27:08.808000Z,q0030,work gloves
2026-01-01T00:27:08.885000Z,q0006,face moisturiser
2026-01-01T00:27:08.962000Z,q0688,Linden children storybook
2026-01-01T00:27:09.038000Z,q0020,electric toothbrush
2026-01-01T00:27:09.115000Z,q0021,desk lamp
2026-01-01T00:27:09.192000Z,q0021,desk lamp
2026-01-01T00:27:09.269000Z,q0741,Linden dog lead
2026-01-01T00:27:09.346000Z,q0201,blue wireless headphones
2026-01-01T00:27:09.423000Z,q0619,Harbour heat pad
2026-01-01T00:27:09.500000Z,q0050,toy train
2026-01-01T00:27:09.577000Z,q0007,shampoo
2026-01-01T00:27:09.654000Z,q0040,leather shoes
2026-01-01T00:27:09.731000Z,q0046,wooden puzzle
2026-01-01T00:27:09.808000Z,q0041,yoga mat
2026-01-01T00:27:09.885000Z,q0278,green tablet
2026-01-01T00:27:09.962000Z,q0501,white wireless headphones
2026-01-01T00:27:10.062000Z,q0009,body wash
2026-01-01T00:27:10.188000Z,q0021,desk lamp
2026-01-01T00:27:10.312000Z,q0006,face moisturiser
2026-01-01T00:27:10.438000Z,q0041,yoga mat
2026-01-01T00:27:10.562000Z,q0014,gardening book
2026-01-01T00:27:10.688000Z,q0038,sandals
2026-01-01T00:27:10.812000Z,q0110,black glass storage jar
2026-01-01T00:27:10.938000Z,q0004,wool jumper
2026-01-01T00:27:11.062000Z,q0014,gardening book
2026-01-01T00:27:11.188000Z,q0007,shampoo
2026-01-01T00:27:11.312000Z,q0366,grey dog lead
2026-01-01T00:27:11.438000Z,q0404,red wall shelf
2026-01-01T00:27:11.562000Z,q0050,toy train
2026-01-01T00:27:11.688000Z,q0001,cotton shirt
2026-01-01T00:27:11.812000Z,q0033,cutlery set
2026-01-01T00:27:11.938000Z,q0003,denim jeans
2026-01-01T00:27:12.062000Z,q0011,cookbook
2026-01-01T00:27:12.188000Z,q0034,chopping board
2026-01-01T00:27:12.312000Z,q0831,cotton face moisturiser
2026-01-01T00:27:12.438000Z,q0829,cotton wool jumper
2026-01-01T00:27:12.562000Z,q0028,tool box
2026-01-01T00:27:12.688000Z,q0017,first aid kit
2026-01-01T00:27:12.812000Z,q0036,running shoes
2026-01-01T00:27:12.938000Z,q0001,cotton shirt
2026-01-01T00:27:13.062000Z,q0019,heat pad
2026-01-01T00:27:13.188000Z,q0031,steel saucepan
2026-01-01T00:27:13.312000Z,q0203,blue tablet
2026-01-01T00:27:13.438000Z,q0076,black cotton shirt
2026-01-01T00:27:13.562000Z,q0024,storage basket
2026-01-01T00:27:13.688000Z,q0814,Vela pruning shears
2026-01-01T00:27:13.812000Z,q0021,desk lamp
2026-01-01T00:27:13.938000Z,q0002,linen dress
2026-01-01T00:27:14.062000Z,q0308,grey hand cream
2026-01-01T00:27:14.188000Z,q0027,paint brush
2026-01-01T00:27:14.312000Z,q0023,bath towel
2026-01-01T00:27:14.438000Z,q0032,ceramic mug
2026-01-01T00:27:14.562000Z,q0017,first aid kit
2026-01-01T00:27:14.688000Z,q0011,cookbook
2026-01-01T00:27:14.812000Z,q0018,sleep mask
2026-01-01T00:27:14.938000Z,q0351,grey wireless headphones
2026-01-01T00:27:15.062000Z,q0021,desk lamp
2026-01-01T00:27:15.188000Z,q0014,gardening book
2026-01-01T00:27:15.312000Z,q0428,red tablet
2026-01-01T00:27:15.438000Z,q0912,recycled travel guide
2026-01-01T00:27:15.562000Z,q0042,football
2026-01-01T00:27:15.688000Z,q0340,grey leather shoes
2026-01-01T00:27:15.812000Z,q0780,Vela work gloves
2026-01-01T00:27:15.938000Z,q0456,white face moisturiser
2026-01-01T00:27:16.062000Z,q0032,ceramic mug
2026-01-01T00:27:16.188000Z,q0201,blue wireless headphones
2026-01-01T00:27:16.312000Z,q0021,desk lamp
2026-01-01T00:27:16.438000Z,q0035,glass storage jar
2026-01-01T00:27:16.562000Z,q0050,toy train
2026-01-01T00:27:16.688000Z,q0007,shampoo
2026-01-01T00:27:16.812000Z,q0990,archived lunar model 10
2026-01-01T00:27:16.938000Z,q0863,cotton sandals
2026-01-01T00:27:17.062000Z,q0008,hand cream
2026-01-01T00:27:17.188000Z,q0025,throw blanket
2026-01-01T00:27:17.312000Z,q0032,ceramic mug
2026-01-01T00:27:17.438000Z,q0005,rain jacket
2026-01-01T00:27:17.562000Z,q0250,green throw blanket
2026-01-01T00:27:17.688000Z,q0003,denim jeans
2026-01-01T00:27:17.812000Z,q0761,Vela cookbook
2026-01-01T00:27:17.938000Z,q0807,Vela ground coffee
2026-01-01T00:27:18.062000Z,q0296,green notebook
2026-01-01T00:27:18.188000Z,q0635,Harbour glass storage jar
2026-01-01T00:27:18.312000Z,q0483,white cutlery set
2026-01-01T00:27:18.438000Z,q0044,resistance bands
2026-01-01T00:27:18.562000Z,q0046,wooden puzzle
2026-01-01T00:27:18.688000Z,q0018,sleep mask
2026-01-01T00:27:18.812000Z,q0160,blue sunscreen
2026-01-01T00:27:18.938000Z,q0935,recycled glass storage jar
2026-01-01T00:27:19.062000Z,q0007,shampoo
2026-01-01T00:27:19.188000Z,q0010,sunscreen
2026-01-01T00:27:19.312000Z,q0026,cordless drill
2026-01-01T00:27:19.438000Z,q0020,electric toothbrush
2026-01-01T00:27:19.562000Z,q0038,sandals
2026-01-01T00:27:19.688000Z,q0323,grey bath towel
2026-01-01T00:27:19.812000Z,q0025,throw blanket
2026-01-01T00:27:19.938000Z,q0461,white cookbook
2026-01-01T00:27:20.062000Z,q0258,green cutlery set
2026-01-01T00:27:20.188000Z,q0112,black walking boots
2026-01-01T00:27:20.312000Z,q0025,throw blanket
2026-01-01T00:27:20.438000Z,q0005,rain jacket
2026-01-01T00:27:20.562000Z,q0413,red sandals
2026-01-01T00:27:20.688000Z,q0952,recycled bluetooth speaker
2026-01-01T00:27:20.812000Z,q0045,running shorts
2026-01-01T00:27:20.938000Z,q0130,black usb c charger
2026-01-01T00:27:21.062000Z,q0463,white children storybook
2026-01-01T00:27:21.188000Z,q0016,vitamin tablets
2026-01-01T00:27:21.312000Z,q0916,recycled vitamin tablets
2026-01-01T00:27:21.438000Z,q0004,wool jumper
2026-01-01T00:27:21.562000Z,q0005,rain jacket
2026-01-01T00:27:21.688000Z,q0039,slippers
2026-01-01T00:27:21.812000Z,q0821,Vela notebook
2026-01-01T00:27:21.938000Z,q0041,yoga mat
2026-01-01T00:27:22.062000Z,q0016,vitamin tablets
2026-01-01T00:27:22.188000Z,q0414,red slippers
2026-01-01T00:27:22.312000Z,q0411,red running shoes
2026-01-01T00:27:22.438000Z,q0023,bath towel
2026-01-01T00:27:22.562000Z,q0046,wooden puzzle
2026-01-01T00:27:22.688000Z,q0047,building blocks
2026-01-01T00:27:22.812000Z,q0020,electric toothbrush
2026-01-01T00:27:22.938000Z,q0032,ceramic mug
2026-01-01T00:27:23.071000Z,q0012,travel guide
2026-01-01T00:27:23.214000Z,q0044,resistance bands
2026-01-01T00:27:23.357000Z,q0037,walking boots
2026-01-01T00:27:23.500000Z,q0005,rain jacket
2026-01-01T00:27:23.643000Z,q0023,bath towel
2026-01-01T00:27:23.786000Z,q0028,tool box
2026-01-01T00:27:23.929000Z,q0483,white cutlery set
2026-01-01T00:27:24.071000Z,q0836,cotton cookbook
2026-01-01T00:27:24.214000Z,q0017,first aid kit
2026-01-01T00:27:24.357000Z,q0032,ceramic mug
2026-01-01T00:27:24.500000Z,q0026,cordless drill
2026-01-01T00:27:24.643000Z,q0029,wall shelf
2026-01-01T00:27:24.786000Z,q0454,white wool jumper
2026-01-01T00:27:24.929000Z,q0036,running shoes
2026-01-01T00:27:25.071000Z,q0032,ceramic mug
2026-01-01T00:27:25.214000Z,q0029,wall shelf
2026-01-01T00:27:25.357000Z,q0022,cotton bedding
2026-01-01T00:27:25.500000Z,q0038,sandals
2026-01-01T00:27:25.643000Z,q0250,green throw blanket
2026-01-01T00:27:25.786000Z,q0018,sleep mask
2026-01-01T00:27:25.929000Z,q0034,chopping board
2026-01-01T00:27:26.071000Z,q0012,travel guide
2026-01-01T00:27:26.214000Z,q0010,sunscreen
2026-01-01T00:27:26.357000Z,q0001,cotton shirt
2026-01-01T00:27:26.500000Z,q0040,leather shoes
2026-01-01T00:27:26.643000Z,q0013,children storybook
2026-01-01T00:27:26.786000Z,q0024,storage basket
2026-01-01T00:27:26.929000Z,q0250,green throw blanket
2026-01-01T00:27:27.071000Z,q0024,storage basket
2026-01-01T00:27:27.214000Z,q0037,walking boots
2026-01-01T00:27:27.357000Z,q0004,wool jumper
2026-01-01T00:27:27.500000Z,q0027,paint brush
2026-01-01T00:27:27.643000Z,q0008,hand cream
2026-01-01T00:27:27.786000Z,q0015,crime novel
2026-01-01T00:27:27.929000Z,q0532,Alder shampoo
2026-01-01T00:27:28.071000Z,q0018,sleep mask
2026-01-01T00:27:28.214000Z,q0027,paint brush
2026-01-01T00:27:28.357000Z,q0051,wireless headphones
2026-01-01T00:27:28.500000Z,q0025,throw blanket
2026-01-01T00:27:28.643000Z,q0025,throw blanket
2026-01-01T00:27:28.786000Z,q0705,Linden work gloves
2026-01-01T00:27:28.929000Z,q0049,craft kit
2026-01-01T00:27:29.071000Z,q0027,paint brush
2026-01-01T00:27:29.214000Z,q0003,denim jeans
2026-01-01T00:27:29.357000Z,q0620,Harbour electric toothbrush
2026-01-01T00:27:29.500000Z,q0723,Linden plush bear
2026-01-01T00:27:29.643000Z,q0017,first aid kit
2026-01-01T00:27:29.786000Z,q0956,recycled breakfast oats
2026-01-01T00:27:29.929000Z,q0032,ceramic mug
2026-01-01T00:27:30.071000Z,q0016,vitamin tablets
2026-01-01T00:27:30.214000Z,q0032,ceramic mug
2026-01-01T00:27:30.357000Z,q0008,hand cream
2026-01-01T00:27:30.500000Z,q0036,running shoes
2026-01-01T00:27:30.643000Z,q0609,Harbour body wash
2026-01-01T00:27:30.786000Z,q0034,chopping board
2026-01-01T00:27:30.929000Z,q0027,paint brush
2026-01-01T00:27:31.071000Z,q0020,electric toothbrush
2026-01-01T00:27:31.214000Z,q0048,plush bear
2026-01-01T00:27:31.357000Z,q0046,wooden puzzle
2026-01-01T00:27:31.500000Z,q0042,football
2026-01-01T00:27:31.643000Z,q0754,Vela wool jumper
2026-01-01T00:27:31.786000Z,q0694,Linden heat pad
2026-01-01T00:27:31.929000Z,q0018,sleep mask
2026-01-01T00:27:32.071000Z,q0366,grey dog lead
2026-01-01T00:27:32.214000Z,q0628,Harbour tool box
2026-01-01T00:27:32.357000Z,q0038,sandals
2026-01-01T00:27:32.500000Z,q0034,chopping board
2026-01-01T00:27:32.643000Z,q0028,tool box
2026-01-01T00:27:32.786000Z,q0988,archived lunar model 8
2026-01-01T00:27:32.929000Z,q0003,denim jeans
2026-01-01T00:27:33.071000Z,q0050,toy train
2026-01-01T00:27:33.214000Z,q0001,cotton shirt
2026-01-01T00:27:33.357000Z,q0292,green cat toy
2026-01-01T00:27:33.500000Z,q0354,grey smart watch
2026-01-01T00:27:33.643000Z,q0041,yoga mat
2026-01-01T00:27:33.786000Z,q0125,black toy train
2026-01-01T00:27:33.929000Z,q0483,white cutlery set
2026-01-01T00:27:34.071000Z,q0002,linen dress
2026-01-01T00:27:34.214000Z,q0033,cutlery set
2026-01-01T00:27:34.357000Z,q0911,recycled cookbook
2026-01-01T00:27:34.500000Z,q0011,cookbook
2026-01-01T00:27:34.643000Z,q0023,bath towel
2026-01-01T00:27:34.786000Z,q0330,grey work gloves
2026-01-01T00:27:34.929000Z,q0035,glass storage jar
2026-01-01T00:27:35.071000Z,q0012,travel guide
2026-01-01T00:27:35.214000Z,q0039,slippers
2026-01-01T00:27:35.357000Z,q0757,Vela shampoo
2026-01-01T00:27:35.500000Z,q0008,hand cream
2026-01-01T00:27:35.643000Z,q0029,wall shelf
2026-01-01T00:27:35.786000Z,q0044,resistance bands
2026-01-01T00:27:35.929000Z,q0005,rain jacket
2026-01-01T00:27:36.071000Z,q0012,travel guide
2026-01-01T00:27:36.214000Z,q0027,paint brush
2026-01-01T00:27:36.357000Z,q0037,walking boots
2026-01-01T00:27:36.500000Z,q0041,yoga mat
2026-01-01T00:27:36.643000Z,q0031,steel saucepan
2026-01-01T00:27:36.786000Z,q0036,running shoes
2026-01-01T00:27:36.929000Z,q0020,electric toothbrush
2026-01-01T00:27:37.071000Z,q0020,electric toothbrush
2026-01-01T00:27:37.214000Z,q0037,walking boots
2026-01-01T00:27:37.357000Z,q0023,bath towel
2026-01-01T00:27:37.500000Z,q0777,Vela paint brush
2026-01-01T00:27:37.643000Z,q0027,paint brush
2026-01-01T00:27:37.786000Z,q0047,building blocks
2026-01-01T00:27:37.929000Z,q0005,rain jacket
2026-01-01T00:27:38.083000Z,q0579,Alder smart watch
2026-01-01T00:27:38.250000Z,q0414,red slippers
2026-01-01T00:27:38.417000Z,q0009,body wash
2026-01-01T00:27:38.583000Z,q0175,blue throw blanket
2026-01-01T00:27:38.750000Z,q0237,green travel guide
2026-01-01T00:27:38.917000Z,q0010,sunscreen
2026-01-01T00:27:39.083000Z,q0196,blue wooden puzzle
2026-01-01T00:27:39.250000Z,q0013,children storybook
2026-01-01T00:27:39.417000Z,q0390,red crime novel
2026-01-01T00:27:39.583000Z,q0040,leather shoes
2026-01-01T00:27:39.750000Z,q0005,rain jacket
2026-01-01T00:27:39.917000Z,q0010,sunscreen
2026-01-01T00:27:40.083000Z,q0025,throw blanket
2026-01-01T00:27:40.250000Z,q0699,Linden storage basket
2026-01-01T00:27:40.417000Z,q0033,cutlery set
2026-01-01T00:27:40.583000Z,q0007,shampoo
2026-01-01T00:27:40.750000Z,q0006,face moisturiser
2026-01-01T00:27:40.917000Z,q0031,steel saucepan
2026-01-01T00:27:41.083000Z,q0017,first aid kit
2026-01-01T00:27:41.250000Z,q0048,plush bear
2026-01-01T00:27:41.417000Z,q0047,building blocks
2026-01-01T00:27:41.583000Z,q0004,wool jumper
2026-01-01T00:27:41.750000Z,q0030,work gloves
2026-01-01T00:27:41.917000Z,q0016,vitamin tablets
2026-01-01T00:27:42.083000Z,q0026,cordless drill
2026-01-01T00:27:42.250000Z,q0025,throw blanket
2026-01-01T00:27:42.417000Z,q0033,cutlery set
2026-01-01T00:27:42.583000Z,q0041,yoga mat
2026-01-01T00:27:42.750000Z,q0036,running shoes
2026-01-01T00:27:42.917000Z,q0036,running shoes
2026-01-01T00:27:43.083000Z,q0047,building blocks
2026-01-01T00:27:43.250000Z,q0022,cotton bedding
2026-01-01T00:27:43.417000Z,q0014,gardening book
2026-01-01T00:27:43.583000Z,q0041,yoga mat
2026-01-01T00:27:43.750000Z,q0029,wall shelf
2026-01-01T00:27:43.917000Z,q0008,hand cream
2026-01-01T00:27:44.083000Z,q0782,Vela ceramic mug
2026-01-01T00:27:44.250000Z,q0023,bath towel
2026-01-01T00:27:44.417000Z,q0011,cookbook
2026-01-01T00:27:44.583000Z,q0044,resistance bands
2026-01-01T00:27:44.750000Z,q0017,first aid kit
2026-01-01T00:27:44.917000Z,q0497,white building blocks
2026-01-01T00:27:45.083000Z,q0104,black wall shelf
2026-01-01T00:27:45.250000Z,q0367,grey cat toy
2026-01-01T00:27:45.417000Z,q0027,paint brush
2026-01-01T00:27:45.583000Z,q0127,black bluetooth speaker
2026-01-01T00:27:45.750000Z,q0039,slippers
2026-01-01T00:27:45.917000Z,q0387,red travel guide
2026-01-01T00:27:46.083000Z,q1000,archived lunar model 20
2026-01-01T00:27:46.250000Z,q0006,face moisturiser
2026-01-01T00:27:46.417000Z,q0747,Linden ballpoint pens
2026-01-01T00:27:46.583000Z,q0030,work gloves
2026-01-01T00:27:46.750000Z,q0010,sunscreen
2026-01-01T00:27:46.917000Z,q0046,wooden puzzle
2026-01-01T00:27:47.083000Z,q0955,recycled usb c charger
2026-01-01T00:27:47.250000Z,q0207,blue ground coffee
2026-01-01T00:27:47.417000Z,q0022,cotton bedding
2026-01-01T00:27:47.583000Z,q0003,denim jeans
2026-01-01T00:27:47.750000Z,q0008,hand cream
2026-01-01T00:27:47.917000Z,q0020,electric toothbrush
2026-01-01T00:27:48.083000Z,q0024,storage basket
2026-01-01T00:27:48.250000Z,q0023,bath towel
2026-01-01T00:27:48.417000Z,q0048,plush bear
2026-01-01T00:27:48.583000Z,q0397,red cotton bedding
2026-01-01T00:27:48.750000Z,q0002,linen dress
2026-01-01T00:27:48.917000Z,q0026,cordless drill
2026-01-01T00:27:49.083000Z,q0005,rain jacket
2026-01-01T00:27:49.250000Z,q0033,cutlery set
2026-01-01T00:27:49.417000Z,q0288,green plant pot
2026-01-01T00:27:49.583000Z,q0050,toy train
2026-01-01T00:27:49.750000Z,q0045,running shorts
2026-01-01T00:27:49.917000Z,q0278,green tablet
2026-01-01T00:27:50.083000Z,q0738,Linden plant pot
2026-01-01T00:27:50.250000Z,q0046,wooden puzzle
2026-01-01T00:27:50.417000Z,q0001,cotton shirt
2026-01-01T00:27:50.583000Z,q0021,desk lamp
2026-01-01T00:27:50.750000Z,q0818,Vela pet bowl
2026-01-01T00:27:50.917000Z,q0024,storage basket
2026-01-01T00:27:51.083000Z,q0009,body wash
2026-01-01T00:27:51.250000Z,q0034,chopping board
2026-01-01T00:27:51.417000Z,q0059,pasta sauce
2026-01-01T00:27:51.583000Z,q0036,running shoes
2026-01-01T00:27:51.750000Z,q0014,gardening book
2026-01-01T00:27:51.917000Z,q0021,desk lamp
2026-01-01T00:27:52.083000Z,q0870,cotton running shorts
2026-01-01T00:27:52.250000Z,q0031,steel saucepan
2026-01-01T00:27:52.417000Z,q0983,archived lunar model 3
2026-01-01T00:27:52.583000Z,q0696,Linden desk lamp
2026-01-01T00:27:52.750000Z,q0263,green sandals
2026-01-01T00:27:52.917000Z,q0019,heat pad
2026-01-01T00:27:53.083000Z,q0041,yoga mat
2026-01-01T00:27:53.250000Z,q0036,running shoes
2026-01-01T00:27:53.417000Z,q0755,Vela rain jacket
2026-01-01T00:27:53.583000Z,q0411,red running shoes
2026-01-01T00:27:53.750000Z,q0038,sandals
2026-01-01T00:27:53.917000Z,q0037,walking boots
2026-01-01T00:27:54.083000Z,q0034,chopping board
2026-01-01T00:27:54.250000Z,q0003,denim jeans
2026-01-01T00:27:54.417000Z,q0245,green electric toothbrush
2026-01-01T00:27:54.583000Z,q0017,first aid kit
2026-01-01T00:27:54.750000Z,q0995,archived lunar model 15
2026-01-01T00:27:54.917000Z,q0048,plush bear
2026-01-01T00:27:55.100000Z,q0020,electric toothbrush
2026-01-01T00:27:55.300000Z,q0018,sleep mask
2026-01-01T00:27:55.500000Z,q0015,crime novel
2026-01-01T00:27:55.700000Z,q0049,craft kit
2026-01-01T00:27:55.900000Z,q0024,storage basket
2026-01-01T00:27:56.100000Z,q0004,wool jumper
2026-01-01T00:27:56.300000Z,q0784,Vela chopping board
2026-01-01T00:27:56.500000Z,q0762,Vela travel guide
2026-01-01T00:27:56.700000Z,q0048,plush bear
2026-01-01T00:27:56.900000Z,q0006,face moisturiser
2026-01-01T00:27:57.100000Z,q0896,cotton notebook
2026-01-01T00:27:57.300000Z,q0003,denim jeans
2026-01-01T00:27:57.500000Z,q0045,running shorts
2026-01-01T00:27:57.700000Z,q0023,bath towel
2026-01-01T00:27:57.900000Z,q0019,heat pad
2026-01-01T00:27:58.100000Z,q0040,leather shoes
2026-01-01T00:27:58.300000Z,q0873,cotton plush bear
2026-01-01T00:27:58.500000Z,q0823,Vela desk organiser
2026-01-01T00:27:58.700000Z,q0029,wall shelf
2026-01-01T00:27:58.900000Z,q0944,recycled resistance bands
2026-01-01T00:27:59.100000Z,q0003,denim jeans
2026-01-01T00:27:59.300000Z,q0037,walking boots
2026-01-01T00:27:59.500000Z,q0038,sandals
2026-01-01T00:27:59.700000Z,q0050,toy train
2026-01-01T00:27:59.900000Z,q0552,Alder paint brush
2026-01-01T00:28:00.100000Z,q0048,plush bear
2026-01-01T00:28:00.300000Z,q0042,football
2026-01-01T00:28:00.500000Z,q0023,bath towel
2026-01-01T00:28:00.700000Z,q0016,vitamin tablets
2026-01-01T00:28:00.900000Z,q0037,walking boots
2026-01-01T00:28:01.100000Z,q0020,electric toothbrush
2026-01-01T00:28:01.300000Z,q0009,body wash
2026-01-01T00:28:01.500000Z,q0046,wooden puzzle
2026-01-01T00:28:01.700000Z,q0741,Linden dog lead
2026-01-01T00:28:01.900000Z,q0043,water bottle
2026-01-01T00:28:02.100000Z,q0634,Harbour chopping board
2026-01-01T00:28:02.300000Z,q0020,electric toothbrush
2026-01-01T00:28:02.500000Z,q0049,craft kit
2026-01-01T00:28:02.700000Z,q0022,cotton bedding
2026-01-01T00:28:02.900000Z,q0019,heat pad
2026-01-01T00:28:03.100000Z,q0031,steel saucepan
2026-01-01T00:28:03.300000Z,q0045,running shorts
2026-01-01T00:28:03.500000Z,q0006,face moisturiser
2026-01-01T00:28:03.700000Z,q0012,travel guide
2026-01-01T00:28:03.900000Z,q0044,resistance bands
2026-01-01T00:28:04.100000Z,q0033,cutlery set
2026-01-01T00:28:04.300000Z,q0029,wall shelf
2026-01-01T00:28:04.500000Z,q0189,blue slippers
2026-01-01T00:28:04.700000Z,q0462,white travel guide
2026-01-01T00:28:04.900000Z,q0576,Alder wireless headphones
2026-01-01T00:28:05.100000Z,q0452,white linen dress
2026-01-01T00:28:05.300000Z,q0013,children storybook
2026-01-01T00:28:05.500000Z,q0032,ceramic mug
2026-01-01T00:28:05.700000Z,q0018,sleep mask
2026-01-01T00:28:05.900000Z,q0044,resistance bands
2026-01-01T00:28:06.100000Z,q0044,resistance bands
2026-01-01T00:28:06.300000Z,q0018,sleep mask
2026-01-01T00:28:06.500000Z,q0024,storage basket
2026-01-01T00:28:06.700000Z,q0374,grey sketch pad
2026-01-01T00:28:06.900000Z,q0011,cookbook
2026-01-01T00:28:07.100000Z,q0004,wool jumper
2026-01-01T00:28:07.300000Z,q0049,craft kit
2026-01-01T00:28:07.500000Z,q0022,cotton bedding
2026-01-01T00:28:07.700000Z,q0028,tool box
2026-01-01T00:28:07.900000Z,q0028,tool box
2026-01-01T00:28:08.100000Z,q0052,bluetooth speaker
2026-01-01T00:28:08.300000Z,q0030,work gloves
2026-01-01T00:28:08.500000Z,q0296,green notebook
2026-01-01T00:28:08.700000Z,q0023,bath towel
2026-01-01T00:28:08.900000Z,q0009,body wash
2026-01-01T00:28:09.100000Z,q0028,tool box
2026-01-01T00:28:09.300000Z,q0707,Linden ceramic mug
2026-01-01T00:28:09.500000Z,q0001,cotton shirt
2026-01-01T00:28:09.700000Z,q0020,electric toothbrush
2026-01-01T00:28:09.900000Z,q0037,walking boots
2026-01-01T00:28:10.100000Z,q0047,building blocks
2026-01-01T00:28:10.300000Z,q0014,gardening book
2026-01-01T00:28:10.500000Z,q0031,steel saucepan
2026-01-01T00:28:10.700000Z,q0035,glass storage jar
2026-01-01T00:28:10.900000Z,q0006,face moisturiser
2026-01-01T00:28:11.100000Z,q0513,white plant pot
2026-01-01T00:28:11.300000Z,q0005,rain jacket
2026-01-01T00:28:11.500000Z,q0661,Harbour garden gloves
2026-01-01T00:28:11.700000Z,q0004,wool jumper
2026-01-01T00:28:11.900000Z,q0050,toy train
2026-01-01T00:28:12.100000Z,q0636,Harbour running shoes
2026-01-01T00:28:12.300000Z,q0001,cotton shirt
2026-01-01T00:28:12.500000Z,q0037,walking boots
2026-01-01T00:28:12.700000Z,q0045,running shorts
2026-01-01T00:28:12.900000Z,q0466,white vitamin tablets
2026-01-01T00:28:13.100000Z,q0021,desk lamp
2026-01-01T00:28:13.300000Z,q0036,running shoes
2026-01-01T00:28:13.500000Z,q0425,red toy train
2026-01-01T00:28:13.700000Z,q0465,white crime novel
2026-01-01T00:28:13.900000Z,q0003,denim jeans
2026-01-01T00:28:14.100000Z,q0042,football
2026-01-01T00:28:14.300000Z,q0036,running shoes
2026-01-01T00:28:14.500000Z,q0441,red dog lead
2026-01-01T00:28:14.700000Z,q0996,archived lunar model 16
2026-01-01T00:28:14.900000Z,q0040,leather shoes
2026-01-01T00:28:15.100000Z,q0020,electric toothbrush
2026-01-01T00:28:15.300000Z,q0010,sunscreen
2026-01-01T00:28:15.500000Z,q0952,recycled bluetooth speaker
2026-01-01T00:28:15.700000Z,q0008,hand cream
2026-01-01T00:28:15.900000Z,q0045,running shorts
2026-01-01T00:28:16.100000Z,q0013,children storybook
2026-01-01T00:28:16.300000Z,q0035,glass storage jar
2026-01-01T00:28:16.500000Z,q0679,Linden wool jumper
2026-01-01T00:28:16.700000Z,q0934,recycled chopping board
2026-01-01T00:28:16.900000Z,q0034,chopping board
2026-01-01T00:28:17.100000Z,q0038,sandals
2026-01-01T00:28:17.300000Z,q0037,walking boots
2026-01-01T00:28:17.500000Z,q0043,water bottle
2026-01-01T00:28:17.700000Z,q0033,cutlery set
2026-01-01T00:28:17.900000Z,q0011,cookbook
2026-01-01T00:28:18.125000Z,q0024,storage basket
2026-01-01T00:28:18.375000Z,q0015,crime novel
2026-01-01T00:28:18.625000Z,q0050,toy train
2026-01-01T00:28:18.875000Z,q0025,throw blanket
2026-01-01T00:28:19.125000Z,q0761,Vela cookbook
2026-01-01T00:28:19.375000Z,q0038,sandals
2026-01-01T00:28:19.625000Z,q0293,green pet bowl
2026-01-01T00:28:19.875000Z,q0002,linen dress
2026-01-01T00:28:20.125000Z,q0021,desk lamp
2026-01-01T00:28:20.375000Z,q0006,face moisturiser
2026-01-01T00:28:20.625000Z,q0049,craft kit
2026-01-01T00:28:20.875000Z,q0021,desk lamp
2026-01-01T00:28:21.125000Z,q0070,pet blanket
2026-01-01T00:28:21.375000Z,q0019,heat pad
2026-01-01T00:28:21.625000Z,q0022,cotton bedding
2026-01-01T00:28:21.875000Z,q0033,cutlery set
2026-01-01T00:28:22.125000Z,q0908,recycled hand cream
2026-01-01T00:28:22.375000Z,q0003,denim jeans
2026-01-01T00:28:22.625000Z,q0321,grey desk lamp
2026-01-01T00:28:22.875000Z,q0044,resistance bands
2026-01-01T00:28:23.125000Z,q0042,football
2026-01-01T00:28:23.375000Z,q0033,cutlery set
2026-01-01T00:28:23.625000Z,q0002,linen dress
2026-01-01T00:28:23.875000Z,q0090,black crime novel
2026-01-01T00:28:24.125000Z,q0012,travel guide
2026-01-01T00:28:24.375000Z,q0349,grey craft kit
2026-01-01T00:28:24.625000Z,q0040,leather shoes
2026-01-01T00:28:24.875000Z,q0050,toy train
2026-01-01T00:28:25.125000Z,q0037,walking boots
2026-01-01T00:28:25.375000Z,q0378,red denim jeans
2026-01-01T00:28:25.625000Z,q0013,children storybook
2026-01-01T00:28:25.875000Z,q0023,bath towel
2026-01-01T00:28:26.125000Z,q0601,Harbour cotton shirt
2026-01-01T00:28:26.375000Z,q0593,Alder pet bowl
2026-01-01T00:28:26.625000Z,q0020,electric toothbrush
2026-01-01T00:28:26.875000Z,q0034,chopping board
2026-01-01T00:28:27.125000Z,q0030,work gloves
2026-01-01T00:28:27.375000Z,q0042,football
2026-01-01T00:28:27.625000Z,q0044,resistance bands
2026-01-01T00:28:27.875000Z,q0030,work gloves
2026-01-01T00:28:28.125000Z,q0008,hand cream
2026-01-01T00:28:28.375000Z,q0802,Vela bluetooth speaker
2026-01-01T00:28:28.625000Z,q0050,toy train
2026-01-01T00:28:28.875000Z,q0870,cotton running shorts
2026-01-01T00:28:29.125000Z,q0986,archived lunar model 6
2026-01-01T00:28:29.375000Z,q0904,recycled wool jumper
2026-01-01T00:28:29.625000Z,q0032,ceramic mug
2026-01-01T00:28:29.875000Z,q0028,tool box
2026-01-01T00:28:30.125000Z,q0042,football
2026-01-01T00:28:30.375000Z,q0033,cutlery set
2026-01-01T00:28:30.625000Z,q0006,face moisturiser
2026-01-01T00:28:30.875000Z,q0027,paint brush
2026-01-01T00:28:31.125000Z,q0018,sleep mask
2026-01-01T00:28:31.375000Z,q0009,body wash
2026-01-01T00:28:31.625000Z,q0754,Vela wool jumper
2026-01-01T00:28:31.875000Z,q0667,Harbour cat toy
2026-01-01T00:28:32.125000Z,q0554,Alder wall shelf
2026-01-01T00:28:32.375000Z,q0902,recycled linen dress
2026-01-01T00:28:32.625000Z,q0547,Alder cotton bedding
2026-01-01T00:28:32.875000Z,q0016,vitamin tablets
2026-01-01T00:28:33.125000Z,q0035,glass storage jar
2026-01-01T00:28:33.375000Z,q0031,steel saucepan
2026-01-01T00:28:33.625000Z,q0018,sleep mask
2026-01-01T00:28:33.875000Z,q0036,running shoes
2026-01-01T00:28:34.125000Z,q0039,slippers
2026-01-01T00:28:34.375000Z,q0045,running shorts
2026-01-01T00:28:34.625000Z,q0004,wool jumper
2026-01-01T00:28:34.875000Z,q0044,resistance bands
2026-01-01T00:28:35.125000Z,q0011,cookbook
2026-01-01T00:28:35.375000Z,q0026,cordless drill
2026-01-01T00:28:35.625000Z,q0006,face moisturiser
2026-01-01T00:28:35.875000Z,q0020,electric toothbrush
2026-01-01T00:28:36.125000Z,q0897,cotton ballpoint pens
2026-01-01T00:28:36.375000Z,q0001,cotton shirt
2026-01-01T00:28:36.625000Z,q0041,yoga mat
2026-01-01T00:28:36.875000Z,q0006,face moisturiser
2026-01-01T00:28:37.125000Z,q0039,slippers
2026-01-01T00:28:37.375000Z,q0145,black pet blanket
2026-01-01T00:28:37.625000Z,q0095,black electric toothbrush
2026-01-01T00:28:37.875000Z,q0008,hand cream
2026-01-01T00:28:38.125000Z,q0050,toy train
2026-01-01T00:28:38.375000Z,q0149,black sketch pad
2026-01-01T00:28:38.625000Z,q0011,cookbook
2026-01-01T00:28:38.875000Z,q0044,resistance bands
2026-01-01T00:28:39.125000Z,q0031,steel saucepan
2026-01-01T00:28:39.375000Z,q0202,blue bluetooth speaker
2026-01-01T00:28:39.625000Z,q0026,cordless drill
2026-01-01T00:28:39.875000Z,q0020,electric toothbrush
2026-01-01T00:28:40.125000Z,q0403,red tool box
2026-01-01T00:28:40.375000Z,q0612,Harbour travel guide
2026-01-01T00:28:40.625000Z,q0030,work gloves
2026-01-01T00:28:40.875000Z,q0030,work gloves
2026-01-01T00:28:41.125000Z,q0013,children storybook
2026-01-01T00:28:41.375000Z,q0027,paint brush
2026-01-01T00:28:41.625000Z,q0009,body wash
2026-01-01T00:28:41.875000Z,q0027,paint brush
2026-01-01T00:28:42.125000Z,q0020,electric toothbrush
2026-01-01T00:28:42.375000Z,q0018,sleep mask
2026-01-01T00:28:42.625000Z,q0041,yoga mat
2026-01-01T00:28:42.875000Z,q0461,white cookbook
2026-01-01T00:28:43.125000Z,q0033,cutlery set
2026-01-01T00:28:43.375000Z,q0001,cotton shirt
2026-01-01T00:28:43.625000Z,q0031,steel saucepan
2026-01-01T00:28:43.875000Z,q0020,electric toothbrush
2026-01-01T00:28:44.125000Z,q0023,bath towel
2026-01-01T00:28:44.375000Z,q0959,recycled pasta sauce
2026-01-01T00:28:44.625000Z,q0039,slippers
2026-01-01T00:28:44.875000Z,q0018,sleep mask
2026-01-01T00:28:45.125000Z,q0014,gardening book
2026-01-01T00:28:45.375000Z,q0517,white cat toy
2026-01-01T00:28:45.625000Z,q0014,gardening book
2026-01-01T00:28:45.875000Z,q0414,red slippers
2026-01-01T00:28:46.125000Z,q0040,leather shoes
2026-01-01T00:28:46.375000Z,q0021,desk lamp
2026-01-01T00:28:46.625000Z,q0013,children storybook
2026-01-01T00:28:46.875000Z,q0041,yoga mat
2026-01-01T00:28:47.125000Z,q0595,Alder pet blanket
2026-01-01T00:28:47.375000Z,q0026,cordless drill
2026-01-01T00:28:47.625000Z,q0741,Linden dog lead
2026-01-01T00:28:47.875000Z,q0030,work gloves
2026-01-01T00:28:48.125000Z,q0193,blue water bottle
2026-01-01T00:28:48.375000Z,q0928,recycled tool box
2026-01-01T00:28:48.625000Z,q0037,walking boots
2026-01-01T00:28:48.875000Z,q0033,cutlery set
2026-01-01T00:28:49.125000Z,q0016,vitamin tablets
2026-01-01T00:28:49.375000Z,q0030,work gloves
2026-01-01T00:28:49.625000Z,q0045,running shorts
2026-01-01T00:28:49.875000Z,q0048,plush bear
2026-01-01T00:28:50.125000Z,q0045,running shorts
2026-01-01T00:28:50.375000Z,q0041,yoga mat
2026-01-01T00:28:50.625000Z,q0048,plush bear
2026-01-01T00:28:50.875000Z,q0044,resistance bands
2026-01-01T00:28:51.125000Z,q0706,Linden steel saucepan
2026-01-01T00:28:51.375000Z,q0035,glass storage jar
2026-01-01T00:28:51.625000Z,q0889,cotton pruning shears
2026-01-01T00:28:51.875000Z,q0035,glass storage jar
2026-01-01T00:28:52.125000Z,q0017,first aid kit
2026-01-01T00:28:52.375000Z,q0192,blue football
2026-01-01T00:28:52.625000Z,q0457,white shampoo
2026-01-01T00:28:52.875000Z,q0040,leather shoes
2026-01-01T00:28:53.125000Z,q0906,recycled face moisturiser
2026-01-01T00:28:53.375000Z,q0002,linen dress
2026-01-01T00:28:53.625000Z,q0117,black football
2026-01-01T00:28:53.875000Z,q0042,football
2026-01-01T00:28:54.125000Z,q0001,cotton shirt
2026-01-01T00:28:54.375000Z,q0490,white leather shoes
2026-01-01T00:28:54.625000Z,q0022,cotton bedding
2026-01-01T00:28:54.875000Z,q0018,sleep mask
2026-01-01T00:28:55.125000Z,q0363,grey plant pot
2026-01-01T00:28:55.375000Z,q0619,Harbour heat pad
2026-01-01T00:28:55.625000Z,q0011,cookbook
2026-01-01T00:28:55.875000Z,q0026,cordless drill
2026-01-01T00:28:56.125000Z,q0277,green bluetooth speaker
2026-01-01T00:28:56.375000Z,q0010,sunscreen
2026-01-01T00:28:56.625000Z,q0007,shampoo
2026-01-01T00:28:56.875000Z,q0353,grey tablet
2026-01-01T00:28:57.125000Z,q0002,linen dress
2026-01-01T00:28:57.375000Z,q0034,chopping board
2026-01-01T00:28:57.625000Z,q0585,Alder olive oil
2026-01-01T00:28:57.875000Z,q0028,tool box
2026-01-01T00:28:58.125000Z,q0038,sandals
2026-01-01T00:28:58.375000Z,q0001,cotton shirt
2026-01-01T00:28:58.625000Z,q0007,shampoo
2026-01-01T00:28:58.875000Z,q0034,chopping board
2026-01-01T00:28:59.125000Z,q0018,sleep mask
2026-01-01T00:28:59.375000Z,q0049,craft kit
2026-01-01T00:28:59.625000Z,q0047,building blocks
2026-01-01T00:28:59.875000Z,q0015,crime novel
2026-01-01T00:29:00.125000Z,q0034,chopping board
2026-01-01T00:29:00.375000Z,q0092,black first aid kit
2026-01-01T00:29:00.625000Z,q0020,electric toothbrush
2026-01-01T00:29:00.875000Z,q0027,paint brush
2026-01-01T00:29:01.125000Z,q0016,vitamin tablets
2026-01-01T00:29:01.375000Z,q0049,craft kit
2026-01-01T00:29:01.625000Z,q0015,crime novel
2026-01-01T00:29:01.875000Z,q0314,grey gardening book
2026-01-01T00:29:02.125000Z,q0031,steel saucepan
2026-01-01T00:29:02.375000Z,q0027,paint brush
2026-01-01T00:29:02.625000Z,q0342,grey football
2026-01-01T00:29:02.875000Z,q0011,cookbook
2026-01-01T00:29:03.125000Z,q0043,water bottle
2026-01-01T00:29:03.375000Z,q0006,face moisturiser
2026-01-01T00:29:03.625000Z,q0034,chopping board
2026-01-01T00:29:03.875000Z,q0008,hand cream
2026-01-01T00:29:04.125000Z,q0049,craft kit
2026-01-01T00:29:04.375000Z,q0034,chopping board
2026-01-01T00:29:04.625000Z,q0027,paint brush
2026-01-01T00:29:04.875000Z,q0041,yoga mat
2026-01-01T00:29:05.125000Z,q0035,glass storage jar
2026-01-01T00:29:05.375000Z,q0039,slippers
2026-01-01T00:29:05.625000Z,q0013,children storybook
2026-01-01T00:29:05.875000Z,q0008,hand cream
2026-01-01T00:29:06.125000Z,q0030,work gloves
2026-01-01T00:29:06.375000Z,q0016,vitamin tablets
2026-01-01T00:29:06.625000Z,q0026,cordless drill
2026-01-01T00:29:06.875000Z,q0558,Alder cutlery set
2026-01-01T00:29:07.125000Z,q0035,glass storage jar
2026-01-01T00:29:07.375000Z,q0016,vitamin tablets
2026-01-01T00:29:07.625000Z,q0050,toy train
2026-01-01T00:29:07.875000Z,q0934,recycled chopping board
2026-01-01T00:29:08.125000Z,q0011,cookbook
2026-01-01T00:29:08.375000Z,q0022,cotton bedding
2026-01-01T00:29:08.625000Z,q0007,shampoo
2026-01-01T00:29:08.875000Z,q0018,sleep mask
2026-01-01T00:29:09.125000Z,q0251,green cordless drill
2026-01-01T00:29:09.375000Z,q0018,sleep mask
2026-01-01T00:29:09.625000Z,q0020,electric toothbrush
2026-01-01T00:29:09.875000Z,q0114,black slippers
2026-01-01T00:29:10.125000Z,q0045,running shorts
2026-01-01T00:29:10.375000Z,q0011,cookbook
2026-01-01T00:29:10.625000Z,q0020,electric toothbrush
2026-01-01T00:29:10.875000Z,q0016,vitamin tablets
2026-01-01T00:29:11.125000Z,q0042,football
2026-01-01T00:29:11.375000Z,q0882,cotton ground coffee
2026-01-01T00:29:11.625000Z,q0157,blue shampoo
2026-01-01T00:29:11.875000Z,q0030,work gloves
2026-01-01T00:29:12.125000Z,q0045,running shorts
2026-01-01T00:29:12.375000Z,q0829,cotton wool jumper
2026-01-01T00:29:12.625000Z,q0015,crime novel
2026-01-01T00:29:12.875000Z,q0028,tool box
2026-01-01T00:29:13.100000Z,q0042,football
2026-01-01T00:29:13.300000Z,q0046,wooden puzzle
2026-01-01T00:29:13.500000Z,q0002,linen dress
2026-01-01T00:29:13.700000Z,q0020,electric toothbrush
2026-01-01T00:29:13.900000Z,q0027,paint brush
2026-01-01T00:29:14.100000Z,q0018,sleep mask
2026-01-01T00:29:14.300000Z,q0986,archived lunar model 6
2026-01-01T00:29:14.500000Z,q0581,Alder breakfast oats
2026-01-01T00:29:14.700000Z,q0012,travel guide
2026-01-01T00:29:14.900000Z,q0748,Linden desk organiser
2026-01-01T00:29:15.100000Z,q0734,Linden pasta sauce
2026-01-01T00:29:15.300000Z,q0002,linen dress
2026-01-01T00:29:15.500000Z,q0017,first aid kit
2026-01-01T00:29:15.700000Z,q0597,Alder ballpoint pens
2026-01-01T00:29:15.900000Z,q0677,Linden linen dress
2026-01-01T00:29:16.100000Z,q0031,steel saucepan
2026-01-01T00:29:16.300000Z,q0046,wooden puzzle
2026-01-01T00:29:16.500000Z,q0020,electric toothbrush
2026-01-01T00:29:16.700000Z,q0035,glass storage jar
2026-01-01T00:29:16.900000Z,q0009,body wash
2026-01-01T00:29:17.100000Z,q0048,plush bear
2026-01-01T00:29:17.300000Z,q0010,sunscreen
2026-01-01T00:29:17.500000Z,q0005,rain jacket
2026-01-01T00:29:17.700000Z,q0007,shampoo
2026-01-01T00:29:17.900000Z,q0015,crime novel
2026-01-01T00:29:18.100000Z,q0006,face moisturiser
2026-01-01T00:29:18.300000Z,q0001,cotton shirt
2026-01-01T00:29:18.500000Z,q0017,first aid kit
2026-01-01T00:29:18.700000Z,q0428,red tablet
2026-01-01T00:29:18.900000Z,q0378,red denim jeans
2026-01-01T00:29:19.100000Z,q0298,green desk organiser
2026-01-01T00:29:19.300000Z,q0020,electric toothbrush
2026-01-01T00:29:19.500000Z,q0045,running shorts
2026-01-01T00:29:19.700000Z,q0748,Linden desk organiser
2026-01-01T00:29:19.900000Z,q0045,running shorts
2026-01-01T00:29:20.100000Z,q0042,football
2026-01-01T00:29:20.300000Z,q0011,cookbook
2026-01-01T00:29:20.500000Z,q0892,cotton cat toy
2026-01-01T00:29:20.700000Z,q0017,first aid kit
2026-01-01T00:29:20.900000Z,q0029,wall shelf
2026-01-01T00:29:21.100000Z,q0032,ceramic mug
2026-01-01T00:29:21.300000Z,q0018,sleep mask
2026-01-01T00:29:21.500000Z,q0030,work gloves
2026-01-01T00:29:21.700000Z,q0508,white herbal tea
2026-01-01T00:29:21.900000Z,q0044,resistance bands
2026-01-01T00:29:22.100000Z,q0015,crime novel
2026-01-01T00:29:22.300000Z,q0235,green sunscreen
2026-01-01T00:29:22.500000Z,q0845,cotton electric toothbrush
2026-01-01T00:29:22.700000Z,q0027,paint brush
2026-01-01T00:29:22.900000Z,q0040,leather shoes
2026-01-01T00:29:23.100000Z,q0008,hand cream
2026-01-01T00:29:23.300000Z,q0659,Harbour pasta sauce
2026-01-01T00:29:23.500000Z,q0040,leather shoes
2026-01-01T00:29:23.700000Z,q0021,desk lamp
2026-01-01T00:29:23.900000Z,q0043,water bottle
2026-01-01T00:29:24.100000Z,q0024,storage basket
2026-01-01T00:29:24.300000Z,q0039,slippers
2026-01-01T00:29:24.500000Z,q0049,craft kit
2026-01-01T00:29:24.700000Z,q0023,bath towel
2026-01-01T00:29:24.900000Z,q0036,running shoes
2026-01-01T00:29:25.100000Z,q0167,blue first aid kit
2026-01-01T00:29:25.300000Z,q0002,linen dress
2026-01-01T00:29:25.500000Z,q0515,white solar lights
2026-01-01T00:29:25.700000Z,q0968,recycled pet bowl
2026-01-01T00:29:25.900000Z,q0211,blue garden gloves
2026-01-01T00:29:26.100000Z,q0010,sunscreen
2026-01-01T00:29:26.300000Z,q0014,gardening book
2026-01-01T00:29:26.500000Z,q0048,plush bear
2026-01-01T00:29:26.700000Z,q0048,plush bear
2026-01-01T00:29:26.900000Z,q0696,Linden desk lamp
2026-01-01T00:29:27.100000Z,q0014,gardening book
2026-01-01T00:29:27.300000Z,q0017,first aid kit
2026-01-01T00:29:27.500000Z,q0191,blue yoga mat
2026-01-01T00:29:27.700000Z,q0039,slippers
2026-01-01T00:29:27.900000Z,q0041,yoga mat
2026-01-01T00:29:28.100000Z,q0022,cotton bedding
2026-01-01T00:29:28.300000Z,q0005,rain jacket
2026-01-01T00:29:28.500000Z,q0017,first aid kit
2026-01-01T00:29:28.700000Z,q0041,yoga mat
2026-01-01T00:29:28.900000Z,q0465,white crime novel
2026-01-01T00:29:29.100000Z,q0047,building blocks
2026-01-01T00:29:29.300000Z,q0003,denim jeans
2026-01-01T00:29:29.500000Z,q0018,sleep mask
2026-01-01T00:29:29.700000Z,q0046,wooden puzzle
2026-01-01T00:29:29.900000Z,q0007,shampoo
2026-01-01T00:29:30.100000Z,q0002,linen dress
2026-01-01T00:29:30.300000Z,q0008,hand cream
2026-01-01T00:29:30.500000Z,q0015,crime novel
2026-01-01T00:29:30.700000Z,q0414,red slippers
2026-01-01T00:29:30.900000Z,q0732,Linden ground coffee
2026-01-01T00:29:31.100000Z,q0011,cookbook
2026-01-01T00:29:31.300000Z,q0045,running shorts
2026-01-01T00:29:31.500000Z,q0001,cotton shirt
2026-01-01T00:29:31.700000Z,q0539,Alder gardening book
2026-01-01T00:29:31.900000Z,q0010,sunscreen
2026-01-01T00:29:32.100000Z,q0041,yoga mat
2026-01-01T00:29:32.300000Z,q0432,red ground coffee
2026-01-01T00:29:32.500000Z,q0035,glass storage jar
2026-01-01T00:29:32.700000Z,q0024,storage basket
2026-01-01T00:29:32.900000Z,q0021,desk lamp
2026-01-01T00:29:33.100000Z,q0607,Harbour shampoo
2026-01-01T00:29:33.300000Z,q0008,hand cream
2026-01-01T00:29:33.500000Z,q0033,cutlery set
2026-01-01T00:29:33.700000Z,q0012,travel guide
2026-01-01T00:29:33.900000Z,q0005,rain jacket
2026-01-01T00:29:34.100000Z,q0248,green bath towel
2026-01-01T00:29:34.300000Z,q0006,face moisturiser
2026-01-01T00:29:34.500000Z,q0011,cookbook
2026-01-01T00:29:34.700000Z,q0023,bath towel
2026-01-01T00:29:34.900000Z,q0049,craft kit
2026-01-01T00:29:35.100000Z,q0007,shampoo
2026-01-01T00:29:35.300000Z,q0033,cutlery set
2026-01-01T00:29:35.500000Z,q0026,cordless drill
2026-01-01T00:29:35.700000Z,q0023,bath towel
2026-01-01T00:29:35.900000Z,q0034,chopping board
2026-01-01T00:29:36.083000Z,q0038,sandals
2026-01-01T00:29:36.250000Z,q0048,plush bear
2026-01-01T00:29:36.417000Z,q0035,glass storage jar
2026-01-01T00:29:36.583000Z,q0997,archived lunar model 17
2026-01-01T00:29:36.750000Z,q0350,grey toy train
2026-01-01T00:29:36.917000Z,q0025,throw blanket
2026-01-01T00:29:37.083000Z,q0801,Vela wireless headphones
2026-01-01T00:29:37.250000Z,q0387,red travel guide
2026-01-01T00:29:37.417000Z,q0043,water bottle
2026-01-01T00:29:37.583000Z,q0015,crime novel
2026-01-01T00:29:37.750000Z,q0018,sleep mask
2026-01-01T00:29:37.917000Z,q0007,shampoo
2026-01-01T00:29:38.083000Z,q0003,denim jeans
2026-01-01T00:29:38.250000Z,q0026,cordless drill
2026-01-01T00:29:38.417000Z,q0028,tool box
2026-01-01T00:29:38.583000Z,q0031,steel saucepan
2026-01-01T00:29:38.750000Z,q0014,gardening book
2026-01-01T00:29:38.917000Z,q0010,sunscreen
2026-01-01T00:29:39.083000Z,q0810,Vela olive oil
2026-01-01T00:29:39.250000Z,q0049,craft kit
2026-01-01T00:29:39.417000Z,q0007,shampoo
2026-01-01T00:29:39.583000Z,q0936,recycled running shoes
2026-01-01T00:29:39.750000Z,q0660,Harbour olive oil
2026-01-01T00:29:39.917000Z,q0007,shampoo
2026-01-01T00:29:40.083000Z,q0825,Vela sticky notes
2026-01-01T00:29:40.250000Z,q0911,recycled cookbook
2026-01-01T00:29:40.417000Z,q0046,wooden puzzle
2026-01-01T00:29:40.583000Z,q0008,hand cream
2026-01-01T00:29:40.750000Z,q0008,hand cream
2026-01-01T00:29:40.917000Z,q0010,sunscreen
2026-01-01T00:29:41.083000Z,q0181,blue steel saucepan
2026-01-01T00:29:41.250000Z,q0042,football
2026-01-01T00:29:41.417000Z,q0034,chopping board
2026-01-01T00:29:41.583000Z,q0005,rain jacket
2026-01-01T00:29:41.750000Z,q0915,recycled crime novel
2026-01-01T00:29:41.917000Z,q0032,ceramic mug
2026-01-01T00:29:42.083000Z,q0046,wooden puzzle
2026-01-01T00:29:42.250000Z,q0014,gardening book
2026-01-01T00:29:42.417000Z,q0048,plush bear
2026-01-01T00:29:42.583000Z,q0015,crime novel
2026-01-01T00:29:42.750000Z,q0670,Harbour pet blanket
2026-01-01T00:29:42.917000Z,q0017,first aid kit
2026-01-01T00:29:43.083000Z,q0009,body wash
2026-01-01T00:29:43.250000Z,q0030,work gloves
2026-01-01T00:29:43.417000Z,q0031,steel saucepan
2026-01-01T00:29:43.583000Z,q0046,wooden puzzle
2026-01-01T00:29:43.750000Z,q0010,sunscreen
2026-01-01T00:29:43.917000Z,q0050,toy train
2026-01-01T00:29:44.083000Z,q0026,cordless drill
2026-01-01T00:29:44.250000Z,q0013,children storybook
2026-01-01T00:29:44.417000Z,q0174,blue storage basket
2026-01-01T00:29:44.583000Z,q0006,face moisturiser
2026-01-01T00:29:44.750000Z,q0008,hand cream
2026-01-01T00:29:44.917000Z,q0041,yoga mat
2026-01-01T00:29:45.083000Z,q0028,tool box
2026-01-01T00:29:45.250000Z,q0263,green sandals
2026-01-01T00:29:45.417000Z,q0639,Harbour slippers
2026-01-01T00:29:45.583000Z,q0019,heat pad
2026-01-01T00:29:45.750000Z,q0268,green water bottle
2026-01-01T00:29:45.917000Z,q0030,work gloves
2026-01-01T00:29:46.083000Z,q0037,walking boots
2026-01-01T00:29:46.250000Z,q0008,hand cream
2026-01-01T00:29:46.417000Z,q0039,slippers
2026-01-01T00:29:46.583000Z,q0017,first aid kit
2026-01-01T00:29:46.750000Z,q0022,cotton bedding
2026-01-01T00:29:46.917000Z,q0921,recycled desk lamp
2026-01-01T00:29:47.083000Z,q0065,solar lights
2026-01-01T00:29:47.250000Z,q0506,white breakfast oats
2026-01-01T00:29:47.417000Z,q0070,pet blanket
2026-01-01T00:29:47.583000Z,q0038,sandals
2026-01-01T00:29:47.750000Z,q0021,desk lamp
2026-01-01T00:29:47.917000Z,q0015,crime novel
2026-01-01T00:29:48.083000Z,q0038,sandals
2026-01-01T00:29:48.250000Z,q0104,black wall shelf
2026-01-01T00:29:48.417000Z,q0852,cotton paint brush
2026-01-01T00:29:48.583000Z,q0355,grey usb c charger
2026-01-01T00:29:48.750000Z,q0039,slippers
2026-01-01T00:29:48.917000Z,q0002,linen dress
2026-01-01T00:29:49.083000Z,q0036,running shoes
2026-01-01T00:29:49.250000Z,q0363,grey plant pot
2026-01-01T00:29:49.417000Z,q0015,crime novel
2026-01-01T00:29:49.583000Z,q0467,white first aid kit
2026-01-01T00:29:49.750000Z,q0009,body wash
2026-01-01T00:29:49.917000Z,q0798,Vela plush bear
2026-01-01T00:29:50.083000Z,q0035,glass storage jar
2026-01-01T00:29:50.250000Z,q0604,Harbour wool jumper
2026-01-01T00:29:50.417000Z,q0043,water bottle
2026-01-01T00:29:50.583000Z,q0034,chopping board
2026-01-01T00:29:50.750000Z,q0008,hand cream
2026-01-01T00:29:50.917000Z,q0004,wool jumper
2026-01-01T00:29:51.083000Z,q0296,green notebook
2026-01-01T00:29:51.250000Z,q0020,electric toothbrush
2026-01-01T00:29:51.417000Z,q0374,grey sketch pad
2026-01-01T00:29:51.583000Z,q0046,wooden puzzle
2026-01-01T00:29:51.750000Z,q0016,vitamin tablets
2026-01-01T00:29:51.917000Z,q0024,storage basket
2026-01-01T00:29:52.083000Z,q0050,toy train
2026-01-01T00:29:52.250000Z,q0024,storage basket
2026-01-01T00:29:52.417000Z,q0013,children storybook
2026-01-01T00:29:52.583000Z,q0028,tool box
2026-01-01T00:29:52.750000Z,q0771,Vela desk lamp
2026-01-01T00:29:52.917000Z,q0026,cordless drill
2026-01-01T00:29:53.071000Z,q0017,first aid kit
2026-01-01T00:29:53.214000Z,q0270,green running shorts
2026-01-01T00:29:53.357000Z,q0003,denim jeans
2026-01-01T00:29:53.500000Z,q0011,cookbook
2026-01-01T00:29:53.643000Z,q0755,Vela rain jacket
2026-01-01T00:29:53.786000Z,q0050,toy train
2026-01-01T00:29:53.929000Z,q0713,Linden sandals
2026-01-01T00:29:54.071000Z,q0033,cutlery set
2026-01-01T00:29:54.214000Z,q0374,grey sketch pad
2026-01-01T00:29:54.357000Z,q0043,water bottle
2026-01-01T00:29:54.500000Z,q0766,Vela vitamin tablets
2026-01-01T00:29:54.643000Z,q0031,steel saucepan
2026-01-01T00:29:54.786000Z,q0374,grey sketch pad
2026-01-01T00:29:54.929000Z,q0986,archived lunar model 6
2026-01-01T00:29:55.071000Z,q0018,sleep mask
2026-01-01T00:29:55.214000Z,q0703,Linden tool box
2026-01-01T00:29:55.357000Z,q0035,glass storage jar
2026-01-01T00:29:55.500000Z,q0003,denim jeans
2026-01-01T00:29:55.643000Z,q0727,Linden bluetooth speaker
2026-01-01T00:29:55.786000Z,q0009,body wash
2026-01-01T00:29:55.929000Z,q0988,archived lunar model 8
2026-01-01T00:29:56.071000Z,q0643,Harbour water bottle
2026-01-01T00:29:56.214000Z,q0008,hand cream
2026-01-01T00:29:56.357000Z,q0022,cotton bedding
2026-01-01T00:29:56.500000Z,q0025,throw blanket
2026-01-01T00:29:56.643000Z,q0014,gardening book
2026-01-01T00:29:56.786000Z,q0025,throw blanket
2026-01-01T00:29:56.929000Z,q0781,Vela steel saucepan
2026-01-01T00:29:57.071000Z,q0005,rain jacket
2026-01-01T00:29:57.214000Z,q0798,Vela plush bear
2026-01-01T00:29:57.357000Z,q0787,Vela walking boots
2026-01-01T00:29:57.500000Z,q0006,face moisturiser
2026-01-01T00:29:57.643000Z,q0031,steel saucepan
2026-01-01T00:29:57.786000Z,q0019,heat pad
2026-01-01T00:29:57.929000Z,q0048,plush bear
2026-01-01T00:29:58.071000Z,q0033,cutlery set
2026-01-01T00:29:58.214000Z,q0022,cotton bedding
2026-01-01T00:29:58.357000Z,q0523,white desk organiser
2026-01-01T00:29:58.500000Z,q0037,walking boots
2026-01-01T00:29:58.643000Z,q0035,glass storage jar
2026-01-01T00:29:58.786000Z,q0036,running shoes
2026-01-01T00:29:58.929000Z,q0048,plush bear
2026-01-01T00:29:59.071000Z,q0127,black bluetooth speaker
2026-01-01T00:29:59.214000Z,q0012,travel guide
2026-01-01T00:29:59.357000Z,q0022,cotton bedding
2026-01-01T00:29:59.500000Z,q0034,chopping board
2026-01-01T00:29:59.643000Z,q0019,heat pad
2026-01-01T00:29:59.786000Z,q0021,desk lamp
2026-01-01T00:29:59.929000Z,q0030,work gloves
